customer_id,age,city,customer_segment,product_category,order_count,average_order_value,total_spend,discount_percentage,days_since_last_order,website_visits,support_tickets,return_count,payment_type,customer_tenure_days
1,58.0, Chennai ,Premium,sports,18.0,12622.15,227198.7,6.98,53,174,17,2,Cash,894
2,20.0,Chennai,premium,Clothing,15.0,25515.09,382726.35,1.33,102,184,20,13,Debit Card,949
3,55.0,delhi,Premium,Books,11.0,35057.9,385636.9,17.01,80,56,10,1,credit card,808
4,24.0,bangalore,REGULAR,furniture,17.0,40452.85,687698.45,36.49,275,32,12,2,net banking,630
5,58.0,bangalore,Inactive,Clothing,46.0,3942.98,181377.08,33.06,149,21,7,6,upi,599
6,47.0,bangalore,PREMIUM,Groceries,23.0,10870.6,250023.8,13.35,350,166,2,19,cash,380
7,52.0,Delhi,PREMIUM,GROCERIES,25.0,13862.42,346560.5,46.27,353,143,7,21,UPI,1756
8,67.0,chennai,Regular,books,3.0,40349.77,121049.31,20.06,34,55,18,2,Debit Card,1372
9,,BANGALORE,inactive,GROCERIES,10.0,13611.57,136115.7,12.33,288,138,8,9,upi,1225
10,43.0,bangalore,Regular,ELECTRONICS,33.0,24929.03,822657.99,37.79,57,40,20,10,cash,894
11,56.0,CHENNAI,New,groceries,39.0,49808.01,1942512.39,26.46,284,3,3,34,debit card,1604
12,59.0,Bangalore,premium,clothing,28.0,8328.81,233206.68,0.16,135,129,5,16,credit card,1812
13,58.0,DELHI,inactive,Furniture,39.0,10346.1,403497.9,18.7,83,139,16,0,Cash,693
14,49.0,Chennai,premium,Groceries,20.0,12352.89,247057.8,12.04,291,21,2,15,credit card,1587
15,52.0,Mumbai,PREMIUM,Sports,31.0,47369.01,1468439.31,8.26,271,156,13,13,net banking,1576
16,64.0,,regular,groceries,43.0,32668.96,1404765.28,21.91,265,116,3,15,Debit Card,161
17,39.0,Chennai,Inactive,Furniture,15.0,29627.79,444416.85,0.36,363,162,1,7,credit card,94
18,39.0,CHENNAI,NEW,Clothing,18.0,33614.4,605059.2,10.71,68,186,18,18,Net Banking,527
19,68.0,Kolkata,New,Clothing,7.0,5298.08,37086.56,21.55,217,106,14,0,cash,1368
20,59.0, Chennai ,Premium,groceries,47.0,17295.48,812887.56,150.0,128,50,6,34,Net Banking,317
21,45.0,mumbai,regular,GROCERIES,16.0,43787.05,700592.8,3.77,282,26,1,0,credit card,1573
22,33.0,mumbai,New,GROCERIES,31.0,11080.49,343495.19,20.05,31,43,12,0,upi,573
23,68.0,hyderabad,regular,groceries,45.0,47887.22,2154924.9,49.77,285,170,15,9,Debit Card,637
24,31.0,chennai,Inactive,sports,35.0,,123109.0,15.68,26,150,15,32,net banking,352
25,21.0,kolkata,premium,books,12.0,3891.81,46701.72,3.4,121,104,3,9,Debit Card,1215
26,56.0,chennai,Inactive,electronics,27.0,33039.97,892079.19,28.26,162,67,6,21,UPI,518
27,34.0,BANGALORE,PREMIUM,Sports,42.0,15349.86,644694.12,15.81,38,3,14,39,Cash,234
28,22.0,Pune,Regular,Furniture,17.0,7056.6,119962.2,17.45,36,63,11,9,CREDIT CARD,927
29,52.0,DELHI,Inactive,Books,42.0,26682.56,1120667.52,33.39,284,77,3,8,debit card,266
30,24.0,Pune,PREMIUM,clothing,19.0,30439.08,578342.52,35.88,105,176,20,8,net banking,1030
31,34.0,chennai,premium,Sports,28.0,41552.73,1163476.44,2.2,171,198,4,20,debit card,360
32,65.0,hyderabad,NEW,sports,28.0,28264.89,791416.92,5.59,354,39,17,1,UPI,1222
33,53.0,Mumbai,New,ELECTRONICS,3.0,15758.79,47276.37,44.95,21,92,6,1,cash,240
34,,Pune,New,furniture,48.0,8150.39,391218.72,46.49,84,46,13,1,CREDIT CARD,1538
35,39.0,Hyderabad,inactive,books,48.0,40632.09,1950340.32,13.34,360,28,12,2,Net Banking,485
36,30.0,hyderabad,REGULAR,clothing,15.0,11534.72,173020.8,33.0,205,85,8,2,debit card,749
37,59.0,kolkata,New,Sports,35.0,16891.92,591217.2,1.38,134,46,18,16,Credit Card,252
38,56.0,Hyderabad,REGULAR,sports,21.0,22101.5,464131.5,49.21,60,99,18,6,debit card,120
39,63.0,Hyderabad,Premium,Furniture,35.0,34499.43,1207480.05,47.01,344,51,11,27,credit card,1390
40,39.0,Bangalore,inactive,books,8.0,36127.84,289022.72,15.02,159,171,13,5,upi,1457
41,36.0,Pune,PREMIUM,Clothing,27.0,33414.01,902178.27,150.0,90,158,18,9,upi,1152
42,18.0,DELHI,regular,Clothing,28.0,39395.06,1103061.68,30.33,165,120,14,14,cash,467
43,50.0,Kolkata,PREMIUM,Sports,6.0,14547.43,87284.58,33.19,318,86,2,6,Debit Card,1407
44,37.0,Delhi,Regular,ELECTRONICS,2.0,2787.58,5575.16,49.2,313,197,2,1,upi,1319
45,54.0,MUMBAI,New,GROCERIES,26.0,12577.23,327007.98,32.8,3,193,3,24,upi,478
46,29.0,kolkata,new,Electronics,36.0,12835.31,462071.16,42.42,234,35,14,33,net banking,1249
47,38.0,hyderabad,Inactive,books,47.0,44655.0,2098785.0,21.34,281,115,5,47,Net Banking,951
48,34.0,Delhi,inactive,clothing,50.0,38994.9,1949745.0,24.23,123,71,14,4,debit card,510
49,35.0,Bangalore,REGULAR,Furniture,6.0,7349.52,44097.12,11.56,356,40,6,0,upi,864
50,39.0,Pune,new,groceries,4.0,10738.3,42953.2,21.01,300,179,0,4,upi,1006
51,18.0,bangalore,regular,Books,25.0,42745.67,1068641.75,47.67,215,138,17,25,Cash,481
52,49.0,Delhi,regular,groceries,32.0,1936.73,61975.36,16.81,348,104,5,29,CREDIT CARD,1304
53,52.0,Chennai,New,furniture,37.0,33318.49,1232784.13,4.2,220,35,14,11,Credit Card,562
54,42.0,Bangalore,Regular,GROCERIES,21.0,17206.28,361331.88,43.98,143,193,13,8,credit card,993
55,19.0,Pune,Premium,Groceries,15.0,32682.13,490231.95,39.06,334,11,0,7,Debit Card,1748
56,19.0,Mumbai,Regular,ELECTRONICS,31.0,33638.21,1042784.51,28.2,112,120,8,23,CREDIT CARD,1270
57,56.0, Chennai ,PREMIUM,clothing,7.0,29144.89,204014.23,46.44,295,174,12,6,Debit Card,185
58,55.0,Delhi,premium,sports,50.0,15428.34,771417.0,34.21,62,145,1,22,net banking,907
59,60.0,bangalore,premium,Furniture,42.0,17390.94,730419.48,42.48,251,28,13,23,cash,1727
60,47.0,Mumbai,New,ELECTRONICS,47.0,26326.46,1237343.62,150.0,316,138,15,29,upi,1721
61,64.0,pune,regular,Groceries,16.0,41621.19,665939.04,4.33,231,63,14,12,UPI,88
62,49.0,Bangalore,PREMIUM,GROCERIES,14.0,18063.84,252893.76,12.92,144,153,8,8,Credit Card,1088
63,30.0,CHENNAI,Regular,sports,27.0,24684.6,666484.2,37.91,354,122,20,22,Net Banking,947
64,68.0,Chennai,premium,clothing,15.0,20517.86,307767.9,12.17,340,149,11,15,net banking,1117
65,40.0,Hyderabad,NEW,Groceries,23.0,35291.32,811700.36,13.55,129,60,3,23,Debit Card,676
66,25.0,Pune,PREMIUM,Clothing,14.0,37060.93,518853.02,13.82,302,195,16,9,debit card,235
67,30.0,DELHI,Regular,Groceries,12.0,15462.25,185547.0,35.4,65,71,1,0,net banking,628
68,62.0,Mumbai,inactive,books,49.0,24798.5,1215126.5,43.64,294,73,15,30,Net Banking,727
69,29.0,chennai,regular,books,31.0,6147.31,190566.61,3.27,252,19,18,3,CREDIT CARD,335
70,69.0,pune,regular,electronics,16.0,6363.35,101813.6,38.22,311,153,19,7,net banking,809
71,46.0,hyderabad,regular,books,38.0,49506.55,1881248.9,15.27,318,16,19,6,Debit Card,1311
72,31.0,delhi,inactive,electronics,11.0,12373.33,136106.63,27.6,81,1,13,7,Cash,992
73,36.0,chennai,Regular,clothing,46.0,14494.56,666749.76,42.98,37,176,7,16,cash,1237
74,60.0,MUMBAI,New,electronics,35.0,11628.07,406982.45,7.45,137,37,2,3,CREDIT CARD,1653
75,37.0,pune,regular,GROCERIES,8.0,23700.55,189604.4,15.2,207,70,16,8,Net Banking,926
76,23.0,chennai,New,sports,21.0,30383.83,638060.43,1.29,118,173,18,18,Credit Card,1596
77,61.0,delhi,Inactive,Electronics,49.0,37935.31,1858830.19,23.53,334,114,8,11,Cash,922
78,58.0,Kolkata,premium,GROCERIES,23.0,20713.23,476404.29,16.05,54,42,10,13,Net Banking,620
79,60.0,BANGALORE,NEW,Electronics,30.0,4858.96,145768.8,12.62,60,198,12,27,net banking,1719
80,,Pune,new,groceries,4.0,9785.34,39141.36,18.09,256,161,14,0,Debit Card,576
81,53.0,Mumbai,regular,GROCERIES,45.0,,1102195.35,1.44,323,156,7,45,CREDIT CARD,666
82,53.0,Chennai,NEW,groceries,6.0,11622.68,69736.08,42.07,59,119,3,5,CREDIT CARD,1050
83,63.0,DELHI,NEW,sports,18.0,21066.77,379201.86,24.12,242,63,14,17,CREDIT CARD,815
84,30.0,kolkata,PREMIUM,books,5.0,14174.25,70871.25,39.5,213,88,16,2,Credit Card,609
85,64.0,,Inactive,furniture,43.0,24737.2,1063699.6,7.43,276,124,11,21,net banking,1592
86,52.0,BANGALORE,new,Groceries,13.0,49048.34,637628.42,11.94,197,60,13,0,UPI,1555
87,48.0,BANGALORE,New,Sports,42.0,49050.5,2060121.0,24.77,19,33,16,37,UPI,1811
88,24.0,hyderabad,premium,Furniture,30.0,1259.71,37791.3,7.21,336,40,2,15,debit card,723
89,57.0,BANGALORE,inactive,electronics,22.0,42690.9,939199.8,42.97,195,82,20,22,Net Banking,1816
90,52.0,chennai,Inactive,electronics,16.0,31742.47,507879.52,46.05,117,192,2,13,credit card,1587
91,58.0, Chennai ,new,ELECTRONICS,45.0,15323.57,689560.65,1.45,167,15,9,22,UPI,912
92,27.0,Delhi,NEW,groceries,37.0,34249.12,1267217.44,9.0,90,21,19,24,Cash,1429
93,33.0,Kolkata,Inactive,ELECTRONICS,15.0,23326.92,349903.8,12.7,131,171,0,14,debit card,1417
94,52.0,mumbai,premium,GROCERIES,23.0,49388.76,1135941.48,14.96,218,177,8,14,debit card,437
95,42.0,Kolkata,premium,Clothing,25.0,28810.17,720254.25,28.74,359,76,0,21,upi,592
96,18.0,pune,inactive,Books,48.0,48693.34,2337280.32,45.53,255,74,7,38,UPI,478
97,58.0,MUMBAI,Inactive,clothing,44.0,37901.08,1667647.52,38.37,349,36,20,6,cash,1353
98,20.0,DELHI,new,Electronics,38.0,18560.63,705303.94,6.57,152,84,13,11,Debit Card,300
99,68.0,Pune,REGULAR,Furniture,33.0,45717.61,1508681.13,41.52,132,124,9,21,credit card,989
100,22.0,Mumbai,Regular,books,44.0,36348.73,1599344.12,49.0,286,94,2,25,Credit Card,571
101,52.0, Chennai ,new,Groceries,44.0,37576.07,1653347.08,13.11,196,164,11,6,cash,508
102,48.0,Chennai,Inactive,Furniture,21.0,45805.17,961908.57,11.07,33,163,14,9,cash,866
103,25.0,Mumbai,Premium,Electronics,20.0,49798.41,995968.2,5.81,121,138,4,12,Net Banking,789
104,60.0,Pune,New,furniture,48.0,36466.66,1750399.68,44.27,336,26,15,39,upi,602
105,20.0,bangalore,Regular,GROCERIES,29.0,47552.48,1379021.92,42.77,51,176,11,17,cash,764
106,21.0,BANGALORE,regular,Clothing,8.0,47476.03,379808.24,41.21,47,170,6,0,Credit Card,1641
107,39.0,Delhi,PREMIUM,Books,37.0,10657.68,394334.16,41.49,284,54,18,13,Debit Card,702
108,67.0,Mumbai,Inactive,Electronics,,42991.1,773839.8,7.23,67,139,8,0,credit card,1383
109,19.0,Mumbai,Premium,Groceries,16.0,29648.22,474371.52,0.79,136,14,4,13,net banking,262
110,65.0,CHENNAI,new,GROCERIES,50.0,18420.93,921046.5,29.68,232,129,7,39,Credit Card,1519
111,68.0,kolkata,regular,GROCERIES,42.0,48219.3,2025210.6,3.04,246,103,13,6,Net Banking,1488
112,46.0,CHENNAI,premium,Groceries,39.0,7842.52,305858.28,6.31,320,163,18,35,UPI,810
113,56.0,kolkata,regular,GROCERIES,33.0,30468.63,1005464.79,4.96,360,30,20,13,upi,954
114,32.0,Hyderabad,REGULAR,books,30.0,20237.14,607114.2,36.48,161,110,10,21,debit card,796
115,27.0,Kolkata,premium,electronics,6.0,5114.89,30689.34,4.83,191,34,17,0,Cash,1180
116,53.0,Bangalore,inactive,electronics,27.0,18003.1,486083.7,33.27,217,185,1,9,Cash,669
117,40.0, Chennai ,Inactive,Furniture,14.0,8159.14,114227.96,24.11,56,90,17,5,credit card,1591
118,35.0,pune,Regular,Books,28.0,42335.18,1185385.04,48.73,319,158,20,17,Credit Card,1277
119,60.0,delhi,Premium,ELECTRONICS,18.0,35283.59,635104.62,15.45,174,90,0,5,CREDIT CARD,1189
120,60.0,BANGALORE,premium,ELECTRONICS,48.0,31842.01,1528416.48,1.53,272,56,12,26,Net Banking,728
121,28.0,bangalore,regular,sports,21.0,38953.36,818020.56,28.38,44,14,4,5,Cash,131
122,61.0,CHENNAI,regular,GROCERIES,43.0,21488.73,924015.39,30.35,213,70,6,32,credit card,736
123,45.0, Chennai ,regular,Sports,44.0,29860.15,1313846.6,26.35,158,12,7,25,Cash,142
124,18.0,MUMBAI,regular,Clothing,50.0,7293.12,364656.0,150.0,168,31,0,31,upi,389
125,26.0,BANGALORE,NEW,sports,15.0,25262.99,378944.85,41.67,182,19,12,1,upi,68
126,47.0,CHENNAI,REGULAR,furniture,28.0,28883.28,808731.84,35.47,214,75,3,12,Credit Card,695
127,28.0,hyderabad,REGULAR,electronics,28.0,42301.98,1184455.44,12.17,302,103,16,2,upi,1812
128,37.0,Bangalore,Regular,Groceries,50.0,8822.57,441128.5,25.52,59,136,16,12,UPI,749
129,64.0,Mumbai,Regular,electronics,10.0,13170.43,131704.3,8.67,79,195,20,1,CREDIT CARD,1612
130,58.0,Kolkata,new,Books,37.0,38113.92,1410215.04,22.45,290,165,20,20,cash,677
131,27.0,hyderabad,premium,GROCERIES,29.0,31753.56,920853.24,39.82,303,15,11,16,credit card,665
132,47.0,hyderabad,Premium,Electronics,24.0,41668.98,1000055.52,3.84,47,158,19,16,upi,977
133,55.0,,Premium,GROCERIES,37.0,32765.95,1212340.15,16.08,244,129,4,3,Net Banking,241
134,69.0,Bangalore,premium,Furniture,42.0,9041.67,379750.14,12.39,225,113,16,33,Cash,355
135,41.0,bangalore,regular,groceries,27.0,38836.01,1048572.27,33.94,27,162,20,10,credit card,705
136,24.0,Pune,inactive,groceries,19.0,12973.79,246502.01,42.58,309,39,10,2,Cash,1389
137,27.0,bangalore,regular,Sports,45.0,33275.69,1497406.05,6.45,363,22,9,35,upi,1347
138,68.0,Bangalore,PREMIUM,Sports,45.0,41533.47,1869006.15,36.94,351,135,2,41,cash,897
139,50.0,bangalore,Premium,Groceries,20.0,9423.01,188460.2,10.71,249,50,7,4,CREDIT CARD,188
140,36.0, Chennai ,NEW,Books,35.0,41838.43,1464345.05,44.18,20,170,10,8,Cash,801
141,27.0,mumbai,PREMIUM,books,45.0,38669.34,1740120.3,40.45,85,185,14,2,upi,776
142,61.0,Delhi,new,furniture,19.0,37743.36,717123.84,39.19,120,137,7,9,Net Banking,1740
143,30.0,bangalore,inactive,furniture,29.0,23353.16,677241.64,14.09,196,129,16,13,CREDIT CARD,1702
144,30.0,Mumbai,regular,Electronics,42.0,24289.24,1020148.08,18.56,53,183,16,7,debit card,201
145,66.0,mumbai,regular,GROCERIES,33.0,7793.76,257194.08,21.87,114,116,11,1,upi,139
146,43.0,kolkata,REGULAR,Clothing,25.0,49729.0,1243225.0,18.75,15,82,3,22,cash,716
147,68.0,Mumbai,PREMIUM,Electronics,19.0,45911.11,872311.09,23.62,72,195,15,14,Cash,40
148,23.0,Chennai,regular,Clothing,10.0,27665.81,276658.1,36.36,271,109,3,4,Debit Card,646
149,25.0,chennai,Regular,groceries,41.0,39798.01,1631718.41,22.86,57,128,19,34,Credit Card,1324
150,50.0,pune,Regular,sports,10.0,14917.96,149179.6,0.08,181,62,18,6,CREDIT CARD,1390
151,60.0,CHENNAI,NEW,Groceries,5.0,47693.48,238467.4,27.2,260,142,0,3,Net Banking,119
152,58.0,BANGALORE,REGULAR,clothing,48.0,1303.99,62591.52,39.43,177,62,20,6,Cash,1535
153,66.0,Bangalore,PREMIUM,Electronics,23.0,27527.68,633136.64,40.68,90,200,14,22,Net Banking,1323
154,29.0,Mumbai,premium,sports,50.0,47208.45,2360422.5,1.85,104,12,6,2,UPI,665
155,50.0,BANGALORE,NEW,GROCERIES,17.0,2312.73,39316.41,32.35,147,92,1,10,debit card,284
156,69.0,bangalore,New,groceries,48.0,22266.96,1068814.08,47.82,174,48,15,44,Net Banking,782
157,69.0,kolkata,regular,Books,6.0,36490.53,218943.18,3.95,309,47,17,2,UPI,240
158,23.0,Bangalore,inactive,clothing,20.0,22572.83,451456.6,35.88,86,177,14,11,Net Banking,116
159,64.0,bangalore,Inactive,groceries,18.0,32153.73,578767.14,39.57,30,20,20,12,UPI,1080
160,69.0,mumbai,Premium,ELECTRONICS,39.0,34065.4,1328550.6,21.91,65,18,7,23,UPI,814
161,54.0,chennai,Inactive,ELECTRONICS,44.0,22771.17,1001931.48,18.55,228,196,2,36,CREDIT CARD,1114
162,41.0,BANGALORE,REGULAR,Sports,18.0,12855.78,231404.04,5.67,96,128,16,12,net banking,271
163,34.0,delhi,new,Clothing,40.0,14636.06,585442.4,45.82,252,52,3,8,credit card,955
164,29.0,hyderabad,premium,Books,44.0,48394.28,2129348.32,49.33,342,89,2,35,net banking,624
165,37.0,mumbai,inactive,ELECTRONICS,24.0,25683.41,616401.84,6.07,103,36,7,15,Credit Card,769
166,53.0,pune,REGULAR,GROCERIES,36.0,6923.68,249252.48,44.21,34,80,12,30,net banking,871
167,67.0,Hyderabad,Inactive,electronics,9.0,48632.8,437695.2,32.12,231,120,16,5,CREDIT CARD,1727
168,67.0,,inactive,furniture,12.0,38505.19,462062.28,6.45,258,15,3,8,CREDIT CARD,652
169,28.0,,REGULAR,sports,15.0,17628.14,264422.1,47.05,146,21,8,6,cash,1158
170,35.0,Mumbai,inactive,clothing,40.0,26907.16,1076286.4,150.0,87,152,18,9,CREDIT CARD,1379
171,57.0,Bangalore,Inactive,Electronics,2.0,4520.53,9041.06,47.43,296,68,20,0,Cash,883
172,57.0,Chennai,new,Sports,35.0,14838.75,519356.25,47.83,248,63,12,19,Net Banking,179
173,62.0,chennai,PREMIUM,GROCERIES,27.0,24470.43,660701.61,10.2,311,37,10,27,UPI,1533
174,40.0,BANGALORE,PREMIUM,Books,24.0,25991.52,623796.48,5.31,124,120,3,8,Net Banking,537
175,27.0, Chennai ,Premium,clothing,25.0,43276.11,1081902.75,20.91,82,84,18,23,UPI,418
176,66.0,mumbai,new,Furniture,30.0,25188.61,755658.3,15.43,12,24,12,16,Net Banking,523
177,31.0,pune,REGULAR,Electronics,4.0,14427.14,57708.56,29.88,335,173,15,2,net banking,46
178,24.0,Hyderabad,PREMIUM,clothing,47.0,18605.99,874481.53,20.16,24,103,1,36,net banking,428
179,41.0,Pune,regular,electronics,25.0,25460.65,636516.25,38.22,144,160,19,3,CREDIT CARD,228
180,43.0,bangalore,REGULAR,Furniture,24.0,37870.78,908898.72,9.95,261,103,16,1,Credit Card,109
181,26.0,Bangalore,new,Furniture,30.0,7872.56,236176.8,44.66,72,84,19,10,CREDIT CARD,834
182,57.0,DELHI,Inactive,Groceries,33.0,41500.32,1369510.56,26.62,363,145,9,30,Credit Card,784
183,39.0, Chennai ,New,furniture,20.0,39939.36,798787.2,36.27,353,162,0,19,Net Banking,573
184,59.0,pune,Inactive,Clothing,47.0,3042.08,142977.76,24.02,269,162,19,24,CREDIT CARD,1712
185,61.0,Delhi,Premium,furniture,45.0,5939.83,267292.35,0.95,161,108,4,26,Debit Card,870
186,50.0,Kolkata,Premium,sports,9.0,26174.82,235573.38,28.04,340,123,16,6,UPI,384
187,47.0,Pune,REGULAR,Furniture,23.0,33955.49,780976.27,43.38,349,165,8,19,Net Banking,423
188,33.0,delhi,NEW,clothing,15.0,47103.53,706552.95,49.11,148,181,6,15,UPI,1012
189,40.0,Pune,regular,clothing,8.0,28887.1,231096.8,27.16,203,89,4,4,Credit Card,619
190,63.0,CHENNAI,REGULAR,GROCERIES,,13193.98,554147.16,23.95,104,138,8,0,debit card,311
191,24.0,pune,Regular,Clothing,4.0,33656.78,134627.12,26.55,327,60,1,0,upi,706
192,63.0,Kolkata,premium,Sports,50.0,7304.62,365231.0,48.23,81,105,20,30,Net Banking,1362
193,30.0,DELHI,REGULAR,clothing,42.0,3428.55,143999.1,38.44,334,147,7,34,Credit Card,388
194,44.0,mumbai,Premium,books,26.0,39504.05,1027105.3,9.32,149,10,0,9,Cash,1264
195,24.0,Bangalore,regular,GROCERIES,42.0,27393.37,1150521.54,24.7,69,130,14,17,Debit Card,1686
196,25.0,Bangalore,PREMIUM,sports,30.0,32590.12,977703.6,35.93,8,189,10,25,debit card,1192
197,61.0,MUMBAI,PREMIUM,furniture,41.0,44903.62,1841048.42,41.35,264,84,2,25,cash,225
198,29.0,Mumbai,new,Groceries,16.0,838.09,13409.44,19.18,229,193,8,10,debit card,1222
199,64.0,pune,Premium,clothing,42.0,18297.83,768508.86,11.82,342,31,14,19,CREDIT CARD,860
200,61.0,kolkata,regular,sports,8.0,32116.21,256929.68,47.03,189,158,7,3,CREDIT CARD,1009
201,27.0,hyderabad,Inactive,Groceries,27.0,35246.07,951643.89,45.64,276,171,6,24,Debit Card,1423
202,66.0,CHENNAI,NEW,GROCERIES,34.0,35336.42,1201438.28,3.91,289,29,1,32,Debit Card,1202
203,52.0,Mumbai,PREMIUM,Groceries,34.0,22371.11,760617.74,34.01,299,126,2,32,Net Banking,1686
204,21.0,hyderabad,PREMIUM,Furniture,27.0,23111.52,624011.04,2.89,237,173,9,23,Credit Card,840
205,34.0,Chennai,Regular,furniture,5.0,2741.85,13709.25,17.23,33,139,1,0,Net Banking,94
206,36.0,Hyderabad,PREMIUM,Books,9.0,38408.47,345676.23,48.92,331,108,11,6,Net Banking,1810
207,42.0,BANGALORE,premium,Sports,43.0,43790.41,1882987.63,6.65,179,31,5,34,upi,1113
208,26.0,Delhi,Premium,Books,2.0,48935.29,97870.58,23.15,279,109,17,1,Debit Card,536
209,47.0,bangalore,PREMIUM,clothing,13.0,,609723.53,36.25,58,9,13,9,Credit Card,522
210,31.0,CHENNAI,premium,furniture,3.0,22598.83,67796.49,33.6,25,63,1,3,Net Banking,509
211,52.0,MUMBAI,Premium,ELECTRONICS,33.0,49677.43,1639355.19,11.71,295,82,18,20,Debit Card,648
212,27.0,kolkata,Regular,groceries,20.0,14120.12,282402.4,27.84,303,189,5,20,cash,904
213,53.0,Kolkata,Premium,Groceries,42.0,33731.45,1416720.9,39.29,164,179,13,26,CREDIT CARD,644
214,42.0,mumbai,NEW,GROCERIES,16.0,42542.38,680678.08,15.04,363,37,14,1,net banking,875
215,44.0,Pune,NEW,ELECTRONICS,25.0,12521.5,313037.5,10.17,332,21,14,11,credit card,1126
216,64.0,MUMBAI,Premium,clothing,25.0,33846.76,846169.0,30.15,38,49,18,23,cash,1174
217,31.0,Kolkata,Regular,books,22.0,15507.81,341171.82,45.45,109,49,3,15,Debit Card,1454
218,56.0,MUMBAI,New,Clothing,36.0,16419.94,591117.84,14.15,239,137,20,22,debit card,565
219,41.0,kolkata,new,GROCERIES,7.0,40239.42,281675.94,36.12,164,53,11,5,upi,123
220,54.0,Delhi,PREMIUM,Electronics,17.0,27888.92,474111.64,29.2,214,76,4,6,UPI,501
221,42.0,pune,Regular,GROCERIES,36.0,32903.09,1184511.24,34.24,132,196,15,31,Net Banking,374
222,64.0,bangalore,PREMIUM,ELECTRONICS,47.0,27554.04,1295039.88,9.2,278,165,1,33,Credit Card,1748
223,22.0,chennai,Premium,groceries,9.0,42205.96,379853.64,11.57,363,39,0,3,net banking,963
224,41.0,chennai,Inactive,Sports,43.0,46728.23,2009313.89,45.64,338,125,0,0,net banking,1159
225,44.0,Chennai,Premium,Furniture,47.0,14099.67,662684.49,48.87,9,129,13,11,credit card,227
226,51.0,Mumbai,Regular,Clothing,40.0,26559.57,1062382.8,40.76,137,102,2,23,upi,970
227,54.0,Delhi,Regular,clothing,44.0,41489.07,1825519.08,4.03,333,195,1,5,upi,806
228,42.0,Pune,new,Electronics,41.0,967.78,39678.98,8.57,256,112,20,21,Cash,1787
229,24.0,kolkata,Premium,Clothing,14.0,45113.01,631582.14,34.61,291,122,8,0,credit card,1431
230,35.0,Pune,Inactive,Sports,3.0,9378.05,28134.15,42.52,9,54,18,1,upi,187
231,,mumbai,Inactive,Clothing,37.0,41815.2,1547162.4,19.46,277,85,12,8,credit card,1055
232,-5.0,bangalore,Premium,electronics,28.0,11991.13,335751.64,3.8,310,197,19,19,upi,1614
233,38.0,Chennai,inactive,clothing,29.0,24784.87,718761.23,17.79,193,111,5,21,Cash,1383
234,42.0,CHENNAI,Inactive,clothing,16.0,35798.87,572781.92,4.1,79,98,20,4,upi,678
235,41.0, Chennai ,premium,Electronics,20.0,22514.43,450288.6,38.07,53,34,2,5,upi,949
236,53.0,Pune,NEW,groceries,7.0,1799.96,12599.72,17.7,48,153,19,5,upi,55
237,36.0,Hyderabad,New,Books,6.0,36379.77,218278.62,27.98,125,147,16,1,cash,809
238,28.0,Mumbai,regular,clothing,18.0,24909.64,448373.52,3.16,223,71,13,9,Net Banking,1632
239,22.0,bangalore,regular,Clothing,47.0,31439.17,1477640.99,29.69,101,118,3,8,debit card,43
240,43.0,Bangalore,Inactive,groceries,22.0,22291.03,490402.66,21.53,334,153,4,9,UPI,1265
241,62.0,MUMBAI,new,Groceries,12.0,,578957.28,48.44,150,189,20,7,Cash,1631
242,33.0,Bangalore,New,clothing,26.0,18568.27,482775.02,46.6,103,152,17,5,cash,1602
243,53.0,Chennai,new,sports,14.0,22203.52,310849.28,14.57,355,18,13,10,Net Banking,315
244,58.0,DELHI,Regular,clothing,43.0,8130.09,349593.87,21.16,194,19,14,38,Net Banking,1222
245,43.0,Pune,NEW,books,45.0,21205.88,954264.6,1.84,185,180,17,38,cash,204
246,24.0,Delhi,inactive,Sports,23.0,8733.76,200876.48,30.63,289,166,20,12,UPI,1660
247,45.0, Chennai ,Premium,electronics,17.0,11489.05,195313.85,37.34,286,149,18,7,Net Banking,796
248,43.0,hyderabad,inactive,furniture,45.0,25273.06,1137287.7,17.25,13,124,3,18,upi,205
249,25.0,Mumbai,REGULAR,clothing,22.0,23038.97,506857.34,10.34,248,90,15,3,Net Banking,1508
250,62.0,hyderabad,REGULAR,electronics,20.0,2711.81,54236.2,35.54,12,88,20,3,cash,1668
251,28.0,Delhi,NEW,ELECTRONICS,36.0,8426.72,303361.92,27.99,237,60,12,11,CREDIT CARD,1341
252,60.0,Hyderabad,New,Electronics,48.0,30898.29,1483117.92,9.87,304,110,12,0,Debit Card,451
253,35.0,CHENNAI,Inactive,electronics,35.0,9754.51,341407.85,16.3,235,30,8,31,net banking,1338
254,38.0,BANGALORE,Inactive,groceries,38.0,6154.49,233870.62,17.6,235,159,5,19,Cash,1238
255,23.0,Mumbai,REGULAR,electronics,16.0,15616.31,249860.96,9.15,356,37,16,12,upi,1251
256,26.0,pune,New,groceries,12.0,24590.18,295082.16,26.87,331,45,17,2,Net Banking,621
257,26.0,mumbai,REGULAR,books,29.0,31160.79,903662.91,43.28,5,125,4,6,upi,1180
258,50.0,Kolkata,New,Sports,32.0,21073.71,674358.72,41.99,251,43,2,1,Debit Card,628
259,20.0,delhi,Regular,Furniture,19.0,8826.34,167700.46,22.87,254,141,16,3,Cash,263
260,35.0,Pune,REGULAR,Furniture,49.0,2559.72,125426.28,35.95,280,56,13,6,cash,1568
261,33.0,DELHI,Premium,GROCERIES,17.0,17754.56,301827.52,40.84,225,31,7,6,Cash,1441
262,40.0,Hyderabad,PREMIUM,furniture,9.0,39350.04,354150.36,40.68,31,146,11,8,debit card,1252
263,52.0,mumbai,REGULAR,sports,19.0,14822.0,281618.0,13.37,264,174,3,4,upi,151
264,35.0,Mumbai,PREMIUM,Clothing,10.0,35714.05,357140.5,41.42,347,101,15,2,Cash,1325
265,35.0,Hyderabad,New,GROCERIES,5.0,31864.57,159322.85,44.01,48,104,16,5,debit card,1452
266,41.0,hyderabad,new,Groceries,38.0,622.42,23651.96,38.71,48,188,14,22,credit card,1659
267,52.0,BANGALORE,Regular,groceries,14.0,24988.39,349837.46,16.14,146,87,17,9,CREDIT CARD,1189
268,49.0,Bangalore,inactive,Books,4.0,2774.17,11096.68,31.31,236,5,3,1,Net Banking,964
269,18.0,Hyderabad,Regular,sports,9.0,44166.31,397496.79,15.09,141,24,20,5,debit card,198
270,41.0,mumbai,Premium,groceries,41.0,15622.71,640531.11,34.97,120,110,20,5,credit card,32
271,31.0,Kolkata,premium,ELECTRONICS,38.0,11696.45,444465.1,34.0,5,3,10,7,upi,1451
272,26.0,Kolkata,premium,Clothing,25.0,4921.89,123047.25,40.3,53,81,11,9,CREDIT CARD,813
273,67.0,Mumbai,inactive,Sports,10.0,3886.37,38863.7,28.16,313,167,5,7,UPI,1509
274,31.0,Mumbai,New,furniture,44.0,22398.0,985512.0,10.86,52,36,3,37,upi,749
275,45.0,Bangalore,PREMIUM,Clothing,18.0,32408.72,583356.96,12.41,308,154,19,9,Credit Card,1766
276,60.0,DELHI,Regular,Furniture,39.0,25721.37,1003133.43,37.39,152,166,1,15,Net Banking,820
277,25.0,Delhi,new,Sports,39.0,4015.09,156588.51,44.44,7,93,10,8,upi,1792
278,54.0,Hyderabad,REGULAR,Furniture,44.0,9052.13,398293.72,23.55,38,5,18,4,Credit Card,566
279,31.0,chennai,Premium,Books,26.0,25577.22,665007.72,31.43,257,197,13,13,upi,198
280,,Pune,NEW,furniture,10.0,14234.65,142346.5,15.5,262,53,4,8,UPI,830
281,55.0,CHENNAI,regular,sports,28.0,36632.94,1025722.32,42.32,30,63,2,13,credit card,958
282,57.0,chennai,regular,Sports,48.0,33073.59,1587532.32,8.78,7,182,4,44,Credit Card,365
283,49.0,bangalore,NEW,Furniture,47.0,13332.72,626637.84,18.59,138,188,3,1,UPI,1682
284,45.0,delhi,NEW,electronics,17.0,35760.0,607920.0,28.83,40,128,14,16,UPI,143
285,49.0,pune,PREMIUM,Groceries,11.0,13128.25,144410.75,5.15,294,173,3,3,net banking,35
286,20.0,Chennai,Regular,Electronics,31.0,18516.84,574022.04,46.01,92,10,17,26,Debit Card,689
287,33.0,Hyderabad,REGULAR,clothing,5.0,28791.03,143955.15,5.97,345,14,5,1,net banking,124
288,43.0,CHENNAI,new,books,19.0,38789.61,737002.59,15.53,45,142,14,0,UPI,440
289,36.0,pune,regular,sports,40.0,12507.91,500316.4,18.41,253,198,6,34,Debit Card,338
290,18.0,Hyderabad,Premium,Clothing,35.0,17647.97,617678.95,41.98,5,86,0,24,debit card,242
291,,kolkata,Regular,groceries,32.0,48078.66,1538517.12,48.63,73,183,8,5,Credit Card,504
292,51.0,Hyderabad,REGULAR,GROCERIES,48.0,4702.67,225728.16,4.78,69,164,12,4,Cash,1192
293,21.0,Hyderabad,inactive,ELECTRONICS,16.0,14937.96,239007.36,42.55,202,180,10,10,Net Banking,586
294,32.0,CHENNAI,Regular,ELECTRONICS,50.0,38622.26,1931113.0,5.45,55,43,14,29,UPI,862
295,25.0,Pune,REGULAR,Books,14.0,22869.9,320178.6,23.17,62,24,5,12,cash,653
296,70.0,chennai,Regular,books,21.0,7842.03,164682.63,35.56,183,102,16,1,cash,642
297,34.0,mumbai,Premium,groceries,29.0,,812571.59,27.51,49,119,3,25,CREDIT CARD,278
298,18.0,chennai,Regular,ELECTRONICS,13.0,,536533.79,18.61,323,166,2,9,Cash,560
299,70.0,CHENNAI,Premium,electronics,13.0,45173.56,587256.28,22.17,66,24,10,1,Credit Card,974
300,21.0,mumbai,Inactive,groceries,47.0,20052.44,942464.68,1.47,350,110,5,22,Debit Card,413
301,35.0,delhi,new,ELECTRONICS,3.0,30898.28,92694.84,30.85,332,76,15,3,net banking,1011
302,21.0,CHENNAI,regular,groceries,9.0,21252.12,191269.08,32.13,270,64,20,8,Credit Card,813
303,68.0,bangalore,new,Furniture,32.0,17529.69,560950.08,28.28,165,100,8,11,Credit Card,683
304,56.0,Delhi,Premium,Books,50.0,14406.17,720308.5,40.43,242,136,11,49,Cash,506
305,28.0, Chennai ,Regular,Sports,16.0,13693.09,219089.44,40.81,29,196,7,12,UPI,1748
306,29.0,mumbai,Regular,furniture,21.0,40407.41,848555.61,34.88,303,8,11,18,Cash,321
307,54.0,MUMBAI,new,Furniture,20.0,9190.06,183801.2,1.9,29,60,19,7,Credit Card,1108
308,48.0,Chennai,REGULAR,furniture,13.0,40419.05,525447.65,17.04,91,83,1,0,CREDIT CARD,1231
309,63.0,Mumbai,premium,books,34.0,43103.14,1465506.76,48.03,192,181,12,6,UPI,648
310,38.0,Mumbai,PREMIUM,sports,28.0,39696.2,1111493.6,48.03,333,82,5,22,net banking,1450
311,57.0,bangalore,Regular,Sports,38.0,40815.48,1550988.24,18.92,353,76,4,11,Credit Card,1467
312,54.0,BANGALORE,Inactive,Electronics,12.0,30318.24,363818.88,46.05,314,57,20,9,credit card,1046
313,27.0,Bangalore,premium,Clothing,23.0,49127.79,1129939.17,8.39,46,182,20,23,UPI,944
314,18.0,delhi,Regular,Clothing,45.0,3855.84,173512.8,12.83,56,185,0,3,upi,927
315,64.0,Hyderabad,PREMIUM,groceries,32.0,44147.65,1412724.8,17.56,193,26,15,14,CREDIT CARD,954
316,22.0,,regular,Electronics,21.0,13425.82,281942.22,5.24,176,44,12,5,credit card,1150
317,23.0,Bangalore,Inactive,furniture,31.0,35372.98,1096562.38,21.57,335,43,19,27,CREDIT CARD,139
318,24.0,Bangalore,Regular,Clothing,27.0,35011.24,945303.48,36.1,277,68,9,9,Debit Card,226
319,21.0,BANGALORE,Inactive,Furniture,32.0,8102.7,259286.4,18.04,219,23,9,30,Debit Card,228
320,19.0,MUMBAI,PREMIUM,Sports,19.0,,928422.84,23.68,60,79,12,15,Net Banking,1383
321,34.0,CHENNAI,inactive,Furniture,25.0,9651.62,241290.5,44.27,190,48,14,1,debit card,930
322,47.0,delhi,Regular,books,18.0,28430.21,511743.78,7.56,357,171,3,2,cash,734
323,69.0,Pune,New,Books,38.0,11761.88,446951.44,3.05,199,134,13,34,cash,1805
324,48.0,pune,Regular,GROCERIES,20.0,4408.27,88165.4,45.14,18,129,18,16,Cash,1417
325,57.0,,premium,Books,29.0,9057.51,262667.79,49.22,109,50,4,1,upi,190
326,61.0,Hyderabad,Regular,books,41.0,7819.97,320618.77,29.75,164,187,2,5,upi,1169
327,43.0,Pune,REGULAR,books,18.0,26224.56,472042.08,45.86,7,180,19,18,net banking,1630
328,44.0, Chennai ,New,ELECTRONICS,10.0,28546.4,285464.0,29.13,52,28,18,1,debit card,1806
329,52.0,bangalore,New,clothing,25.0,32911.99,822799.75,28.6,243,10,5,8,upi,324
330,57.0,BANGALORE,Premium,groceries,22.0,34680.43,762969.46,2.46,244,69,11,0,UPI,1704
331,68.0,DELHI,regular,clothing,32.0,42982.62,1375443.84,34.24,117,35,9,28,UPI,581
332,64.0,Hyderabad,Inactive,Sports,6.0,9802.82,58816.92,10.57,209,190,15,6,net banking,1806
333,41.0,chennai,NEW,Books,11.0,3748.04,41228.44,35.48,207,35,16,9,Credit Card,385
334,30.0,,Premium,Clothing,3.0,23094.21,69282.63,45.9,361,51,8,2,Net Banking,1064
335,43.0, Chennai ,inactive,Electronics,16.0,18937.1,302993.6,29.7,91,122,18,11,UPI,364
336,34.0,CHENNAI,regular,Electronics,25.0,2957.73,73943.25,42.69,110,57,20,7,cash,453
337,35.0,Hyderabad,NEW,Electronics,50.0,48373.35,2418667.5,34.11,243,34,20,11,Cash,1670
338,18.0,Delhi,regular,furniture,20.0,35780.65,715613.0,35.47,141,109,12,11,Net Banking,546
339,31.0,hyderabad,regular,Sports,34.0,41303.39,1404315.26,19.86,53,2,16,23,net banking,1355
340,56.0,DELHI,regular,Sports,7.0,24346.05,170422.35,16.81,142,164,10,4,debit card,1373
341,63.0,DELHI,Regular,ELECTRONICS,34.0,38390.98,1305293.32,44.98,308,104,10,8,Credit Card,1372
342,49.0,DELHI,regular,groceries,26.0,19719.61,512709.86,1.77,363,147,6,10,Debit Card,1435
343,52.0,Kolkata,inactive,Groceries,33.0,15359.64,506868.12,8.5,337,143,5,18,credit card,994
344,26.0,delhi,NEW,Books,12.0,47372.71,568472.52,44.98,336,23,7,5,Debit Card,1554
345,37.0,Hyderabad,REGULAR,Groceries,17.0,29485.75,501257.75,23.19,61,121,1,2,Net Banking,428
346,50.0, Chennai ,inactive,groceries,34.0,15268.61,519132.74,2.7,78,36,6,21,upi,1196
347,47.0,,REGULAR,books,46.0,9427.66,433672.36,4.04,171,162,5,20,cash,148
348,18.0,hyderabad,regular,Clothing,49.0,38790.34,1900726.66,28.81,82,126,2,8,Cash,918
349,58.0,Hyderabad,New,groceries,31.0,19474.16,603698.96,1.89,103,188,11,0,UPI,1580
350,51.0,MUMBAI,Premium,Sports,1.0,31521.0,31521.0,12.44,356,89,9,0,credit card,815
351,50.0,pune,regular,ELECTRONICS,5.0,41280.27,206401.35,14.91,149,117,16,4,net banking,721
352,,Mumbai,REGULAR,GROCERIES,23.0,37630.72,865506.56,8.24,207,5,7,7,CREDIT CARD,462
353,64.0,Chennai,Inactive,Furniture,11.0,6596.52,72561.72,35.56,20,97,20,4,net banking,1306
354,21.0,chennai,inactive,electronics,42.0,41887.94,1759293.48,2.41,60,107,14,24,credit card,1150
355,34.0,Kolkata,PREMIUM,Clothing,45.0,34444.13,1549985.85,0.47,216,170,3,42,net banking,582
356,57.0,Mumbai,New,books,7.0,25823.45,180764.15,30.88,145,30,3,7,Debit Card,1277
357,30.0,delhi,NEW,Clothing,23.0,35320.12,812362.76,14.77,21,141,15,6,Net Banking,707
358,33.0,Chennai,Premium,Sports,6.0,45390.56,272343.36,41.76,343,127,4,0,net banking,183
359,64.0, Chennai ,regular,Sports,15.0,23109.19,346637.85,48.86,136,119,1,3,CREDIT CARD,1820
360,20.0,DELHI,REGULAR,Books,44.0,15979.0,703076.0,36.93,49,195,1,0,CREDIT CARD,1388
361,59.0,mumbai,REGULAR,Groceries,,47776.91,1385530.39,13.42,48,96,10,0,credit card,850
362,43.0,hyderabad,regular,books,25.0,34650.17,866254.25,23.91,216,167,5,3,CREDIT CARD,1455
363,64.0,chennai,PREMIUM,electronics,27.0,45605.72,6900298.76,24.13,292,174,14,5,Cash,807
364,67.0,bangalore,Inactive,Electronics,44.0,44057.54,1938531.76,36.36,67,124,15,7,upi,932
365,20.0,CHENNAI,regular,Sports,21.0,1111.83,23348.43,43.42,269,197,18,18,Debit Card,1401
366,39.0,kolkata,NEW,sports,45.0,31102.83,1399627.35,21.64,128,124,11,42,cash,1343
367,42.0,Mumbai,NEW,furniture,4.0,1076.42,4305.68,46.72,259,121,15,1,credit card,1568
368,49.0,Bangalore,Regular,Groceries,18.0,2992.36,53862.48,11.14,330,97,12,7,credit card,970
369,46.0,pune,new,electronics,32.0,22629.87,724155.84,5.94,255,191,20,1,credit card,856
370,44.0,chennai,NEW,Furniture,1.0,41382.48,41382.48,39.59,317,164,9,0,cash,1405
371,47.0,Bangalore,REGULAR,books,4.0,40921.14,163684.56,42.22,170,144,19,4,Net Banking,1497
372,,bangalore,new,electronics,7.0,38086.34,266604.38,11.09,175,91,20,4,net banking,1099
373,41.0, Chennai ,Premium,ELECTRONICS,32.0,7452.23,238471.36,35.84,210,28,8,12,Debit Card,277
374,43.0,,new,books,13.0,35981.0,467753.0,5.39,213,12,20,13,cash,1235
375,25.0,hyderabad,new,Sports,38.0,47831.42,1817593.96,6.73,256,2,16,3,net banking,916
376,55.0,Kolkata,NEW,Books,12.0,34744.98,416939.76,8.68,66,27,12,10,Cash,1271
377,38.0,kolkata,New,groceries,39.0,45837.56,1787664.84,38.12,141,102,10,18,Net Banking,1678
378,26.0,Mumbai,New,furniture,45.0,44378.62,1997037.9,25.61,360,141,10,45,net banking,1325
379,31.0,MUMBAI,Regular,furniture,46.0,14883.69,684649.74,17.26,345,34,20,11,net banking,1141
380,62.0,Bangalore,premium,Books,23.0,28332.87,651656.01,29.14,342,182,13,21,net banking,615
381,45.0,Chennai,NEW,electronics,2.0,19353.08,38706.16,2.65,29,52,8,0,debit card,1429
382,34.0,Mumbai,Premium,sports,19.0,,201362.76,27.06,184,116,3,19,cash,1544
383,53.0,Delhi,inactive,Furniture,25.0,12260.98,306524.5,39.22,357,74,1,12,upi,883
384,68.0,Bangalore,NEW,Electronics,1.0,37311.66,37311.66,10.15,227,58,20,1,Cash,1149
385,65.0,MUMBAI,Regular,clothing,29.0,9282.58,269194.82,34.13,96,45,16,3,upi,113
386,45.0,delhi,NEW,clothing,9.0,8465.98,76193.82,42.3,3,85,14,2,Credit Card,344
387,38.0,chennai,inactive,furniture,43.0,15407.16,662507.88,39.5,282,92,2,20,net banking,480
388,29.0,kolkata,premium,Books,33.0,8388.84,276831.72,27.15,207,24,11,14,Debit Card,1388
389,39.0,Bangalore,REGULAR,clothing,14.0,47540.26,665563.64,30.91,244,144,20,0,credit card,1399
390,40.0,hyderabad,Regular,Sports,40.0,45971.06,1838842.4,12.19,21,175,10,24,credit card,820
391,34.0,Pune,regular,Electronics,34.0,41194.4,1400609.6,18.75,261,115,15,2,debit card,1364
392,30.0,Bangalore,NEW,electronics,7.0,8786.04,61502.28,47.81,276,137,0,1,Debit Card,1402
393,58.0,MUMBAI,inactive,groceries,7.0,10676.19,74733.33,41.44,223,166,2,2,Credit Card,970
394,63.0,,Premium,electronics,5.0,3186.27,15931.35,39.71,286,19,18,1,debit card,864
395,42.0,hyderabad,inactive,groceries,28.0,16162.01,452536.28,19.48,61,137,0,20,Cash,159
396,66.0,pune,Premium,sports,5.0,18206.16,91030.8,25.14,149,176,9,4,credit card,606
397,66.0,hyderabad,New,groceries,43.0,2025.55,87098.65,7.82,113,35,12,34,debit card,1328
398,27.0,DELHI,inactive,Books,47.0,32573.06,1530933.82,47.87,6,142,17,9,credit card,115
399,18.0,pune,Inactive,groceries,35.0,27602.51,966087.85,4.26,108,192,11,13,upi,1352
400,50.0,Mumbai,PREMIUM,ELECTRONICS,,31035.8,465537.0,12.64,59,47,18,0,net banking,974
401,59.0,Pune,premium,clothing,43.0,3834.46,164881.78,4.91,298,125,10,22,CREDIT CARD,1404
402,59.0,,premium,clothing,40.0,3955.54,158221.6,9.67,249,116,10,39,cash,656
403,62.0,pune,PREMIUM,furniture,37.0,18542.43,686069.91,15.82,220,44,0,20,Debit Card,1639
404,32.0,Hyderabad,regular,books,24.0,7148.14,171555.36,36.65,246,119,14,11,debit card,1027
405,53.0, Chennai ,PREMIUM,Sports,39.0,4557.7,177750.3,14.03,72,138,6,16,cash,186
406,64.0,CHENNAI,Premium,books,33.0,31765.51,1048261.83,40.63,297,104,18,13,Credit Card,1159
407,34.0,Pune,NEW,GROCERIES,42.0,38872.26,1632634.92,18.29,115,198,18,18,CREDIT CARD,981
408,50.0,kolkata,premium,groceries,24.0,25357.28,608574.72,33.13,315,176,5,24,net banking,317
409,46.0,mumbai,PREMIUM,furniture,37.0,33140.96,1226215.52,48.39,248,92,1,14,Net Banking,504
410,22.0,delhi,REGULAR,Clothing,3.0,33594.99,100784.97,25.89,185,100,15,3,Credit Card,111
411,59.0,Bangalore,premium,sports,34.0,31861.57,1083293.38,13.67,135,149,17,11,upi,1368
412,42.0,bangalore,Inactive,Sports,5.0,26074.81,130374.05,18.82,115,133,12,2,UPI,1027
413,68.0,Kolkata,Inactive,Electronics,33.0,44160.7,1457303.1,21.99,118,20,16,17,Debit Card,337
414,29.0,mumbai,REGULAR,furniture,46.0,40939.28,1883206.88,33.06,213,85,3,30,cash,1010
415,48.0,MUMBAI,Inactive,ELECTRONICS,42.0,41751.57,1753565.94,1.12,23,33,18,37,CREDIT CARD,305
416,58.0,kolkata,Premium,furniture,10.0,3267.64,32676.4,12.91,93,133,12,9,Cash,1335
417,19.0,DELHI,premium,Clothing,29.0,30523.03,885167.87,23.57,247,44,7,26,upi,1260
418,27.0,pune,PREMIUM,furniture,43.0,25784.84,1108748.12,8.39,352,88,14,38,Cash,170
419,32.0,BANGALORE,New,ELECTRONICS,7.0,,9238.95,26.14,259,176,13,2,Cash,227
420,29.0,Kolkata,Inactive,furniture,3.0,43948.76,131846.28,26.57,61,24,15,1,Cash,1134
421,70.0,Chennai,inactive,Sports,28.0,26341.19,737553.32,18.52,23,179,16,13,Debit Card,1673
422,48.0,BANGALORE,REGULAR,furniture,48.0,45439.01,2181072.48,41.86,295,26,13,8,debit card,1007
423,67.0,Delhi,premium,clothing,39.0,,1712097.27,20.43,97,2,0,36,net banking,271
424,51.0,Chennai,New,Sports,14.0,34544.45,483622.3,15.8,186,28,4,6,cash,1228
425,34.0,delhi,NEW,groceries,37.0,18599.38,688177.06,13.78,349,102,6,26,net banking,1635
426,,Kolkata,PREMIUM,Groceries,36.0,27968.11,1006851.96,12.69,158,148,11,25,CREDIT CARD,1781
427,60.0,,Regular,GROCERIES,45.0,47487.64,2136943.8,5.01,261,103,10,35,Cash,1457
428,61.0,chennai,PREMIUM,groceries,41.0,761.89,31237.49,4.55,75,121,19,27,credit card,161
429,34.0,Delhi,REGULAR,electronics,39.0,2368.89,92386.71,19.22,206,158,20,33,debit card,1487
430,56.0,chennai,PREMIUM,Sports,32.0,22229.12,711331.84,10.09,337,133,9,12,Credit Card,1635
431,56.0,kolkata,NEW,sports,15.0,30951.9,464278.5,33.7,185,62,20,0,CREDIT CARD,207
432,35.0,BANGALORE,REGULAR,Sports,26.0,20569.82,534815.32,10.02,8,189,2,2,net banking,612
433,64.0,Pune,Inactive,Groceries,23.0,48182.74,1108203.02,13.83,311,50,14,12,Cash,39
434,34.0,mumbai,New,Furniture,7.0,28152.22,197065.54,25.16,175,30,16,4,net banking,1695
435,68.0,pune,regular,sports,29.0,48319.75,1401272.75,28.16,125,194,10,24,Net Banking,1425
436,47.0,pune,Premium,GROCERIES,8.0,13262.08,106096.64,19.13,113,174,7,5,upi,753
437,51.0,Pune,Premium,sports,17.0,12788.75,217408.75,4.65,345,192,10,2,net banking,395
438,48.0,Bangalore,REGULAR,Clothing,37.0,13819.25,511312.25,47.36,350,49,15,12,Debit Card,1536
439,33.0,delhi,Regular,Clothing,13.0,41829.55,543784.15,41.82,183,40,3,1,credit card,1414
440,60.0,Kolkata,Inactive,Electronics,49.0,,2103370.08,47.9,247,96,19,20,Net Banking,1206
441,35.0,Kolkata,PREMIUM,Books,33.0,14373.2,474315.6,11.1,296,33,1,33,upi,1009
442,52.0,chennai,NEW,Groceries,26.0,43089.81,1120335.06,38.8,235,31,16,14,UPI,1441
443,18.0,Chennai,inactive,Clothing,25.0,29259.91,731497.75,16.27,314,67,5,17,debit card,515
444,35.0,Kolkata,Inactive,Groceries,24.0,9603.73,230489.52,21.2,215,180,11,11,upi,602
445,46.0,mumbai,Inactive,ELECTRONICS,37.0,34457.59,1274930.83,40.71,139,61,17,27,upi,431
446,27.0,Mumbai,new,Books,1.0,9242.06,9242.06,24.98,323,133,17,1,Net Banking,644
447,34.0,Pune,Inactive,Electronics,26.0,5399.25,140380.5,8.17,111,66,15,26,cash,227
448,,Bangalore,regular,Groceries,24.0,28237.33,677695.92,46.59,132,89,0,13,credit card,749
449,61.0,MUMBAI,Inactive,furniture,42.0,32631.98,1370543.16,8.73,146,91,10,32,Net Banking,1616
450,65.0,hyderabad,premium,groceries,40.0,14682.92,587316.8,31.59,75,43,20,21,upi,1322
451,57.0,pune,New,books,5.0,4416.04,22080.2,17.18,161,82,20,2,debit card,1269
452,59.0,BANGALORE,regular,GROCERIES,50.0,43208.92,2160446.0,18.16,301,134,14,26,CREDIT CARD,406
453,19.0,Mumbai,Regular,Sports,17.0,47051.65,799878.05,35.03,41,54,5,12,credit card,225
454,22.0,Kolkata,NEW,Electronics,2.0,,77322.44,26.2,43,27,8,2,CREDIT CARD,202
455,59.0,BANGALORE,regular,Clothing,16.0,37010.86,592173.76,22.16,65,34,16,5,Credit Card,101
456,60.0,bangalore,REGULAR,books,31.0,23626.08,732408.48,43.54,140,141,14,8,net banking,392
457,55.0,hyderabad,inactive,sports,41.0,43926.04,1800967.64,21.75,328,164,17,19,UPI,1016
458,52.0,Delhi,premium,GROCERIES,20.0,18606.27,372125.4,12.99,156,3,0,16,CREDIT CARD,734
459,36.0,Kolkata,NEW,Electronics,45.0,46143.38,2076452.1,47.35,245,77,0,27,debit card,1252
460,32.0,Chennai,NEW,Groceries,13.0,20880.93,271452.09,28.03,203,64,5,11,cash,828
461,42.0,Delhi,regular,electronics,28.0,31453.49,880697.72,25.83,314,178,8,9,cash,1551
462,52.0,delhi,New,Clothing,5.0,9529.16,47645.8,14.48,327,117,19,3,debit card,1464
463,57.0,Kolkata,Regular,Groceries,2.0,8031.39,16062.78,48.49,12,48,3,1,debit card,286
464,63.0,hyderabad,Premium,Clothing,6.0,7958.84,47753.04,24.68,176,108,9,6,Net Banking,790
465,47.0,chennai,REGULAR,electronics,49.0,47606.38,2332712.62,2.8,201,19,17,30,CREDIT CARD,423
466,34.0,BANGALORE,Premium,electronics,50.0,,1793839.0,19.24,227,64,1,12,Net Banking,1535
467,67.0, Chennai ,NEW,Sports,14.0,23904.86,334668.04,34.07,160,83,5,10,Credit Card,1555
468,53.0,kolkata,premium,clothing,31.0,32106.74,995308.94,9.94,27,171,6,7,Debit Card,1326
469,45.0,Bangalore,Premium,ELECTRONICS,18.0,29442.49,529964.82,19.79,125,3,1,18,Net Banking,1439
470,56.0,Mumbai,REGULAR,Books,6.0,12811.75,76870.5,25.0,352,159,10,6,cash,152
471,21.0,bangalore,inactive,ELECTRONICS,45.0,27049.49,1217227.05,5.37,250,60,10,35,cash,1579
472,40.0,hyderabad,Regular,Electronics,45.0,19199.56,863980.2,36.22,129,11,15,45,Net Banking,1174
473,36.0,Pune,new,Clothing,37.0,9738.02,360306.74,17.38,240,71,19,35,CREDIT CARD,171
474,51.0,Mumbai,new,clothing,17.0,27309.49,464261.33,22.7,327,130,12,5,Credit Card,1299
475,41.0,Delhi,REGULAR,sports,5.0,33085.33,165426.65,26.95,199,49,16,5,Net Banking,1598
476,53.0,Mumbai,Inactive,clothing,21.0,20785.32,436491.72,16.1,50,134,2,1,CREDIT CARD,395
477,20.0,MUMBAI,premium,GROCERIES,13.0,5388.3,70047.9,28.55,199,169,15,8,Cash,1466
478,55.0,delhi,Premium,Groceries,15.0,30494.7,457420.5,3.54,107,168,15,2,Net Banking,1670
479,58.0,chennai,REGULAR,Furniture,48.0,46943.07,2253267.36,20.8,189,182,1,39,debit card,1113
480,20.0,CHENNAI,regular,electronics,14.0,48049.04,672686.56,4.86,119,137,12,3,Debit Card,1107
481,60.0,Delhi,Inactive,Sports,12.0,28141.96,337703.52,150.0,55,197,20,9,UPI,1411
482,47.0,Hyderabad,premium,ELECTRONICS,12.0,27723.29,332679.48,25.23,337,41,17,9,Net Banking,751
483,38.0,Pune,REGULAR,books,24.0,20910.99,501863.76,31.66,166,156,7,18,net banking,468
484,42.0,Pune,regular,Groceries,29.0,22651.24,656885.96,19.85,18,73,19,0,net banking,306
485,37.0,Chennai,regular,Clothing,14.0,42858.16,600014.24,1.09,354,71,17,8,net banking,1198
486,54.0,Mumbai,premium,Electronics,30.0,18104.96,543148.8,6.92,188,150,7,7,debit card,1691
487,37.0,CHENNAI,Inactive,groceries,37.0,45935.15,1699600.55,36.71,167,124,5,31,Cash,1708
488,24.0,DELHI,Premium,sports,37.0,19386.53,717301.61,39.01,172,90,13,26,credit card,1811
489,67.0,Delhi,inactive,books,39.0,46468.33,1812264.87,31.69,324,98,1,19,net banking,114
490,38.0,Pune,Inactive,ELECTRONICS,21.0,25368.88,532746.48,11.04,26,173,12,14,Cash,1208
491,50.0,CHENNAI,Regular,groceries,19.0,39425.23,749079.37,7.4,173,22,15,18,Credit Card,1152
492,43.0,delhi,premium,groceries,33.0,22007.31,726241.23,34.89,70,124,17,12,Net Banking,839
493,59.0,pune,Regular,Furniture,40.0,49855.4,1994216.0,26.21,125,19,8,27,UPI,1432
494,54.0,CHENNAI,premium,Sports,27.0,21465.26,579562.02,17.42,165,89,19,20,Credit Card,1606
495,37.0,mumbai,REGULAR,furniture,29.0,31347.52,909078.08,22.02,120,52,11,4,credit card,260
496,65.0,chennai,Regular,furniture,10.0,43503.24,435032.4,41.01,8,88,3,4,Net Banking,994
497,19.0,Bangalore,Regular,sports,35.0,10987.83,384574.05,27.32,133,141,15,9,cash,67
498,42.0,pune,inactive,Furniture,3.0,13145.09,39435.27,3.01,103,179,19,2,Credit Card,982
499,59.0,Chennai,premium,groceries,43.0,13929.86,598983.98,42.6,338,93,3,1,debit card,1806
500,59.0,BANGALORE,Regular,groceries,33.0,48842.29,1611795.57,4.98,162,125,19,5,CREDIT CARD,437
501,50.0,hyderabad,NEW,sports,2.0,2467.74,4935.48,46.11,157,86,15,1,CREDIT CARD,67
502,40.0,bangalore,REGULAR,Sports,20.0,,243842.8,48.91,257,71,1,20,debit card,822
503,70.0,Chennai,NEW,clothing,15.0,8009.55,120143.25,44.86,337,36,2,12,net banking,1418
504,57.0,Delhi,New,Clothing,37.0,8061.08,298259.96,48.53,310,85,14,34,CREDIT CARD,453
505,59.0,Mumbai,Inactive,Furniture,44.0,40105.2,1764628.8,43.13,159,177,16,8,upi,1607
506,27.0,pune,PREMIUM,Groceries,5.0,28088.34,140441.7,47.43,61,48,10,1,Credit Card,1597
507,38.0,Hyderabad,New,clothing,29.0,37407.68,1084822.72,41.08,327,190,8,4,Debit Card,248
508,26.0,mumbai,Premium,Books,40.0,31038.85,1241554.0,30.28,314,60,19,14,Debit Card,1437
509,19.0,bangalore,premium,sports,50.0,24091.81,1204590.5,25.12,310,121,20,23,CREDIT CARD,1775
510,42.0,Kolkata,new,ELECTRONICS,11.0,10066.36,110729.96,1.61,8,70,13,3,cash,445
511,66.0,MUMBAI,premium,ELECTRONICS,29.0,43422.89,1259263.81,24.5,167,118,7,13,upi,1619
512,20.0,BANGALORE,REGULAR,groceries,40.0,46987.39,1879495.6,28.6,275,135,20,2,net banking,253
513,46.0,hyderabad,Premium,Clothing,34.0,27124.52,922233.68,49.19,21,143,12,33,cash,130
514,30.0,DELHI,new,groceries,20.0,38797.01,775940.2,14.3,86,109,9,19,Credit Card,1443
515,51.0,Mumbai,new,books,42.0,22859.06,960080.52,36.13,58,47,18,34,CREDIT CARD,835
516,44.0,Bangalore,new,Electronics,12.0,22957.2,275486.4,44.83,104,117,2,4,UPI,1446
517,59.0,mumbai,premium,electronics,8.0,35458.22,283665.76,31.7,44,135,12,8,Cash,357
518,42.0,Pune,New,Electronics,50.0,8958.81,447940.5,16.76,338,39,5,9,CREDIT CARD,1605
519,63.0,chennai,New,clothing,20.0,36643.01,732860.2,48.05,148,161,5,3,CREDIT CARD,445
520,18.0,delhi,Premium,GROCERIES,32.0,42842.85,1370971.2,27.18,3,156,15,15,Debit Card,1235
521,60.0,Kolkata,new,groceries,29.0,4430.54,128485.66,30.01,126,141,8,19,cash,1171
522,70.0,MUMBAI,Premium,ELECTRONICS,10.0,3225.66,32256.6,17.45,75,9,18,9,debit card,708
523,23.0,chennai,premium,groceries,12.0,8486.09,101833.08,14.22,339,178,19,9,net banking,393
524,47.0,pune,REGULAR,Electronics,6.0,38541.34,231248.04,16.14,195,18,13,6,net banking,162
525,36.0,Kolkata,PREMIUM,electronics,45.0,43040.69,1936831.05,16.46,212,135,6,44,Debit Card,1283
526,21.0, Chennai ,Inactive,sports,41.0,26682.86,1093997.26,4.38,353,155,9,27,Cash,1766
527,38.0,delhi,NEW,furniture,40.0,18015.74,720629.6,6.49,289,128,16,40,Net Banking,1038
528,69.0,mumbai,Inactive,Clothing,46.0,14879.16,684441.36,9.68,61,7,14,40,credit card,1540
529,31.0,Hyderabad,New,Electronics,22.0,17807.68,391768.96,40.3,109,3,20,6,debit card,551
530,68.0,CHENNAI,regular,clothing,33.0,27724.68,914914.44,38.35,59,176,10,21,upi,1513
531,54.0,,PREMIUM,Clothing,22.0,41774.35,919035.7,46.11,246,122,1,20,CREDIT CARD,1016
532,27.0,hyderabad,NEW,Groceries,30.0,39307.46,1179223.8,20.7,29,134,9,18,cash,676
533,53.0,Pune,Premium,Clothing,37.0,34431.92,1273981.04,39.98,182,17,4,17,Credit Card,724
534,42.0,Pune,PREMIUM,furniture,39.0,19783.53,771557.67,29.76,158,181,10,2,debit card,877
535,23.0,Kolkata,Regular,Groceries,29.0,41558.14,1205186.06,15.13,269,78,5,3,UPI,1637
536,20.0,MUMBAI,premium,GROCERIES,33.0,1734.27,57230.91,24.13,257,40,6,21,Net Banking,1530
537,51.0,DELHI,REGULAR,ELECTRONICS,50.0,43654.05,2182702.5,41.11,265,174,4,13,Credit Card,970
538,42.0,kolkata,premium,Electronics,20.0,46650.7,933014.0,34.35,305,23,10,14,Credit Card,241
539,51.0,DELHI,Premium,furniture,49.0,,781602.43,44.61,165,52,6,18,debit card,1120
540,38.0,hyderabad,inactive,electronics,18.0,7891.38,142044.84,13.68,8,160,17,16,credit card,453
541,52.0,bangalore,NEW,Groceries,18.0,7507.06,135127.08,35.22,146,147,7,5,credit card,667
542,57.0,Bangalore,NEW,GROCERIES,4.0,6938.66,27754.64,23.54,346,13,3,3,Credit Card,206
543,45.0,BANGALORE,PREMIUM,sports,39.0,44618.16,1740108.24,31.47,354,180,14,39,UPI,669
544,39.0,MUMBAI,inactive,Books,35.0,4388.01,153580.35,46.14,239,146,4,5,Net Banking,229
545,,DELHI,inactive,Sports,46.0,38441.43,1768305.78,23.53,115,37,19,16,UPI,832
546,29.0,Bangalore,REGULAR,GROCERIES,32.0,1998.07,63938.24,23.77,180,123,14,10,debit card,1602
547,40.0,pune,PREMIUM,Furniture,7.0,20581.46,144070.22,35.71,55,84,17,1,debit card,1121
548,47.0,BANGALORE,Inactive,groceries,16.0,31233.3,499732.8,27.4,247,99,2,10,Debit Card,1696
549,62.0,pune,New,Books,28.0,28576.95,800154.6,17.11,356,61,5,21,cash,189
550,65.0,pune,new,electronics,38.0,30005.74,1140218.12,16.27,50,114,5,19,upi,172
551,56.0, Chennai ,inactive,books,39.0,38681.5,1508578.5,18.95,254,166,1,5,Debit Card,1703
552,26.0,pune,inactive,Books,1.0,37975.35,37975.35,33.04,232,137,9,1,Cash,1213
553,46.0,MUMBAI,Regular,Sports,21.0,15336.9,322074.9,39.72,348,78,13,11,credit card,1223
554,18.0,kolkata,New,books,9.0,42699.01,384291.09,3.12,282,14,0,8,UPI,254
555,36.0,Chennai,Regular,groceries,45.0,29713.11,1337089.95,31.26,365,98,12,24,upi,1146
556,31.0,mumbai,new,ELECTRONICS,13.0,,363913.81,42.17,185,107,4,4,cash,287
557,26.0,Chennai,premium,Sports,2.0,7627.8,15255.6,44.24,337,112,4,0,CREDIT CARD,1345
558,69.0,Hyderabad,new,Books,45.0,30419.26,1368866.7,21.29,93,117,16,27,net banking,1709
559,46.0,BANGALORE,REGULAR,Clothing,12.0,21526.21,258314.52,0.37,256,188,7,11,net banking,581
560,44.0,Pune,Inactive,Groceries,3.0,48922.56,146767.68,28.41,361,95,3,3,credit card,320
561,64.0,kolkata,regular,GROCERIES,34.0,4372.61,148668.74,44.5,46,63,15,4,cash,1327
562,52.0,pune,regular,furniture,4.0,45227.47,180909.88,26.75,6,121,14,4,Net Banking,1205
563,64.0,Bangalore,New,Groceries,19.0,14815.82,281500.58,1.77,306,192,9,18,debit card,155
564,58.0,Kolkata,Inactive,ELECTRONICS,37.0,3055.18,113041.66,49.52,320,7,9,31,credit card,289
565,50.0,CHENNAI,regular,clothing,9.0,30981.99,278837.91,13.76,132,4,3,9,CREDIT CARD,1241
566,65.0,Mumbai,inactive,GROCERIES,24.0,40488.11,971714.64,13.06,359,61,15,5,net banking,1795
567,20.0,Bangalore,premium,ELECTRONICS,39.0,46730.12,1822474.68,7.71,254,193,13,24,Debit Card,1383
568,46.0,mumbai,Regular,furniture,47.0,42170.74,1982024.78,2.72,136,194,3,3,CREDIT CARD,980
569,43.0,Kolkata,regular,GROCERIES,48.0,47438.46,2277046.08,46.12,120,98,12,30,debit card,327
570,51.0,Hyderabad,Premium,clothing,29.0,19409.2,562866.8,15.78,272,175,1,3,net banking,1335
571,40.0,Hyderabad,Inactive,Sports,18.0,17080.89,307456.02,13.35,51,66,20,18,upi,974
572,67.0,Delhi,inactive,furniture,50.0,10148.82,507441.0,16.87,354,47,10,35,Credit Card,1407
573,18.0,CHENNAI,Premium,groceries,7.0,26500.58,185504.06,34.27,180,57,9,4,Debit Card,99
574,19.0,CHENNAI,Premium,furniture,43.0,44751.36,1924308.48,10.84,307,164,3,7,credit card,1783
575,56.0,Mumbai,New,Sports,49.0,45044.91,2207200.59,28.3,95,29,5,16,debit card,986
576,60.0,CHENNAI,inactive,GROCERIES,18.0,38583.28,694499.04,34.61,342,198,10,8,CREDIT CARD,1628
577,22.0,delhi,Premium,groceries,25.0,16966.41,424160.25,3.0,136,46,14,2,Net Banking,440
578,,BANGALORE,PREMIUM,Sports,32.0,5867.31,187753.92,27.03,221,56,19,6,Net Banking,1495
579,34.0, Chennai ,Premium,electronics,5.0,28781.56,143907.8,12.53,229,5,15,1,cash,1341
580,18.0,chennai,inactive,groceries,18.0,8004.57,144082.26,16.49,201,148,0,16,Net Banking,1009
581,45.0,BANGALORE,premium,Furniture,15.0,663.71,9955.65,47.71,247,32,18,11,UPI,1426
582,37.0,BANGALORE,Premium,Sports,42.0,4988.02,209496.84,26.73,175,21,14,18,cash,445
583,29.0,Pune,Premium,groceries,43.0,9954.66,428050.38,34.79,55,162,11,31,credit card,1325
584,46.0,MUMBAI,PREMIUM,Electronics,13.0,1755.55,22822.15,49.82,123,126,12,1,net banking,1347
585,37.0,Kolkata,NEW,books,29.0,,1402017.18,0.82,174,15,10,25,Credit Card,860
586,25.0,MUMBAI,inactive,Sports,34.0,23189.33,788437.22,33.9,275,39,18,14,credit card,105
587,65.0,Mumbai,new,Sports,2.0,23825.37,47650.74,45.9,24,63,20,0,Credit Card,382
588,58.0,chennai,regular,books,7.0,23081.14,161567.98,8.53,303,17,3,1,Net Banking,1248
589,69.0,Delhi,premium,Books,13.0,21597.47,280767.11,40.58,348,103,10,1,cash,1209
590,,Mumbai,REGULAR,books,14.0,38329.28,536609.92,29.65,172,17,3,4,CREDIT CARD,1581
591,44.0,mumbai,REGULAR,Furniture,11.0,22213.73,244351.03,46.28,21,35,3,10,Cash,800
592,67.0,mumbai,Premium,GROCERIES,6.0,814.3,4885.8,8.97,46,181,20,4,debit card,882
593,62.0,Kolkata,PREMIUM,Clothing,10.0,32171.37,321713.7,26.15,211,62,5,9,Credit Card,1251
594,29.0,Kolkata,Inactive,electronics,41.0,41410.94,1697848.54,15.06,215,2,17,15,Debit Card,270
595,51.0, Chennai ,Inactive,Groceries,49.0,49345.72,2417940.28,25.38,238,198,20,42,Debit Card,596
596,21.0,MUMBAI,premium,Books,10.0,34419.57,344195.7,48.43,243,128,5,2,cash,118
597,21.0,bangalore,regular,Clothing,28.0,12943.4,362415.2,30.84,233,12,3,23,Credit Card,1130
598,29.0,mumbai,Premium,GROCERIES,33.0,6245.22,206092.26,44.75,228,152,18,20,upi,437
599,65.0,Bangalore,Regular,Books,8.0,16643.55,133148.4,4.9,212,52,12,3,credit card,994
600,55.0,Kolkata,Premium,groceries,10.0,11200.18,112001.8,30.47,92,100,11,2,Net Banking,1504
601,30.0,bangalore,regular,Clothing,22.0,6796.98,149533.56,34.61,31,72,4,3,Net Banking,969
602,44.0,mumbai,REGULAR,Clothing,19.0,30379.98,577219.62,39.48,327,157,5,18,net banking,1781
603,32.0,CHENNAI,New,books,34.0,24716.06,840346.04,49.78,303,122,14,17,Credit Card,1525
604,45.0,Delhi,Regular,Groceries,28.0,29183.62,817141.36,44.59,303,39,18,28,Credit Card,885
605,20.0,chennai,new,sports,50.0,25458.71,1272935.5,21.28,202,123,3,28,Net Banking,522
606,23.0,Pune,Premium,sports,47.0,20627.59,969496.73,10.9,184,76,7,41,credit card,62
607,48.0,DELHI,PREMIUM,sports,30.0,42967.14,1289014.2,37.36,13,117,14,24,CREDIT CARD,1820
608,63.0,BANGALORE,PREMIUM,Books,24.0,31527.14,756651.36,35.2,1,161,2,12,UPI,1117
609,20.0,DELHI,New,Books,18.0,35053.72,630966.96,30.63,295,54,2,10,Credit Card,1084
610,61.0,bangalore,Premium,electronics,25.0,18596.75,464918.75,30.96,188,94,5,20,net banking,1473
611,22.0,Pune,Regular,ELECTRONICS,22.0,12312.32,270871.04,5.68,245,189,18,22,Debit Card,1572
612,65.0,Delhi,REGULAR,Groceries,18.0,25426.52,457677.36,21.15,28,17,11,11,Net Banking,1025
613,50.0,kolkata,premium,GROCERIES,46.0,26829.27,1234146.42,41.27,150,116,19,23,cash,1449
614,69.0,CHENNAI,Regular,GROCERIES,6.0,4468.43,26810.58,44.9,148,20,3,1,debit card,259
615,62.0,Mumbai,new,ELECTRONICS,14.0,26274.04,367836.56,31.36,151,107,17,14,CREDIT CARD,1000
616,40.0,Hyderabad,new,sports,42.0,1563.37,65661.54,9.45,12,60,16,41,UPI,873
617,55.0,Bangalore,inactive,Sports,21.0,24564.35,515851.35,33.29,272,141,14,14,debit card,1191
618,26.0,DELHI,PREMIUM,Books,17.0,11725.71,199337.07,18.6,148,198,1,4,UPI,612
619,47.0,mumbai,Inactive,ELECTRONICS,46.0,26998.18,1241916.28,9.11,90,182,4,10,Debit Card,269
620,20.0,Bangalore,Inactive,ELECTRONICS,29.0,13390.16,388314.64,9.22,288,182,1,21,UPI,734
621,27.0,bangalore,new,Furniture,11.0,26915.33,296068.63,6.07,13,104,15,2,Net Banking,685
622,27.0,Chennai,NEW,Furniture,22.0,32538.58,715848.76,14.78,149,194,18,21,CREDIT CARD,1667
623,54.0,hyderabad,REGULAR,sports,8.0,36716.21,293729.68,45.01,72,174,17,1,debit card,80
624,43.0,Delhi,new,Groceries,6.0,16655.14,99930.84,30.41,100,150,16,1,debit card,430
625,19.0,CHENNAI,NEW,books,29.0,34014.64,986424.56,47.88,263,101,6,15,UPI,1265
626,56.0,kolkata,Premium,Sports,24.0,20179.12,484298.88,35.8,219,95,12,11,Credit Card,612
627,40.0,bangalore,regular,GROCERIES,36.0,4836.13,174100.68,36.39,228,190,13,28,debit card,365
628,69.0,Hyderabad,New,ELECTRONICS,38.0,30097.82,1143717.16,7.18,156,122,16,21,credit card,1239
629,66.0,BANGALORE,premium,Electronics,27.0,32120.9,867264.3,13.67,90,143,14,22,Cash,1576
630,26.0,MUMBAI,PREMIUM,books,25.0,14828.43,370710.75,24.53,155,150,9,15,net banking,1545
631,47.0,Delhi,Premium,Books,1.0,8124.19,8124.19,15.01,328,163,15,0,cash,1393
632,36.0,Hyderabad,PREMIUM,GROCERIES,45.0,32416.9,1458760.5,1.42,142,127,2,38,UPI,1220
633,48.0,pune,New,books,17.0,31585.8,536958.6,23.8,356,31,11,16,Cash,65
634,34.0,mumbai,Inactive,Electronics,10.0,16324.22,163242.2,43.92,70,92,5,0,debit card,769
635,44.0,bangalore,Premium,clothing,19.0,26715.81,507600.39,46.82,264,50,20,5,credit card,1256
636,66.0,mumbai,NEW,Groceries,21.0,41427.69,869981.49,34.25,155,70,11,3,net banking,1217
637,40.0,Mumbai,Premium,ELECTRONICS,34.0,14430.18,490626.12,38.94,211,88,5,6,Debit Card,346
638,50.0,Delhi,Regular,Books,36.0,30864.7,1111129.2,41.57,270,137,17,7,upi,973
639,22.0, Chennai ,PREMIUM,Electronics,31.0,17736.39,549828.09,34.55,72,114,19,21,CREDIT CARD,1483
640,37.0,Chennai,premium,Clothing,9.0,42912.35,386211.15,7.12,117,79,4,3,CREDIT CARD,190
641,45.0, Chennai ,premium,Electronics,50.0,24470.62,1223531.0,21.56,101,28,1,50,cash,1081
642,55.0,chennai,new,electronics,17.0,2642.43,44921.31,15.08,6,194,3,3,Cash,450
643,55.0,MUMBAI,PREMIUM,Sports,23.0,1948.33,44811.59,7.28,143,149,11,11,CREDIT CARD,1781
644,50.0,Delhi,NEW,furniture,5.0,5405.73,27028.65,28.91,8,136,6,5,Debit Card,607
645,28.0,Pune,Premium,sports,7.0,46249.49,323746.43,46.02,363,122,11,2,Net Banking,1409
646,24.0,mumbai,REGULAR,groceries,28.0,11106.56,310983.68,11.38,58,195,10,3,Net Banking,255
647,51.0,Mumbai,new,Books,24.0,35384.18,849220.32,27.86,21,22,10,15,credit card,818
648,36.0,hyderabad,Inactive,sports,20.0,34508.8,690176.0,42.05,116,142,13,9,upi,416
649,22.0,Kolkata,inactive,Groceries,12.0,1132.9,13594.8,33.71,345,27,12,7,net banking,1378
650,61.0,CHENNAI,premium,ELECTRONICS,26.0,20330.9,528603.4,29.53,53,190,5,2,UPI,437
651,39.0,MUMBAI,Inactive,books,26.0,6576.73,170994.98,41.91,256,72,18,18,debit card,1578
652,68.0,BANGALORE,REGULAR,GROCERIES,43.0,30356.69,1305337.67,20.22,249,131,8,9,Net Banking,251
653,25.0,delhi,new,GROCERIES,15.0,31604.37,474065.55,6.73,51,189,1,2,Net Banking,1418
654,19.0,mumbai,New,furniture,44.0,16684.32,734110.08,15.14,320,25,2,42,net banking,1601
655,49.0,hyderabad,Regular,clothing,43.0,25146.0,1081278.0,25.24,278,88,17,34,Credit Card,1594
656,20.0,Hyderabad,premium,groceries,29.0,16070.68,466049.72,18.82,236,10,1,5,net banking,1380
657,67.0,DELHI,PREMIUM,GROCERIES,28.0,7157.17,200400.76,35.79,250,196,3,18,cash,1034
658,60.0,Pune,inactive,Furniture,37.0,23756.01,878972.37,28.11,81,130,1,25,debit card,1043
659,55.0,BANGALORE,Inactive,Sports,23.0,38440.3,884126.9,14.22,32,8,18,1,CREDIT CARD,1744
660,41.0,bangalore,Inactive,Electronics,49.0,44621.47,2186452.03,17.06,50,110,11,22,upi,749
661,21.0,Delhi,Regular,Clothing,42.0,15948.93,669855.06,4.25,353,17,9,7,UPI,377
662,19.0,Pune,REGULAR,Electronics,30.0,33059.51,991785.3,21.12,264,108,8,0,Net Banking,1234
663,19.0,Bangalore,New,furniture,25.0,16459.86,411496.5,4.89,251,26,6,10,Net Banking,1059
664,69.0,Bangalore,PREMIUM,furniture,20.0,18485.05,369701.0,21.8,255,163,2,17,Debit Card,618
665,34.0,chennai,regular,furniture,26.0,40327.85,1048524.1,31.23,48,184,18,3,Cash,719
666,35.0,CHENNAI,Inactive,Books,34.0,24025.78,816876.52,10.49,40,167,9,32,debit card,916
667,60.0,Pune,REGULAR,Clothing,27.0,20413.9,551175.3,31.25,233,172,17,5,Credit Card,1315
668,63.0,kolkata,PREMIUM,furniture,32.0,11041.16,353317.12,48.11,240,69,20,27,Cash,1518
669,58.0,chennai,NEW,Clothing,,23393.09,561434.16,12.02,351,196,9,0,upi,682
670,22.0,MUMBAI,New,clothing,19.0,32479.11,617103.09,12.82,308,61,12,7,credit card,337
671,30.0,Chennai,Regular,Books,20.0,23475.91,469518.2,27.99,224,109,20,1,Debit Card,356
672,35.0,Mumbai,Premium,clothing,18.0,33104.2,595875.6,8.8,22,185,15,0,Credit Card,1790
673,23.0,Bangalore,Inactive,clothing,5.0,45078.46,225392.3,20.35,187,172,2,3,CREDIT CARD,513
674,25.0,pune,NEW,electronics,34.0,33378.75,1134877.5,29.02,269,65,15,5,Debit Card,1258
675,25.0,Bangalore,REGULAR,books,38.0,36993.2,1405741.6,40.29,121,109,6,9,credit card,388
676,31.0,delhi,new,groceries,17.0,43213.55,734630.35,2.8,274,96,3,10,net banking,897
677,48.0,Delhi,regular,Books,10.0,18468.4,184684.0,35.78,158,6,20,9,Credit Card,1753
678,65.0,chennai,inactive,Clothing,17.0,27860.03,473620.51,15.46,359,93,3,17,Debit Card,1786
679,46.0,BANGALORE,Premium,groceries,17.0,15393.96,261697.32,46.82,121,8573,6,5,Net Banking,1323
680,38.0,Hyderabad,Premium,clothing,6.0,41248.29,247489.74,47.02,242,189,13,6,UPI,1499
681,45.0, Chennai ,PREMIUM,sports,17.0,25563.56,434580.52,17.59,309,187,17,10,Net Banking,1453
682,19.0,chennai,inactive,Sports,12.0,31692.74,380312.88,39.55,70,1,12,3,cash,655
683,38.0,pune,premium,electronics,11.0,12855.38,141409.18,35.68,333,196,4,9,cash,870
684,68.0,Bangalore,new,GROCERIES,48.0,7108.74,341219.52,8.67,304,84,9,12,credit card,878
685,41.0,mumbai,New,groceries,37.0,11612.11,429648.07,47.41,286,166,19,14,credit card,977
686,30.0,delhi,PREMIUM,Electronics,26.0,31091.2,808371.2,30.02,77,23,11,5,Cash,270
687,18.0,kolkata,New,Books,30.0,41449.24,1243477.2,24.71,115,183,6,6,debit card,619
688,65.0,Kolkata,New,ELECTRONICS,28.0,42888.72,1200884.16,30.0,145,187,6,13,CREDIT CARD,866
689,68.0,Mumbai,Premium,clothing,17.0,12156.54,206661.18,22.55,128,95,18,14,credit card,51
690,48.0,Mumbai,REGULAR,sports,26.0,34499.2,896979.2,35.67,363,109,19,8,credit card,225
691,53.0,chennai,Premium,Groceries,16.0,23811.15,380978.4,17.72,311,172,19,1,Credit Card,549
692,50.0,BANGALORE,regular,groceries,43.0,18859.61,810963.23,48.4,287,11,18,11,debit card,377
693,50.0,Kolkata,REGULAR,GROCERIES,9.0,4937.58,44438.22,35.51,222,37,8,1,UPI,120
694,26.0,Kolkata,regular,sports,24.0,46348.73,1112369.52,14.15,135,157,8,16,UPI,922
695,28.0,Bangalore,new,Books,10.0,28005.9,280059.0,46.14,326,113,1,3,CREDIT CARD,141
696,32.0,mumbai,Premium,GROCERIES,17.0,8595.97,146131.49,23.36,60,127,1,14,UPI,1482
697,53.0,,new,GROCERIES,8.0,42369.0,338952.0,43.34,64,90,2,3,debit card,399
698,28.0,kolkata,regular,furniture,43.0,29491.03,1268114.29,29.18,3,135,18,11,upi,187
699,33.0,Kolkata,inactive,electronics,22.0,1785.13,39272.86,34.07,349,32,12,11,Cash,247
700,38.0,Mumbai,Premium,electronics,30.0,41619.61,1248588.3,32.98,233,161,8,19,cash,41
701,39.0,chennai,inactive,furniture,29.0,16583.32,480916.28,36.58,292,34,6,27,Credit Card,1671
702,59.0,DELHI,REGULAR,Books,4.0,37318.1,149272.4,27.36,309,98,2,3,debit card,394
703,33.0,BANGALORE,premium,Electronics,14.0,8565.56,119917.84,38.97,146,166,20,2,credit card,641
704,49.0,Hyderabad,regular,Sports,39.0,6998.69,272948.91,33.28,189,132,6,31,Net Banking,824
705,48.0,delhi,Inactive,furniture,28.0,4966.01,139048.28,21.13,189,158,5,13,cash,902
706,,chennai,NEW,Groceries,30.0,33983.78,1019513.4,32.38,80,127,16,20,cash,1104
707,23.0,DELHI,new,groceries,6.0,45406.78,272440.68,23.88,77,33,9,6,Debit Card,1101
708,45.0,DELHI,Inactive,Electronics,36.0,4288.36,154380.96,2.25,56,131,13,26,credit card,981
709,60.0,pune,regular,Groceries,17.0,29485.61,501255.37,38.43,9,30,14,5,CREDIT CARD,1756
710,43.0,chennai,premium,groceries,46.0,15233.55,700743.3,29.36,233,194,14,39,debit card,729
711,69.0,mumbai,Regular,ELECTRONICS,6.0,37477.95,224867.7,30.2,345,28,13,4,Credit Card,41
712,43.0, Chennai ,Premium,ELECTRONICS,42.0,24117.43,1012932.06,34.59,337,191,19,31,debit card,1296
713,70.0,bangalore,inactive,sports,44.0,20052.36,882303.84,15.13,65,35,0,12,credit card,1701
714,19.0,MUMBAI,Premium,Clothing,31.0,32606.85,1010812.35,32.49,224,161,17,12,credit card,646
715,67.0,hyderabad,PREMIUM,GROCERIES,28.0,1579.93,44238.04,8.31,79,190,14,15,Net Banking,70
716,46.0,pune,Regular,Clothing,19.0,28686.81,545049.39,41.69,27,86,0,3,cash,1765
717,63.0,Hyderabad,New,books,32.0,36985.38,1183532.16,29.79,284,75,1,31,upi,1025
718,50.0,pune,Inactive,Sports,32.0,11979.34,383338.88,3.04,10,109,18,20,net banking,160
719,35.0,Hyderabad,new,electronics,32.0,31323.49,1002351.68,32.31,230,179,13,1,CREDIT CARD,619
720,64.0,MUMBAI,new,Groceries,29.0,11989.1,347683.9,10.99,351,87,19,27,cash,989
721,26.0,DELHI,New,groceries,44.0,32798.76,1443145.44,18.01,242,42,19,13,debit card,1444
722,65.0,CHENNAI,inactive,GROCERIES,9.0,9077.91,81701.19,7.82,252,26,13,7,debit card,510
723,31.0,Pune,Premium,Electronics,23.0,44104.85,1014411.55,17.85,82,45,16,1,credit card,721
724,45.0, Chennai ,Inactive,Clothing,8.0,28318.08,226544.64,24.32,175,91,1,8,debit card,339
725,62.0,kolkata,Inactive,Sports,7.0,,248269.28,46.33,225,118,3,1,Cash,1278
726,68.0, Chennai ,NEW,Electronics,33.0,5717.85,188689.05,31.5,106,93,5,18,Net Banking,1590
727,50.0,Kolkata,premium,ELECTRONICS,42.0,18504.98,777209.16,40.96,63,52,14,26,Credit Card,532
728,69.0,Kolkata,REGULAR,clothing,33.0,8977.46,296256.18,13.3,213,93,20,15,CREDIT CARD,1572
729,66.0,kolkata,New,Books,15.0,7330.72,109960.8,150.0,210,118,16,11,Credit Card,936
730,27.0,Chennai,NEW,electronics,6.0,17246.03,103476.18,20.08,85,112,1,3,Credit Card,1382
731,59.0,Mumbai,Inactive,Electronics,41.0,49012.33,2009505.53,39.95,267,76,13,25,cash,1465
732,53.0,DELHI,REGULAR,Groceries,1.0,41436.68,41436.68,45.01,313,38,12,1,cash,450
733,52.0,hyderabad,REGULAR,Books,42.0,20523.03,861967.26,9.86,155,22,1,34,UPI,828
734,64.0,Mumbai,NEW,Furniture,19.0,11079.86,210517.34,25.58,160,134,10,5,Credit Card,87
735,68.0,Pune,Inactive,clothing,16.0,41695.33,667125.28,15.2,217,130,3,1,UPI,561
736,58.0,kolkata,REGULAR,electronics,4.0,37949.72,151798.88,47.07,230,77,18,0,Net Banking,724
737,33.0,pune,Inactive,sports,41.0,33443.27,1371174.07,42.22,120,90,9,18,cash,1637
738,70.0,pune,inactive,ELECTRONICS,46.0,19194.45,882944.7,36.88,54,84,16,37,Debit Card,1715
739,67.0,bangalore,new,electronics,10.0,35726.2,357262.0,41.42,42,24,1,6,CREDIT CARD,1005
740,31.0,hyderabad,premium,Groceries,44.0,26549.65,1168184.6,29.41,266,200,12,16,Cash,1051
741,58.0,Hyderabad,new,sports,32.0,36719.99,1175039.68,20.85,84,37,16,8,Net Banking,1486
742,47.0,Mumbai,NEW,books,34.0,6343.88,215691.92,10.63,243,9,5,23,credit card,1262
743,44.0,,premium,Groceries,37.0,14834.73,548885.01,26.14,61,8573,9,23,debit card,632
744,49.0,Chennai,PREMIUM,ELECTRONICS,38.0,21376.97,812324.86,46.84,157,73,6,11,Net Banking,34
745,-5.0,Pune,REGULAR,electronics,3.0,21169.97,63509.91,28.65,290,116,10,3,Net Banking,1738
746,64.0,Mumbai,PREMIUM,Furniture,41.0,23316.34,955969.94,22.5,230,39,10,5,Cash,1390
747,57.0,Hyderabad,New,Clothing,26.0,17280.4,449290.4,2.29,344,114,8,20,credit card,1803
748,28.0,Chennai,Inactive,Sports,50.0,35516.24,1775812.0,28.05,64,165,17,5,Debit Card,1297
749,52.0,pune,Premium,furniture,34.0,9875.1,335753.4,23.79,10,31,17,11,Credit Card,593
750,68.0,MUMBAI,Regular,books,46.0,42026.41,1933214.86,28.98,44,137,19,20,upi,1236
751,20.0,Kolkata,Premium,Groceries,28.0,9435.15,264184.2,1.2,271,82,12,8,credit card,264
752,24.0,Pune,PREMIUM,clothing,10.0,9542.11,95421.1,38.42,79,79,13,10,CREDIT CARD,150
753,57.0,Bangalore,PREMIUM,Electronics,46.0,3395.84,156208.64,19.5,164,37,13,20,debit card,799
754,70.0, Chennai ,Premium,Clothing,16.0,37730.62,603689.92,29.3,253,131,16,12,credit card,581
755,21.0,Bangalore,new,Furniture,27.0,3740.18,100984.86,1.45,325,60,0,8,net banking,1230
756,61.0, Chennai ,Regular,Books,36.0,32751.77,1179063.72,6.28,291,105,14,5,cash,1054
757,31.0,Mumbai,REGULAR,Furniture,11.0,39210.17,431311.87,26.88,217,143,14,0,Credit Card,1694
758,47.0,DELHI,inactive,ELECTRONICS,1.0,3478.66,3478.66,46.09,140,154,8,1,UPI,1755
759,58.0,MUMBAI,Inactive,books,33.0,14424.91,476022.03,8.07,274,145,2,19,credit card,839
760,62.0, Chennai ,PREMIUM,sports,36.0,49941.65,1797899.4,43.91,108,157,16,20,cash,731
761,58.0,delhi,new,clothing,16.0,33282.71,532523.36,16.08,108,118,19,10,Credit Card,1446
762,26.0,Chennai,Inactive,GROCERIES,1.0,45121.53,45121.53,33.64,212,143,15,1,net banking,196
763,68.0,CHENNAI,NEW,Electronics,43.0,22536.25,969058.75,6.17,193,154,11,24,CREDIT CARD,1748
764,67.0,Chennai,premium,GROCERIES,24.0,46844.27,1124262.48,22.23,114,191,0,24,debit card,1423
765,63.0,,Regular,electronics,40.0,31449.21,1257968.4,40.42,114,60,15,23,Credit Card,604
766,49.0,MUMBAI,Premium,Clothing,41.0,20106.27,824357.07,43.5,292,129,15,10,net banking,426
767,60.0,pune,inactive,Sports,39.0,28474.44,1110503.16,3.27,66,191,2,8,debit card,1197
768,32.0,kolkata,regular,Clothing,44.0,1644.32,72350.08,48.49,348,137,19,16,cash,1177
769,47.0,Chennai,New,Sports,44.0,47182.17,2076015.48,2.59,166,111,13,17,credit card,1422
770,51.0,hyderabad,new,Groceries,34.0,38071.57,1294433.38,44.19,115,13,8,26,net banking,949
771,38.0,Chennai,New,Clothing,22.0,4549.54,100089.88,28.59,13,189,7,22,upi,182
772,33.0,MUMBAI,PREMIUM,Groceries,20.0,3610.78,72215.6,31.26,15,123,13,0,Cash,1662
773,58.0,Bangalore,regular,Clothing,7.0,23942.04,167594.28,47.94,28,86,16,3,credit card,1618
774,56.0,hyderabad,premium,Sports,29.0,29157.26,845560.54,4.28,32,9,12,10,credit card,1632
775,26.0,chennai,new,Electronics,20.0,30731.56,614631.2,21.59,53,174,1,17,Credit Card,633
776,42.0,BANGALORE,premium,furniture,49.0,20849.85,1021642.65,43.23,338,160,0,29,upi,980
777,68.0,Hyderabad,Inactive,furniture,7.0,17311.02,121177.14,46.88,14,117,16,5,Cash,424
778,24.0, Chennai ,Premium,furniture,46.0,3843.45,176798.7,39.47,100,147,4,40,net banking,554
779,40.0,Hyderabad,new,sports,40.0,22508.9,900356.0,12.16,23,16,4,19,Cash,922
780,50.0,bangalore,regular,furniture,35.0,38887.04,1361046.4,7.37,159,155,10,18,UPI,46
781,51.0,pune,inactive,Sports,10.0,3337.22,33372.2,25.36,287,14,13,5,Debit Card,440
782,58.0,MUMBAI,premium,Groceries,13.0,33559.08,436268.04,34.74,240,154,10,13,Cash,1189
783,39.0,DELHI,New,Groceries,11.0,5689.97,62589.67,43.81,22,127,7,0,cash,486
784,62.0,Delhi,new,furniture,14.0,12331.44,172640.16,36.73,170,190,12,3,upi,407
785,70.0,Chennai,REGULAR,Electronics,5.0,18215.39,91076.95,27.73,73,75,14,1,cash,1229
786,66.0,bangalore,Premium,Electronics,13.0,10292.34,133800.42,8.71,135,185,5,5,net banking,533
787,29.0,MUMBAI,Premium,ELECTRONICS,17.0,45577.12,774811.04,1.05,347,36,12,3,UPI,460
788,37.0,hyderabad,Regular,Groceries,24.0,,797159.52,47.06,320,112,2,3,CREDIT CARD,297
789,68.0,MUMBAI,Regular,Furniture,25.0,34870.52,871763.0,15.9,220,163,7,1,Cash,1232
790,30.0,Pune,regular,Books,10.0,16720.19,167201.9,2.66,144,33,16,9,Net Banking,458
791,64.0,CHENNAI,new,Books,43.0,30936.88,1330285.84,8.37,199,193,20,32,UPI,1051
792,51.0,hyderabad,PREMIUM,Groceries,46.0,19007.0,874322.0,34.73,254,122,8,37,upi,1336
793,68.0,pune,inactive,Electronics,14.0,11366.55,159131.7,10.15,121,102,6,4,upi,802
794,54.0,mumbai,REGULAR,clothing,36.0,4695.57,169040.52,37.58,152,114,16,22,Debit Card,1225
795,20.0,,NEW,furniture,22.0,21592.07,475025.54,23.38,210,95,15,10,debit card,813
796,19.0,mumbai,new,Clothing,17.0,32445.07,551566.19,17.95,43,76,16,16,net banking,1348
797,23.0,delhi,Regular,electronics,8.0,4031.76,32254.08,1.91,103,86,6,5,debit card,649
798,65.0,delhi,Regular,sports,39.0,49900.79,1946130.81,49.92,279,67,0,19,debit card,1714
799,40.0,BANGALORE,New,books,38.0,38011.4,1444433.2,0.59,335,132,4,25,Debit Card,494
800,64.0,MUMBAI,new,Clothing,34.0,29556.68,1004927.12,27.63,240,185,14,21,credit card,671
801,30.0,,New,Clothing,29.0,22773.61,660434.69,27.92,192,36,18,27,CREDIT CARD,655
802,65.0,Chennai,new,Books,43.0,41797.79,1797304.97,16.99,215,109,12,34,debit card,697
803,55.0,Chennai,Inactive,Books,3.0,46146.14,138438.42,7.68,170,146,20,3,upi,448
804,43.0,CHENNAI,NEW,groceries,13.0,24001.49,312019.37,16.44,232,164,9,1,CREDIT CARD,243
805,61.0,Pune,PREMIUM,Electronics,45.0,30366.51,1366492.95,1.34,102,18,12,18,Debit Card,507
806,36.0,kolkata,premium,GROCERIES,4.0,18748.29,74993.16,0.55,168,106,12,1,credit card,294
807,52.0,Hyderabad,new,sports,5.0,19755.15,98775.75,45.18,106,34,6,2,upi,1705
808,63.0,Kolkata,PREMIUM,furniture,37.0,46988.14,1738561.18,29.37,258,184,14,17,Debit Card,45
809,27.0,hyderabad,premium,books,26.0,30440.01,791440.26,12.34,169,146,15,14,Net Banking,1209
810,20.0,CHENNAI,regular,Sports,30.0,17665.7,529971.0,42.13,153,101,19,26,CREDIT CARD,880
811,33.0,mumbai,Inactive,sports,28.0,23162.49,648549.72,45.54,94,179,18,3,upi,1460
812,20.0,Delhi,PREMIUM,clothing,41.0,,1111838.41,33.33,35,179,6,31,upi,1590
813,53.0, Chennai ,REGULAR,electronics,49.0,5708.62,279722.38,38.33,167,105,14,10,debit card,454
814,50.0,chennai,new,Electronics,5.0,32123.9,160619.5,33.78,237,98,10,5,upi,1782
815,30.0,BANGALORE,Premium,Electronics,17.0,6176.79,105005.43,45.86,168,172,14,15,Net Banking,169
816,23.0,Pune,inactive,Clothing,46.0,47525.91,2186191.86,7.01,143,42,5,1,Cash,235
817,29.0,DELHI,premium,Furniture,48.0,19847.05,952658.4,3.88,6,174,8,9,Net Banking,763
818,29.0,MUMBAI,Premium,Sports,35.0,11200.24,392008.4,34.84,326,134,20,6,upi,1443
819,37.0,hyderabad,Premium,furniture,1.0,2908.9,2908.9,18.87,104,64,11,0,Debit Card,217
820,19.0,Hyderabad,Premium,Electronics,22.0,41116.06,904553.32,34.0,33,57,3,21,CREDIT CARD,1512
821,28.0,chennai,New,Furniture,7.0,40873.4,286113.8,16.13,321,49,19,3,net banking,839
822,45.0, Chennai ,Regular,Clothing,7.0,18150.53,127053.71,8.68,206,168,10,0,upi,465
823,47.0,Delhi,premium,Sports,18.0,32672.28,588101.04,18.45,35,56,13,9,Cash,1053
824,24.0,Pune,Inactive,ELECTRONICS,17.0,47972.22,815527.74,29.99,324,179,12,4,UPI,389
825,58.0,Bangalore,inactive,GROCERIES,5.0,17087.71,85438.55,30.43,300,115,12,4,cash,1549
826,32.0,kolkata,Inactive,sports,1.0,12013.99,12013.99,30.82,64,80,7,1,Debit Card,1299
827,23.0,chennai,PREMIUM,Groceries,32.0,15182.43,485837.76,7.58,105,165,1,15,Cash,938
828,65.0,Bangalore,PREMIUM,clothing,21.0,32358.3,679524.3,38.02,267,107,20,9,Credit Card,499
829,64.0,Bangalore,REGULAR,Clothing,14.0,27195.93,380743.02,45.33,341,64,7,9,upi,1097
830,38.0,mumbai,new,Sports,1.0,3698.54,3698.54,24.58,99,14,20,0,Debit Card,287
831,23.0,mumbai,Inactive,Furniture,14.0,12197.35,170762.9,3.91,240,80,5,11,Debit Card,531
832,45.0,mumbai,Inactive,Clothing,20.0,14624.97,292499.4,22.41,326,52,8,15,credit card,766
833,43.0,BANGALORE,PREMIUM,GROCERIES,29.0,21423.51,621281.79,30.47,222,195,4,26,Net Banking,70
834,66.0,BANGALORE,New,books,6.0,38063.49,228380.94,46.08,305,138,4,4,CREDIT CARD,556
835,42.0,hyderabad,regular,GROCERIES,19.0,19069.77,362325.63,30.3,37,86,4,15,Debit Card,346
836,30.0,Chennai,Premium,books,33.0,36653.25,1209557.25,18.71,208,107,12,23,upi,1032
837,37.0,pune,premium,groceries,3.0,49627.39,148882.17,6.22,290,42,6,3,debit card,1609
838,66.0,bangalore,NEW,sports,32.0,31931.5,1021808.0,18.41,30,167,12,27,Debit Card,526
839,48.0,chennai,REGULAR,Sports,46.0,33983.07,1563221.22,34.87,331,38,8,38,Net Banking,1424
840,27.0,delhi,Regular,furniture,38.0,47613.02,1809294.76,42.08,7,30,2,24,upi,1476
841,55.0,CHENNAI,NEW,Clothing,28.0,8708.27,243831.56,21.34,355,78,16,17,cash,813
842,55.0,DELHI,New,Books,47.0,43536.19,2046200.93,5.46,294,199,11,9,debit card,1563
843,31.0,BANGALORE,regular,Electronics,11.0,40911.27,450023.97,0.08,36,199,13,8,upi,1370
844,36.0,Hyderabad,PREMIUM,ELECTRONICS,24.0,9726.8,233443.2,6.72,250,47,16,3,Net Banking,1191
845,70.0,MUMBAI,PREMIUM,Clothing,4.0,37620.83,150483.32,40.46,99,67,13,3,cash,1308
846,24.0,mumbai,premium,clothing,6.0,19197.56,115185.36,13.84,176,8,18,1,Net Banking,1023
847,61.0, Chennai ,Premium,Electronics,18.0,37714.04,678852.72,0.36,299,11,3,6,net banking,1651
848,18.0,BANGALORE,Inactive,Furniture,49.0,13658.87,669284.63,24.3,173,155,13,21,UPI,1426
849,,Bangalore,Regular,Groceries,43.0,20224.33,869646.19,30.54,183,85,3,0,Net Banking,1812
850,62.0,BANGALORE,PREMIUM,Electronics,39.0,6583.28,256747.92,26.53,359,193,7,23,Net Banking,1296
851,61.0,Kolkata,NEW,groceries,43.0,9802.78,421519.54,49.31,165,5,20,23,Credit Card,1683
852,65.0,Bangalore,inactive,GROCERIES,15.0,30534.77,458021.55,20.01,314,21,11,13,Net Banking,1378
853,62.0, Chennai ,New,clothing,39.0,10156.31,396096.09,7.16,267,147,16,2,CREDIT CARD,1049
854,68.0,CHENNAI,regular,books,44.0,49817.08,2191951.52,49.36,240,44,14,7,Net Banking,1387
855,52.0,Delhi,Regular,Clothing,11.0,37786.0,415646.0,32.99,46,28,13,11,Credit Card,358
856,38.0,BANGALORE,regular,Clothing,47.0,13252.61,622872.67,23.82,344,32,4,34,cash,1515
857,49.0,CHENNAI,REGULAR,books,15.0,46623.11,699346.65,38.32,308,17,20,10,upi,1499
858,65.0,BANGALORE,inactive,Sports,36.0,48329.28,1739854.08,21.85,120,58,8,7,debit card,209
859,25.0,CHENNAI,REGULAR,sports,38.0,46891.93,1781893.34,37.23,60,147,11,8,UPI,808
860,54.0,Chennai,regular,Electronics,38.0,27012.35,1026469.3,42.36,217,82,11,8,net banking,1389
861,56.0,pune,Regular,electronics,26.0,954.83,24825.58,42.62,162,38,9,26,Debit Card,1053
862,61.0,hyderabad,PREMIUM,furniture,19.0,7720.6,146691.4,33.27,360,9,19,10,debit card,1058
863,62.0, Chennai ,regular,books,46.0,28911.61,1329934.06,31.55,111,127,9,45,upi,150
864,69.0,Bangalore,PREMIUM,books,46.0,10925.35,502566.1,36.63,116,180,1,11,Net Banking,1519
865,43.0,DELHI,inactive,books,11.0,49557.63,545133.93,27.4,173,109,15,5,upi,830
866,22.0,kolkata,regular,clothing,45.0,46191.66,2078624.7,35.06,281,101,3,8,UPI,1570
867,68.0,pune,Premium,books,46.0,15551.66,715376.36,32.73,296,36,14,44,Net Banking,626
868,27.0,MUMBAI,Regular,Books,48.0,10184.93,488876.64,32.56,186,186,18,6,cash,1638
869,27.0,BANGALORE,New,Sports,11.0,46336.27,509698.97,4.8,243,46,1,1,net banking,1361
870,39.0,pune,New,ELECTRONICS,41.0,36266.25,1486916.25,12.25,61,62,12,31,debit card,1438
871,56.0,mumbai,inactive,sports,25.0,38904.57,972614.25,49.56,344,169,2,24,Net Banking,1801
872,70.0,BANGALORE,regular,Sports,42.0,22533.35,946400.7,0.58,60,22,3,31,cash,1399
873,50.0,Delhi,Premium,furniture,37.0,49373.79,1826830.23,23.97,356,191,3,37,CREDIT CARD,816
874,48.0,Hyderabad,regular,furniture,9.0,5422.34,48801.06,3.17,276,48,12,0,upi,1168
875,70.0,Pune,NEW,GROCERIES,5.0,26185.61,130928.05,29.24,334,32,6,5,credit card,400
876,56.0,mumbai,Premium,Furniture,29.0,40125.39,1163636.31,6.15,66,148,6,20,CREDIT CARD,209
877,53.0,delhi,Premium,electronics,8.0,25554.34,204434.72,18.18,279,44,13,0,Debit Card,645
878,20.0,kolkata,regular,Sports,35.0,22523.55,788324.25,28.85,356,81,16,22,Cash,1132
879,50.0,MUMBAI,premium,Sports,3.0,12236.47,36709.41,9.4,154,56,4,1,Cash,765
880,35.0,,Inactive,groceries,5.0,27717.51,138587.55,13.03,333,42,12,3,credit card,550
881,61.0,Hyderabad,PREMIUM,Furniture,14.0,3992.62,55896.68,36.63,325,179,20,3,UPI,1184
882,60.0,kolkata,Inactive,ELECTRONICS,27.0,41167.61,1111525.47,15.82,223,98,0,19,Debit Card,188
883,35.0, Chennai ,NEW,electronics,44.0,27644.25,1216347.0,3.3,328,23,11,21,debit card,329
884,69.0,Delhi,regular,Electronics,7.0,19169.22,134184.54,48.44,194,27,3,2,net banking,1521
885,37.0,pune,new,electronics,34.0,17770.56,604199.04,150.0,145,142,8,6,Credit Card,379
886,38.0,BANGALORE,PREMIUM,Groceries,48.0,34051.69,1634481.12,39.44,283,153,12,30,Cash,291
887,34.0,Chennai,inactive,Furniture,46.0,8196.82,377053.72,6.32,194,146,8,3,cash,788
888,63.0,Delhi,inactive,furniture,27.0,35485.94,958120.38,9.16,182,120,16,9,debit card,906
889,51.0,Delhi,regular,Sports,6.0,47399.01,284394.06,20.33,161,24,20,0,credit card,1524
890,,CHENNAI,PREMIUM,furniture,4.0,4686.96,18747.84,14.29,253,3,13,4,CREDIT CARD,1012
891,49.0,kolkata,inactive,Sports,35.0,35045.16,1226580.6,20.27,316,49,0,27,net banking,1565
892,40.0,Delhi,inactive,books,34.0,34361.87,1168303.58,2.12,230,44,16,14,CREDIT CARD,183
893,41.0,Mumbai,NEW,Groceries,4.0,21424.75,85699.0,18.95,192,29,10,1,net banking,1772
894,67.0, Chennai ,regular,clothing,31.0,15030.48,465944.88,10.65,324,146,12,13,debit card,1346
895,50.0,chennai,new,furniture,32.0,3346.09,107074.88,0.29,236,85,9,22,credit card,40
896,40.0,mumbai,New,Groceries,1.0,5516.22,5516.22,24.6,44,136,16,0,upi,283
897,49.0,Chennai,PREMIUM,Books,43.0,12881.67,553911.81,23.53,192,77,11,27,CREDIT CARD,1128
898,69.0,delhi,premium,GROCERIES,43.0,42048.19,1808072.17,8.09,182,192,13,0,UPI,1812
899,63.0,MUMBAI,premium,Clothing,19.0,2492.69,47361.11,19.73,170,9,5,6,Net Banking,1392
900,35.0, Chennai ,New,GROCERIES,36.0,25030.6,901101.6,34.09,66,84,12,32,upi,299
901,25.0, Chennai ,Premium,ELECTRONICS,10.0,17533.97,175339.7,0.68,351,61,1,10,UPI,909
902,56.0,Chennai,New,GROCERIES,19.0,14470.06,274931.14,4.13,220,64,19,4,net banking,412
903,33.0,delhi,premium,books,17.0,49715.72,845167.24,12.37,220,51,15,3,net banking,1281
904,29.0,MUMBAI,Inactive,Sports,41.0,7861.94,322339.54,6.02,206,10,8,12,CREDIT CARD,903
905,19.0,MUMBAI,premium,books,4.0,19327.46,77309.84,26.25,359,163,7,1,UPI,902
906,48.0,chennai,NEW,groceries,42.0,3056.95,128391.9,5.5,187,72,11,26,Debit Card,685
907,21.0,mumbai,Premium,Electronics,4.0,33191.32,132765.28,16.08,147,121,8,4,credit card,912
908,29.0,delhi,new,Groceries,22.0,15565.66,342444.52,4.84,7,175,17,4,UPI,768
909,65.0,bangalore,Inactive,Furniture,39.0,18893.82,736858.98,32.51,108,150,12,5,credit card,297
910,58.0, Chennai ,Premium,furniture,42.0,40961.75,1720393.5,9.65,229,26,2,34,Cash,732
911,37.0,Kolkata,Regular,Furniture,47.0,8106.78,381018.66,6.39,215,141,8,35,UPI,779
912,46.0, Chennai ,New,electronics,31.0,21240.71,658462.01,46.57,258,6,5,17,CREDIT CARD,623
913,20.0,pune,Premium,Books,45.0,9914.45,446150.25,40.73,254,176,17,32,credit card,368
914,46.0,kolkata,New,Furniture,50.0,19817.22,990861.0,30.36,106,48,0,10,Cash,476
915,55.0,Chennai,NEW,GROCERIES,33.0,35533.82,1172616.06,26.25,156,57,9,17,net banking,273
916,28.0,Delhi,Premium,Furniture,16.0,14946.24,239139.84,31.98,143,35,8,1,cash,539
917,70.0,MUMBAI,NEW,electronics,1.0,32607.95,32607.95,31.63,189,84,2,1,CREDIT CARD,866
918,57.0,DELHI,REGULAR,Electronics,41.0,40888.15,1676414.15,41.2,113,188,8,11,debit card,62
919,52.0,pune,premium,sports,48.0,34561.71,1658962.08,47.28,132,161,20,38,net banking,452
920,70.0,hyderabad,Regular,Groceries,18.0,10593.97,190691.46,31.49,203,40,14,7,upi,784
921,27.0,Kolkata,premium,GROCERIES,12.0,23239.81,278877.72,40.78,91,49,18,7,CREDIT CARD,1356
922,36.0,Chennai,regular,ELECTRONICS,12.0,40966.21,491594.52,34.37,97,18,4,1,upi,532
923,47.0,BANGALORE,premium,sports,34.0,7295.92,248061.28,37.52,7,155,3,24,upi,72
924,25.0,Chennai,inactive,Electronics,9.0,12792.98,115136.82,4.18,74,161,19,0,Credit Card,1651
925,24.0,Pune,REGULAR,books,46.0,4705.78,216465.88,6.96,289,114,5,19,UPI,1010
926,27.0,,Premium,Furniture,45.0,13739.1,618259.5,27.18,11,12,3,34,debit card,240
927,,Hyderabad,PREMIUM,Electronics,15.0,1688.04,25320.6,21.36,76,91,20,9,Debit Card,1431
928,42.0, Chennai ,new,ELECTRONICS,8.0,11613.86,92910.88,47.82,145,92,2,5,credit card,768
929,23.0,chennai,Inactive,ELECTRONICS,12.0,21717.11,260605.32,16.74,93,174,13,2,cash,1437
930,37.0,DELHI,REGULAR,electronics,18.0,45853.6,825364.8,33.09,136,183,2,0,CREDIT CARD,1622
931,59.0,Mumbai,REGULAR,ELECTRONICS,25.0,22611.42,565285.5,39.84,245,18,3,18,upi,1518
932,35.0,Mumbai,premium,Groceries,9.0,9502.68,85524.12,19.25,164,127,13,7,upi,1262
933,,Bangalore,PREMIUM,Books,42.0,46119.44,1937016.48,19.16,282,128,17,34,Net Banking,1120
934,52.0,Delhi,New,electronics,38.0,35888.59,1363766.42,26.35,356,192,7,5,Debit Card,770
935,18.0,MUMBAI,Premium,Groceries,36.0,23959.35,862536.6,6.68,57,16,11,23,CREDIT CARD,633
936,47.0,Mumbai,NEW,groceries,16.0,10931.5,174904.0,11.23,71,31,4,12,Credit Card,1455
937,45.0,bangalore,Premium,sports,,33305.99,233141.93,3.69,305,41,0,0,UPI,319
938,23.0,Delhi,premium,Electronics,37.0,41637.87,1540601.19,20.82,94,121,4,33,debit card,992
939,44.0,Bangalore,new,Books,42.0,34914.73,1466418.66,14.34,80,16,20,2,Cash,1568
940,29.0,kolkata,PREMIUM,Electronics,26.0,41717.66,1084659.16,34.0,233,142,8,18,net banking,656
941,63.0,Delhi,New,ELECTRONICS,18.0,48669.56,876052.08,26.08,65,191,6,12,Cash,144
942,32.0,BANGALORE,PREMIUM,books,48.0,48811.38,2342946.24,30.25,40,178,14,30,UPI,1366
943,59.0,BANGALORE,New,ELECTRONICS,4.0,40265.29,161061.16,32.33,100,70,3,0,credit card,772
944,56.0,Bangalore,Premium,Clothing,19.0,8556.64,162576.16,5.32,109,153,0,9,Debit Card,1159
945,,chennai,Regular,clothing,6.0,48844.83,293068.98,28.24,289,124,1,0,UPI,220
946,37.0,Chennai,REGULAR,Books,19.0,47957.58,911194.02,25.01,162,193,12,11,CREDIT CARD,1469
947,61.0, Chennai ,REGULAR,groceries,48.0,25427.13,1220502.24,25.11,77,7,18,24,Net Banking,1230
948,20.0,DELHI,PREMIUM,ELECTRONICS,44.0,23423.76,1030645.44,44.26,48,184,7,13,cash,1369
949,27.0,mumbai,NEW,Furniture,47.0,30632.58,1439731.26,26.16,175,115,4,21,debit card,767
950,57.0,Hyderabad,Premium,sports,50.0,34302.24,1715112.0,11.96,313,156,2,9,Cash,1315
951,49.0, Chennai ,Premium,ELECTRONICS,50.0,43587.65,2179382.5,27.36,45,128,3,29,UPI,377
952,36.0,mumbai,premium,clothing,37.0,18484.75,683935.75,4.46,92,182,14,16,Net Banking,554
953,66.0,hyderabad,inactive,ELECTRONICS,8.0,48598.19,388785.52,24.41,187,74,12,6,Cash,1423
954,26.0,hyderabad,REGULAR,Furniture,40.0,47626.23,1905049.2,18.68,350,106,16,28,debit card,1823
955,61.0,chennai,Inactive,Sports,4.0,37181.61,148726.44,12.24,288,3,4,0,debit card,799
956,28.0,pune,New,books,5.0,11541.04,57705.2,43.71,343,24,11,3,Net Banking,1345
957,52.0,hyderabad,premium,electronics,12.0,36723.02,440676.24,45.87,204,197,13,3,upi,703
958,22.0,Bangalore,REGULAR,furniture,32.0,11025.44,352814.08,37.06,59,72,14,2,net banking,348
959,48.0,Mumbai,inactive,Clothing,21.0,28626.23,601150.83,49.39,195,16,11,13,Net Banking,467
960,21.0,MUMBAI,Premium,Books,44.0,21434.56,943120.64,12.6,91,22,4,4,debit card,859
961,23.0,DELHI,new,books,27.0,26476.51,714865.77,33.48,133,48,1,2,upi,730
962,66.0,DELHI,PREMIUM,Clothing,23.0,47126.11,1083900.53,24.08,275,177,5,22,upi,756
963,62.0,pune,New,books,1.0,28264.97,28264.97,44.69,102,20,18,0,UPI,1390
964,70.0,Bangalore,Premium,ELECTRONICS,30.0,46724.06,1401721.8,24.97,163,30,13,8,net banking,1509
965,18.0,hyderabad,PREMIUM,Sports,29.0,32126.36,931664.44,28.92,19,56,6,13,net banking,1615
966,28.0,BANGALORE,Regular,Groceries,14.0,47642.66,666997.24,48.59,296,4,11,13,UPI,63
967,37.0,DELHI,NEW,books,8.0,35116.2,280929.6,32.45,234,106,13,5,UPI,1726
968,52.0,Hyderabad,NEW,Books,22.0,6112.31,134470.82,8.79,220,96,5,17,Cash,363
969,52.0,Hyderabad,New,clothing,43.0,34583.26,1487080.18,21.87,146,180,19,6,credit card,1680
970,24.0,CHENNAI,inactive,Electronics,40.0,46658.59,1866343.6,5.18,320,140,3,40,Net Banking,1060
971,55.0,chennai,inactive,clothing,27.0,10987.62,296665.74,38.84,283,98,3,6,Net Banking,284
972,40.0,hyderabad,New,books,42.0,35339.83,1484272.86,37.06,4,96,7,32,debit card,578
973,60.0,delhi,regular,books,27.0,33828.39,913366.53,0.21,213,9,0,0,CREDIT CARD,1648
974,41.0,kolkata,Inactive,Groceries,22.0,8935.33,196577.26,28.61,221,62,17,12,Debit Card,1292
975,59.0,BANGALORE,Premium,Books,37.0,21740.57,804401.09,46.97,200,187,5,25,UPI,1089
976,28.0,Hyderabad,Regular,electronics,46.0,40158.01,1847268.46,25.21,324,148,12,40,debit card,1744
977,53.0,mumbai,REGULAR,Clothing,6.0,5116.64,30699.84,21.87,322,198,18,1,Credit Card,1295
978,63.0,,premium,furniture,25.0,1751.85,43796.25,36.71,233,163,20,24,UPI,412
979,33.0,Delhi,regular,Clothing,35.0,42102.61,1473591.35,36.32,194,198,8,3,debit card,199
980,27.0,Chennai,inactive,furniture,7.0,5991.11,41937.77,46.36,63,28,4,4,debit card,399
981,23.0,CHENNAI,new,books,24.0,45679.6,1096310.4,10.4,52,126,0,13,credit card,1026
982,58.0,CHENNAI,Regular,Sports,27.0,19075.09,515027.43,15.68,231,42,5,9,Credit Card,395
983,60.0,pune,inactive,furniture,3.0,6301.75,18905.25,17.14,178,124,19,0,CREDIT CARD,1098
984,65.0,delhi,premium,Clothing,39.0,1962.98,76556.22,1.15,263,195,4,13,UPI,265
985,31.0,Chennai,REGULAR,ELECTRONICS,15.0,4630.42,69456.3,34.58,65,69,8,15,Debit Card,218
986,40.0,Pune,inactive,clothing,30.0,37387.13,1121613.9,24.79,263,103,6,8,CREDIT CARD,435
987,61.0,delhi,New,electronics,38.0,39761.08,1510921.04,29.38,85,53,15,27,Net Banking,897
988,56.0,delhi,REGULAR,furniture,7.0,30561.13,213927.91,21.47,291,91,11,1,Net Banking,372
989,20.0,kolkata,regular,furniture,27.0,15026.94,405727.38,41.33,331,136,11,12,Credit Card,264
990,29.0,Bangalore,New,Books,12.0,18208.35,218500.2,3.63,337,96,11,2,UPI,280
991,18.0,Bangalore,Premium,sports,22.0,11081.74,243798.28,28.37,165,60,17,2,upi,610
992,56.0,MUMBAI,NEW,Clothing,7.0,28267.46,197872.22,35.81,344,20,18,6,cash,1578
993,45.0,Bangalore,REGULAR,Clothing,13.0,2958.16,38456.08,24.7,24,71,13,1,credit card,957
994,28.0,Bangalore,Inactive,groceries,16.0,29032.48,464519.68,14.25,330,148,0,14,debit card,298
995,43.0,chennai,NEW,Furniture,3.0,17200.8,51602.4,0.81,241,25,13,2,debit card,679
996,66.0,bangalore,New,electronics,36.0,38843.37,1398361.32,24.69,25,101,9,29,Net Banking,1768
997,59.0, Chennai ,REGULAR,furniture,7.0,1949.77,13648.39,2.39,6,36,3,5,upi,493
998,28.0,CHENNAI,Regular,sports,24.0,40899.31,981583.44,26.88,3,177,1,8,Credit Card,256
999,21.0,DELHI,premium,clothing,22.0,34552.12,760146.64,39.58,195,70,5,4,Cash,973
1000,25.0,Mumbai,REGULAR,books,10.0,37775.22,377752.2,44.39,212,164,14,10,credit card,1098
1001,51.0,Delhi,Inactive,GROCERIES,43.0,24760.14,1064686.02,14.03,248,58,2,16,debit card,1486
1002,23.0,bangalore,NEW,books,16.0,33144.3,530308.8,36.76,106,178,2,2,Net Banking,153
1003,,Chennai,inactive,Clothing,30.0,41016.32,1230489.6,9.4,54,88,6,26,Cash,1589
1004,51.0,kolkata,REGULAR,Books,20.0,35571.36,711427.2,32.76,259,28,4,7,UPI,819
1005,46.0,kolkata,Regular,Books,26.0,9803.7,254896.2,13.89,85,176,9,18,cash,239
1006,27.0,hyderabad,premium,sports,8.0,12407.84,99262.72,44.7,96,69,0,7,cash,1117
1007,46.0,bangalore,regular,electronics,36.0,4661.3,167806.8,21.57,78,102,16,27,net banking,713
1008,21.0,hyderabad,regular,Groceries,7.0,2932.15,20525.05,19.13,217,50,9,3,upi,391
1009,56.0,delhi,NEW,furniture,32.0,26171.61,837491.52,5.46,26,166,7,7,Debit Card,265
1010,21.0,chennai,Inactive,clothing,16.0,3759.45,60151.2,5.05,116,159,12,12,upi,237
1011,32.0,delhi,new,Clothing,11.0,39393.52,433328.72,17.38,148,181,19,4,Credit Card,223
1012,29.0,kolkata,Inactive,GROCERIES,48.0,15613.55,749450.4,45.33,123,44,10,43,credit card,371
1013,29.0,Bangalore,new,ELECTRONICS,1.0,33468.55,33468.55,21.4,11,46,8,0,CREDIT CARD,1421
1014,66.0,Chennai,Inactive,Groceries,31.0,29366.36,910357.16,24.42,127,121,3,2,Credit Card,1191
1015,61.0,DELHI,Regular,Furniture,33.0,8781.58,289792.14,7.33,49,26,9,21,Net Banking,1034
1016,65.0,bangalore,NEW,clothing,43.0,24581.42,1057001.06,18.21,7,91,9,21,net banking,1616
1017,60.0,Kolkata,premium,clothing,44.0,26205.79,1153054.76,31.99,76,106,7,42,CREDIT CARD,761
1018,49.0,Chennai,Regular,furniture,48.0,34942.4,1677235.2,21.54,106,191,2,12,upi,1338
1019,24.0,delhi,inactive,Sports,35.0,45011.46,1575401.1,22.46,270,45,8,22,UPI,830
1020,55.0,Hyderabad,regular,clothing,13.0,2534.45,32947.85,26.0,176,157,3,6,Net Banking,1190
1021,68.0,bangalore,regular,electronics,1.0,,25196.89,34.28,239,175,4,1,Cash,1173
1022,60.0,mumbai,regular,GROCERIES,19.0,3698.52,70271.88,14.74,233,11,6,9,Cash,282
1023,21.0,Kolkata,regular,Electronics,28.0,,502226.2,41.71,26,65,4,11,debit card,1638
1024,50.0,Pune,PREMIUM,electronics,46.0,13898.11,639313.06,49.8,101,111,18,5,debit card,478
1025,20.0,Kolkata,REGULAR,Clothing,44.0,32033.71,1409483.24,21.13,51,67,9,38,debit card,384
1026,54.0,Hyderabad,inactive,Groceries,38.0,7389.23,280790.74,38.38,129,35,13,35,Debit Card,646
1027,37.0,CHENNAI,regular,furniture,41.0,23327.14,956412.74,9.17,224,25,4,33,Net Banking,1451
1028,38.0,kolkata,inactive,sports,23.0,23684.75,544749.25,21.38,216,106,14,0,net banking,84
1029,67.0,Hyderabad,premium,Books,9.0,30952.82,278575.38,15.12,125,149,16,5,CREDIT CARD,1301
1030,52.0,pune,regular,Electronics,49.0,42332.81,2074307.69,6.3,344,2,14,48,net banking,972
1031,21.0,CHENNAI,Premium,clothing,42.0,5798.92,243554.64,29.72,149,145,15,21,Credit Card,278
1032,65.0,pune,inactive,Furniture,48.0,35989.09,1727476.32,35.08,265,37,17,47,Net Banking,309
1033,32.0,Mumbai,regular,Sports,20.0,,721950.6,46.83,249,160,6,3,credit card,30
1034,, Chennai ,NEW,electronics,16.0,10612.54,169800.64,23.69,259,114,12,1,credit card,644
1035,43.0,Kolkata,PREMIUM,books,16.0,42165.18,674642.88,27.34,314,175,14,3,upi,329
1036,58.0,Chennai,PREMIUM,ELECTRONICS,48.0,33044.54,1586137.92,8.54,359,140,6,30,Net Banking,623
1037,36.0, Chennai ,Inactive,GROCERIES,24.0,33551.13,805227.12,19.56,358,28,14,13,upi,333
1038,19.0,DELHI,new,electronics,37.0,19776.76,731740.12,29.03,18,166,20,28,Credit Card,756
1039,26.0,hyderabad,new,clothing,1.0,49096.81,49096.81,17.89,258,54,11,1,net banking,158
1040,29.0,Mumbai,REGULAR,Sports,47.0,28375.81,1333663.07,22.97,72,72,9,25,credit card,1748
1041,59.0,Kolkata,New,GROCERIES,39.0,33119.1,1291644.9,28.8,260,199,16,16,CREDIT CARD,1459
1042,38.0,pune,Inactive,Groceries,38.0,31065.01,1180470.38,20.19,24,8,5,14,credit card,1392
1043,24.0,Kolkata,inactive,GROCERIES,21.0,38115.51,800425.71,49.07,122,27,5,12,upi,161
1044,21.0,delhi,premium,Electronics,48.0,4107.64,197166.72,38.17,311,162,0,11,UPI,250
1045,62.0,hyderabad,New,ELECTRONICS,41.0,,1184985.69,9.99,130,126,14,18,Debit Card,442
1046,65.0,mumbai,New,books,34.0,40529.27,1377995.18,9.61,299,7,20,6,Debit Card,98
1047,69.0,Mumbai,Premium,Groceries,50.0,,1034867.5,27.33,37,88,5,43,cash,1111
1048,,MUMBAI,Regular,furniture,31.0,25292.09,784054.79,17.82,287,36,2,28,upi,1310
1049,42.0,CHENNAI,Inactive,electronics,9.0,39228.17,353053.53,14.91,61,128,7,0,Cash,1137
1050,39.0,Chennai,Regular,books,19.0,,876898.07,12.57,361,92,2,5,debit card,183
1051,52.0,pune,Regular,books,34.0,46624.55,1585234.7,25.0,205,159,1,34,credit card,1223
1052,48.0,delhi,inactive,Electronics,3.0,17233.24,51699.72,13.04,172,196,1,1,Debit Card,1150
1053,70.0,Bangalore,inactive,Electronics,16.0,24930.98,398895.68,40.28,289,157,1,11,credit card,882
1054,56.0,CHENNAI,NEW,GROCERIES,9.0,13890.17,125011.53,2.09,19,128,16,3,cash,747
1055,45.0,Kolkata,regular,Books,15.0,1561.44,23421.6,2.77,101,137,19,12,cash,1430
1056,65.0,Chennai,NEW,GROCERIES,4.0,19662.68,78650.72,18.86,65,111,13,4,CREDIT CARD,266
1057,46.0, Chennai ,Inactive,Groceries,23.0,10085.46,231965.58,21.83,30,61,7,2,Cash,50
1058,32.0,Hyderabad,NEW,furniture,3.0,49551.47,148654.41,0.74,128,15,2,0,CREDIT CARD,928
1059,29.0,DELHI,Premium,Groceries,23.0,30319.59,697350.57,44.52,150,34,19,12,Net Banking,1376
1060,25.0,CHENNAI,premium,clothing,35.0,10690.12,374154.2,35.26,183,57,14,19,UPI,1627
1061,53.0,DELHI,inactive,Clothing,34.0,44702.43,1519882.62,15.94,278,129,3,3,UPI,871
1062,63.0,Kolkata,regular,electronics,14.0,45646.44,639050.16,42.07,267,60,9,11,net banking,461
1063,25.0,bangalore,PREMIUM,Electronics,16.0,35067.93,561086.88,32.5,233,30,0,15,Credit Card,583
1064,35.0,pune,New,clothing,6.0,3456.14,20736.84,42.73,197,127,0,6,upi,817
1065,46.0,chennai,Regular,Clothing,25.0,9629.13,240728.25,21.55,27,170,9,1,net banking,1592
1066,40.0,Chennai,Inactive,Books,22.0,46173.58,1015818.76,45.37,303,56,0,10,Cash,918
1067,45.0,chennai,premium,Furniture,25.0,47647.44,1191186.0,46.62,148,137,14,13,Cash,1502
1068,54.0,kolkata,regular,ELECTRONICS,25.0,23632.96,590824.0,49.63,122,34,0,8,cash,591
1069,23.0,Delhi,NEW,clothing,22.0,28768.59,632908.98,1.93,141,93,8,21,debit card,1632
1070,59.0,Chennai,premium,clothing,37.0,33208.44,1228712.28,41.8,92,114,14,1,Net Banking,48
1071,47.0,chennai,REGULAR,GROCERIES,41.0,42294.1,1734058.1,10.89,30,149,2,17,Cash,1159
1072,38.0,CHENNAI,new,ELECTRONICS,17.0,38415.85,653069.45,13.81,254,33,7,5,CREDIT CARD,1814
1073,57.0,chennai,Regular,electronics,42.0,2405.84,101045.28,34.22,226,149,10,2,net banking,1499
1074,,chennai,regular,clothing,2.0,34080.2,68160.4,42.87,181,139,1,2,Debit Card,746
1075,24.0,CHENNAI,NEW,GROCERIES,8.0,25796.26,206370.08,11.85,167,147,11,6,credit card,1344
1076,45.0,DELHI,PREMIUM,Electronics,21.0,30544.85,641441.85,18.01,209,167,11,15,debit card,1303
1077,19.0,mumbai,REGULAR,Electronics,19.0,46550.27,884455.13,45.59,14,28,19,6,UPI,1076
1078,63.0,kolkata,Inactive,sports,23.0,47027.02,1081621.46,18.94,299,9,4,12,cash,190
1079,22.0,Delhi,Inactive,Furniture,37.0,31701.06,1172939.22,36.7,276,188,3,33,Credit Card,1273
1080,48.0,kolkata,NEW,GROCERIES,21.0,13824.54,290315.34,41.8,151,63,10,7,UPI,502
1081,47.0,Bangalore,premium,sports,16.0,22527.87,360445.92,47.88,210,93,2,11,net banking,1065
1082,22.0,bangalore,inactive,GROCERIES,39.0,11902.32,464190.48,39.32,118,146,4,34,Debit Card,1620
1083,44.0,pune,inactive,ELECTRONICS,39.0,13383.81,521968.59,14.34,161,31,2,26,upi,1064
1084,27.0,pune,new,Sports,50.0,10306.16,515308.0,9.0,233,4,5,7,upi,569
1085,66.0,Pune,new,sports,7.0,6756.7,47296.9,1.7,221,7,5,1,CREDIT CARD,1084
1086,51.0,BANGALORE,New,Groceries,9.0,20414.72,183732.48,27.85,365,76,3,5,UPI,1241
1087,56.0, Chennai ,Premium,electronics,48.0,46075.82,2211639.36,150.0,210,162,14,47,upi,622
1088,66.0,Kolkata,PREMIUM,sports,12.0,36323.52,435882.24,29.48,261,22,4,0,Cash,1244
1089,41.0,hyderabad,New,Groceries,29.0,9247.75,268184.75,36.13,144,198,3,7,debit card,1040
1090,39.0,chennai,Inactive,Furniture,34.0,29201.5,992851.0,42.2,219,74,10,24,UPI,1580
1091,29.0,Mumbai,Premium,books,48.0,44178.02,2120544.96,36.55,221,133,8,36,Cash,673
1092,24.0,bangalore,regular,ELECTRONICS,8.0,14748.24,117985.92,24.33,115,44,9,4,Cash,1573
1093,24.0,Delhi,inactive,clothing,10.0,5250.81,52508.1,27.61,261,194,5,0,Cash,111
1094,52.0,Pune,Regular,Electronics,32.0,41708.97,1334687.04,1.29,105,73,18,27,Net Banking,1096
1095,26.0,hyderabad,regular,electronics,46.0,35462.95,1631295.7,42.24,228,111,15,16,credit card,1800
1096,26.0,delhi,inactive,electronics,23.0,,926445.29,37.21,114,187,2,10,CREDIT CARD,1068
1097,39.0,delhi,new,Sports,48.0,25885.78,1242517.44,38.85,362,177,10,2,upi,235
1098,63.0,,REGULAR,Clothing,36.0,33225.96,1196134.56,43.88,19,163,20,0,Debit Card,310
1099,55.0,BANGALORE,Regular,Sports,13.0,13631.66,177211.58,7.57,96,188,15,4,CREDIT CARD,436
1100,58.0,CHENNAI,NEW,books,47.0,37597.58,1767086.26,0.16,35,126,17,39,Debit Card,1484
1101,29.0,chennai,New,sports,17.0,30862.22,524657.74,31.55,121,164,11,15,net banking,1375
1102,29.0,DELHI,Regular,clothing,43.0,24510.47,1053950.21,39.84,201,154,11,34,Net Banking,635
1103,24.0,Delhi,premium,Books,49.0,14719.93,721276.57,48.47,167,64,13,7,CREDIT CARD,981
1104,38.0, Chennai ,REGULAR,sports,26.0,35388.53,920101.78,38.68,248,126,19,13,cash,510
1105,19.0,DELHI,regular,Furniture,14.0,44545.63,623638.82,39.14,32,144,10,4,cash,680
1106,44.0,BANGALORE,new,groceries,26.0,13404.62,348520.12,2.73,249,187,7,10,cash,1706
1107,20.0,DELHI,new,groceries,15.0,28839.03,432585.45,8.33,106,200,20,3,Cash,1280
1108,39.0,Mumbai,Inactive,Furniture,2.0,47538.79,95077.58,1.06,195,24,10,1,net banking,159
1109,59.0,chennai,NEW,Clothing,24.0,27005.9,648141.6,49.26,275,102,7,9,CREDIT CARD,795
1110,39.0,Hyderabad,Regular,Furniture,47.0,12810.84,602109.48,0.68,11,194,16,6,net banking,844
1111,68.0,Kolkata,Premium,ELECTRONICS,19.0,15422.59,293029.21,11.5,353,64,1,8,credit card,1695
1112,68.0,BANGALORE,inactive,groceries,9.0,41005.65,369050.85,43.83,44,20,2,8,upi,71
1113,18.0,Pune,Inactive,ELECTRONICS,7.0,36925.73,258480.11,39.63,100,156,9,5,upi,1079
1114,65.0,Chennai,regular,clothing,30.0,10532.0,315960.0,13.21,336,8573,15,12,debit card,909
1115,23.0,Delhi,New,Furniture,18.0,24425.8,439664.4,45.38,274,130,7,12,Credit Card,1047
1116,64.0,BANGALORE,REGULAR,Books,35.0,35871.65,1255507.75,22.61,296,7,12,14,Net Banking,787
1117,48.0,pune,premium,Sports,20.0,16955.56,339111.2,40.48,43,25,17,5,Debit Card,1801
1118,49.0,pune,Regular,electronics,10.0,20458.16,204581.6,41.9,268,186,18,3,Credit Card,1601
1119,49.0,delhi,New,clothing,48.0,17224.49,826775.52,7.53,165,177,18,38,upi,1814
1120,18.0,delhi,Regular,Books,36.0,39837.44,1434147.84,27.28,161,167,7,20,Net Banking,1481
1121,48.0,kolkata,NEW,books,48.0,49641.39,2382786.72,4.07,54,109,2,24,CREDIT CARD,1580
1122,18.0,mumbai,NEW,sports,8.0,8726.75,69814.0,21.88,59,10,13,7,CREDIT CARD,1312
1123,69.0,kolkata,new,ELECTRONICS,48.0,43773.64,2101134.72,20.91,5,76,3,27,debit card,1504
1124,61.0,delhi,NEW,Groceries,40.0,44532.48,1781299.2,28.19,85,37,9,33,cash,448
1125,69.0,bangalore,NEW,furniture,17.0,23869.45,405780.65,10.53,170,192,4,5,net banking,1494
1126,48.0,Chennai,REGULAR,groceries,12.0,7942.28,95307.36,3.35,3,80,6,3,credit card,1131
1127,47.0,Bangalore,premium,Electronics,40.0,23700.36,948014.4,7.82,180,163,17,14,UPI,1317
1128,18.0,MUMBAI,regular,clothing,28.0,29431.19,824073.32,15.29,320,197,12,8,net banking,1138
1129,59.0,MUMBAI,premium,furniture,10.0,5597.33,55973.3,10.82,92,68,18,1,CREDIT CARD,1662
1130,51.0,pune,inactive,Books,25.0,16842.93,421073.25,38.6,304,155,8,25,Cash,1399
1131,48.0,MUMBAI,PREMIUM,Electronics,15.0,49459.82,741897.3,4.57,315,38,4,5,Net Banking,1821
1132,18.0,Bangalore,premium,Electronics,9.0,25829.41,232464.69,21.98,341,121,10,4,net banking,1586
1133,25.0,Delhi,NEW,groceries,25.0,38809.02,970225.5,35.31,182,80,16,10,net banking,190
1134,56.0,MUMBAI,PREMIUM,Sports,18.0,35711.71,642810.78,41.99,287,114,15,8,cash,276
1135,53.0,Hyderabad,inactive,Groceries,12.0,1752.13,21025.56,18.28,239,198,11,11,upi,467
1136,57.0,Pune,Regular,groceries,24.0,9360.78,224658.72,37.38,6,51,14,11,net banking,429
1137,18.0,pune,regular,Groceries,7.0,45596.52,319175.64,45.79,258,4,19,4,Credit Card,1355
1138,35.0,Kolkata,New,Electronics,45.0,35361.09,1591249.05,13.71,30,147,0,45,Net Banking,1274
1139,58.0,hyderabad,new,ELECTRONICS,31.0,37621.83,1166276.73,32.38,280,27,1,23,Credit Card,1285
1140,63.0,Mumbai,PREMIUM,books,9.0,4599.82,41398.38,41.7,62,15,14,0,UPI,229
1141,52.0,delhi,Regular,Sports,40.0,37003.95,1480158.0,16.63,345,82,5,37,UPI,1087
1142,18.0,BANGALORE,New,books,43.0,33647.24,1446831.32,3.25,257,38,8,5,CREDIT CARD,938
1143,20.0,delhi,Inactive,Clothing,45.0,25520.56,1148425.2,8.65,2,80,8,35,UPI,271
1144,39.0,hyderabad,Inactive,books,45.0,4761.71,214276.95,46.51,46,30,2,11,credit card,410
1145,38.0,pune,inactive,Electronics,50.0,8882.12,444106.0,0.52,327,96,14,5,Debit Card,660
1146,61.0,MUMBAI,PREMIUM,clothing,4.0,19275.87,77103.48,14.35,143,36,18,2,upi,492
1147,30.0,delhi,Regular,ELECTRONICS,19.0,13338.03,253422.57,21.98,48,126,11,18,UPI,744
1148,67.0,kolkata,new,books,41.0,34508.47,1414847.27,8.52,300,99,4,34,Cash,461
1149,62.0,Hyderabad,REGULAR,Sports,44.0,39915.43,1756278.92,10.37,359,129,17,17,credit card,1081
1150,67.0,MUMBAI,regular,Clothing,30.0,13411.87,402356.1,46.1,265,169,20,5,Net Banking,316
1151,47.0,pune,REGULAR,Groceries,37.0,19206.55,710642.35,29.42,18,83,3,22,Credit Card,355
1152,44.0,Kolkata,REGULAR,Groceries,42.0,45197.5,1898295.0,9.36,184,79,5,29,net banking,411
1153,66.0,Chennai,new,Books,40.0,23094.06,923762.4,28.8,223,188,12,30,Debit Card,547
1154,64.0,bangalore,Inactive,Groceries,31.0,34088.51,1056743.81,15.01,120,196,16,6,upi,902
1155,67.0,delhi,Inactive,groceries,38.0,1913.48,72712.24,25.61,154,153,16,12,Cash,1569
1156,26.0,Mumbai,inactive,Groceries,4.0,48531.09,194124.36,15.46,73,89,14,3,CREDIT CARD,973
1157,18.0,Mumbai,Regular,ELECTRONICS,20.0,15722.57,314451.4,9.23,105,112,2,7,CREDIT CARD,1432
1158,53.0,bangalore,Premium,GROCERIES,11.0,17563.24,193195.64,23.54,352,101,6,7,cash,800
1159,47.0,Delhi,premium,groceries,9.0,16258.66,146327.94,46.76,205,198,10,4,cash,1525
1160,45.0,BANGALORE,NEW,electronics,23.0,24671.31,567440.13,37.02,301,7,7,19,CREDIT CARD,1602
1161,33.0,bangalore,REGULAR,Groceries,33.0,41250.29,1361259.57,30.53,204,20,20,14,CREDIT CARD,1053
1162,30.0,chennai,Regular,clothing,28.0,5096.09,142690.52,19.2,93,109,4,9,debit card,822
1163,61.0,Kolkata,Premium,clothing,27.0,9386.14,253425.78,19.91,265,28,14,25,credit card,739
1164,61.0, Chennai ,inactive,books,26.0,40275.74,1047169.24,0.61,164,33,18,16,upi,1435
1165,47.0,Chennai,new,Sports,43.0,20384.32,876525.76,38.57,156,109,8,40,credit card,1266
1166,69.0,hyderabad,NEW,Groceries,50.0,23940.59,1197029.5,16.75,274,94,3,50,CREDIT CARD,898
1167,52.0,BANGALORE,inactive,electronics,10.0,844.36,8443.6,47.41,363,152,8,3,net banking,1694
1168,57.0,hyderabad,New,Electronics,30.0,14444.84,433345.2,6.08,251,118,11,1,Cash,1435
1169,41.0,delhi,New,Groceries,44.0,15159.15,667002.6,40.96,278,69,5,18,UPI,884
1170,19.0,hyderabad,REGULAR,clothing,41.0,2262.95,92780.95,5.58,19,137,12,15,CREDIT CARD,202
1171,52.0, Chennai ,PREMIUM,sports,10.0,31829.54,318295.4,21.56,141,89,14,9,Debit Card,1720
1172,64.0,kolkata,Inactive,GROCERIES,3.0,4288.54,12865.62,18.64,76,156,20,0,upi,1079
1173,64.0,CHENNAI,REGULAR,Sports,48.0,15448.31,741518.88,20.04,95,192,8,46,cash,1551
1174,23.0,Hyderabad,premium,Books,13.0,28759.31,373871.03,49.75,316,132,17,13,Debit Card,1451
1175,69.0,chennai,REGULAR,furniture,31.0,11152.86,345738.66,46.77,141,192,5,17,net banking,1405
1176,20.0,BANGALORE,PREMIUM,Sports,19.0,13997.63,265954.97,20.36,10,107,4,8,debit card,977
1177,56.0,,premium,Clothing,15.0,1394.61,20919.15,16.23,33,157,9,14,Cash,891
1178,58.0,Bangalore,NEW,groceries,31.0,46528.7,1442389.7,0.63,175,82,11,28,CREDIT CARD,976
1179,65.0,Kolkata,Regular,Furniture,45.0,8915.66,401204.7,19.5,207,9,18,5,cash,1026
1180,53.0,bangalore,premium,Clothing,48.0,49251.0,2364048.0,18.46,150,193,10,28,cash,987
1181,19.0,Mumbai,Inactive,furniture,11.0,31401.12,345412.32,28.24,213,196,0,4,net banking,1553
1182,-5.0,Delhi,New,Furniture,9.0,19232.23,173090.07,47.44,64,25,12,3,Debit Card,256
1183,54.0,DELHI,PREMIUM,books,11.0,38460.29,423063.19,49.22,206,141,13,5,Debit Card,886
1184,56.0,delhi,REGULAR,Books,24.0,31698.65,760767.6,33.21,352,163,20,10,net banking,1126
1185,52.0,BANGALORE,Regular,books,26.0,24994.24,649850.24,23.2,231,41,5,12,debit card,36
1186,52.0,Bangalore,new,Sports,12.0,34325.91,411910.92,4.92,298,168,13,6,upi,416
1187,58.0,Chennai,Inactive,Clothing,9.0,,276124.05,25.17,42,154,18,6,Credit Card,695
1188,57.0,Delhi,PREMIUM,furniture,41.0,23859.72,978248.52,4.55,190,6,19,41,upi,1160
1189,50.0,MUMBAI,PREMIUM,GROCERIES,24.0,36291.48,870995.52,11.97,242,183,6,10,CREDIT CARD,630
1190,22.0,Chennai,Regular,furniture,30.0,23230.05,696901.5,34.18,228,62,5,14,net banking,1343
1191,25.0,Bangalore,PREMIUM,Clothing,30.0,36241.29,1087238.7,3.49,17,175,13,27,net banking,992
1192,42.0,CHENNAI,New,clothing,46.0,27098.4,1246526.4,35.79,311,166,17,45,Credit Card,928
1193,48.0,chennai,regular,Books,26.0,41501.23,1079031.98,36.26,21,94,12,22,net banking,1318
1194,59.0,hyderabad,New,Books,8.0,5629.34,45034.72,42.35,297,193,3,2,UPI,875
1195,60.0,Bangalore,PREMIUM,Clothing,31.0,,337875.51,4.86,329,178,2,29,Net Banking,1571
1196,33.0,delhi,REGULAR,clothing,45.0,22511.27,1013007.15,39.37,359,67,18,17,Cash,103
1197,66.0,Mumbai,PREMIUM,Furniture,19.0,1784.05,33896.95,44.01,289,93,9,9,CREDIT CARD,1192
1198,58.0,DELHI,new,sports,29.0,33827.3,980991.7,7.72,356,33,4,19,debit card,1789
1199,42.0,delhi,inactive,Clothing,2.0,42620.5,85241.0,29.16,76,150,0,1,UPI,1506
1200,,kolkata,New,GROCERIES,40.0,45050.2,1802008.0,48.62,330,40,18,32,UPI,1101
1201,41.0,BANGALORE,new,Sports,11.0,43603.72,479640.92,150.0,248,98,0,10,credit card,731
1202,32.0,DELHI,Regular,Clothing,10.0,14276.62,142766.2,38.9,62,167,6,5,Net Banking,970
1203,54.0,Chennai,NEW,Clothing,48.0,10525.23,505211.04,33.21,205,161,3,21,net banking,167
1204,35.0,Pune,NEW,books,48.0,27117.59,1301644.32,3.97,29,115,18,33,Debit Card,531
1205,34.0,mumbai,inactive,books,16.0,11802.83,188845.28,35.87,91,11,19,8,net banking,598
1206,23.0,MUMBAI,premium,ELECTRONICS,34.0,15486.66,526546.44,10.39,125,150,18,30,Net Banking,231
1207,52.0,chennai,REGULAR,Books,41.0,4116.2,168764.2,23.91,227,22,15,12,credit card,1140
1208,55.0,MUMBAI,Inactive,GROCERIES,20.0,28681.8,573636.0,29.09,58,185,14,20,Debit Card,1236
1209,69.0,hyderabad,Premium,clothing,,20654.86,1012088.14,13.54,324,46,10,0,Net Banking,1083
1210,36.0,,regular,books,35.0,12826.59,448930.65,13.76,288,129,9,28,credit card,1579
1211,29.0,Kolkata,Premium,Groceries,33.0,23790.06,785071.98,8.16,34,195,13,19,credit card,1795
1212,46.0,Bangalore,inactive,Sports,35.0,41216.61,1442581.35,9.68,56,196,7,13,debit card,1057
1213,37.0,,NEW,GROCERIES,7.0,34394.94,240764.58,46.38,108,147,4,5,CREDIT CARD,423
1214,67.0,BANGALORE,PREMIUM,books,11.0,30701.1,337712.1,7.86,265,122,20,9,upi,1626
1215,64.0,delhi,Regular,clothing,31.0,46749.33,1449229.23,41.72,190,38,9,21,UPI,1728
1216,65.0,,new,clothing,28.0,28382.68,794715.04,38.13,3,196,12,1,upi,754
1217,59.0,Mumbai,new,Books,18.0,1464.24,26356.32,35.22,107,170,8,9,UPI,78
1218,38.0,Hyderabad,New,Groceries,36.0,28218.63,1015870.68,9.97,111,159,16,28,debit card,248
1219,22.0,Delhi,PREMIUM,Groceries,47.0,24244.29,1139481.63,36.06,241,12,12,44,Net Banking,541
1220,35.0,pune,New,Electronics,7.0,3277.67,22943.69,17.13,276,95,14,4,credit card,996
1221,26.0,CHENNAI,REGULAR,Books,47.0,20981.98,986153.06,7.59,78,151,9,36,Debit Card,1180
1222,23.0,hyderabad,Regular,Groceries,37.0,27555.96,1019570.52,33.03,286,136,9,1,CREDIT CARD,1611
1223,67.0,CHENNAI,REGULAR,books,24.0,45302.62,1087262.88,22.29,110,48,10,14,Debit Card,973
1224,41.0,Bangalore,Regular,Sports,46.0,13321.78,612801.88,30.18,12,36,3,41,upi,905
1225,43.0,Kolkata,Premium,books,34.0,3484.17,118461.78,49.48,192,5,18,27,Credit Card,1062
1226,69.0,Bangalore,NEW,GROCERIES,19.0,28953.37,550114.03,31.72,39,145,2,17,credit card,1119
1227,28.0,kolkata,premium,furniture,30.0,30696.56,920896.8,49.65,38,197,13,26,debit card,983
1228,46.0,Mumbai,inactive,Groceries,5.0,9492.85,47464.25,28.76,233,136,13,0,upi,1207
1229,36.0,Chennai,Inactive,books,25.0,1434.15,35853.75,11.26,219,39,8,7,Cash,1411
1230,67.0,Bangalore,NEW,GROCERIES,42.0,33437.39,1404370.38,150.0,295,91,18,9,Debit Card,1613
1231,27.0,MUMBAI,regular,ELECTRONICS,7.0,1798.11,12586.77,30.1,21,200,4,5,credit card,700
1232,38.0,,inactive,Clothing,13.0,15495.01,201435.13,21.21,139,60,6,12,UPI,85
1233,26.0,hyderabad,premium,books,25.0,1758.48,43962.0,43.38,107,98,1,14,Net Banking,847
1234,30.0,MUMBAI,New,furniture,8.0,5096.16,6900298.76,8.75,297,186,16,1,CREDIT CARD,1579
1235,31.0, Chennai ,new,sports,39.0,18240.32,711372.48,49.77,213,49,6,5,net banking,766
1236,48.0,delhi,NEW,electronics,30.0,1299.2,38976.0,19.0,216,103,3,11,UPI,664
1237,22.0,Hyderabad,inactive,clothing,15.0,49985.47,749782.05,4.22,330,100,15,0,debit card,1524
1238,59.0,Bangalore,Premium,ELECTRONICS,16.0,9279.24,148467.84,0.46,266,40,4,15,Credit Card,155
1239,56.0,MUMBAI,inactive,clothing,24.0,31068.97,745655.28,41.16,215,45,5,16,CREDIT CARD,1549
1240,69.0,mumbai,REGULAR,electronics,11.0,1984.02,21824.22,10.2,207,161,11,4,Cash,687
1241,19.0,Chennai,REGULAR,Electronics,31.0,2194.03,68014.93,43.6,209,12,17,24,Cash,1509
1242,51.0,mumbai,PREMIUM,electronics,1.0,17758.99,17758.99,11.13,215,17,3,1,Net Banking,880
1243,52.0,hyderabad,PREMIUM,books,39.0,40566.54,1582095.06,0.04,244,121,8,8,UPI,1374
1244,52.0,bangalore,Inactive,Sports,46.0,5271.72,242499.12,24.64,293,51,4,14,net banking,295
1245,69.0,,Regular,Sports,6.0,37287.67,223726.02,35.86,145,158,3,1,Debit Card,543
1246,29.0,DELHI,REGULAR,sports,30.0,33583.64,1007509.2,26.0,296,69,4,10,upi,797
1247,60.0,Mumbai,Inactive,sports,3.0,37522.83,112568.49,39.99,324,13,6,1,Credit Card,322
1248,58.0,chennai,Regular,ELECTRONICS,26.0,16465.35,428099.1,28.6,248,89,6,20,Cash,860
1249,46.0,MUMBAI,new,furniture,17.0,27521.03,467857.51,5.89,144,168,16,10,UPI,411
1250,34.0,Bangalore,new,Books,36.0,23087.64,831155.04,4.83,176,196,16,16,credit card,1631
1251,41.0,Hyderabad,inactive,Electronics,35.0,6748.29,236190.15,11.36,235,29,3,35,debit card,288
1252,40.0,DELHI,new,groceries,36.0,49223.43,1772043.48,4.15,259,47,12,32,Debit Card,320
1253,61.0,Delhi,Premium,Clothing,47.0,37357.49,1755802.03,26.28,78,145,16,33,Credit Card,1668
1254,52.0,bangalore,NEW,Clothing,45.0,47384.59,2132306.55,26.54,192,41,3,43,CREDIT CARD,1330
1255,58.0,Delhi,PREMIUM,Furniture,40.0,21488.78,859551.2,10.11,26,103,9,24,net banking,892
1256,48.0,hyderabad,REGULAR,ELECTRONICS,47.0,46938.09,2206090.23,0.02,129,182,17,42,debit card,457
1257,64.0,CHENNAI,Premium,Books,27.0,7445.01,201015.27,24.05,83,196,7,12,CREDIT CARD,1353
1258,44.0,BANGALORE,Inactive,Clothing,16.0,41799.29,668788.64,3.53,142,36,12,3,Cash,1406
1259,27.0,MUMBAI,new,ELECTRONICS,44.0,14135.78,621974.32,16.37,327,31,16,19,net banking,240
1260,67.0,Kolkata,Regular,Sports,29.0,15291.7,443459.3,6.24,313,117,4,2,UPI,1822
1261,35.0,chennai,New,books,17.0,6085.46,103452.82,23.33,300,44,15,9,Debit Card,1100
1262,24.0,CHENNAI,Inactive,furniture,24.0,12443.98,298655.52,42.5,254,180,13,13,Credit Card,1336
1263,24.0,delhi,regular,clothing,41.0,25637.27,1051128.07,20.98,129,92,2,0,credit card,1490
1264,69.0,Kolkata,Regular,furniture,32.0,11458.71,366678.72,21.69,137,27,15,24,Cash,1092
1265,60.0,BANGALORE,Premium,furniture,7.0,29721.98,208053.86,39.68,51,148,3,1,Debit Card,768
1266,55.0,Hyderabad,New,sports,48.0,2473.31,118718.88,32.35,226,118,18,33,Credit Card,846
1267,70.0,Hyderabad,inactive,Electronics,14.0,28563.03,399882.42,1.21,169,26,9,14,upi,1672
1268,19.0,hyderabad,regular,Groceries,44.0,17530.46,771340.24,48.68,128,71,14,3,UPI,968
1269,62.0,delhi,PREMIUM,Clothing,36.0,38655.04,1391581.44,27.36,165,190,12,22,CREDIT CARD,1759
1270,49.0,CHENNAI,REGULAR,Groceries,40.0,27142.62,1085704.8,40.26,117,82,9,6,credit card,1339
1271,43.0,Bangalore,Inactive,GROCERIES,41.0,9716.51,398376.91,19.13,136,182,15,22,UPI,1680
1272,46.0,bangalore,PREMIUM,ELECTRONICS,21.0,1288.4,27056.4,9.49,159,130,20,17,debit card,1579
1273,53.0,Pune,PREMIUM,groceries,40.0,34933.99,1397359.6,9.93,47,183,19,25,debit card,328
1274,63.0,Bangalore,NEW,Groceries,26.0,7085.1,184212.6,19.26,151,158,18,2,UPI,490
1275,46.0,chennai,Regular,Furniture,10.0,33542.31,335423.1,13.69,254,58,7,3,Debit Card,931
1276,59.0,MUMBAI,PREMIUM,Electronics,19.0,12562.17,238681.23,1.04,314,124,14,13,net banking,1158
1277,54.0,MUMBAI,New,ELECTRONICS,34.0,29254.33,994647.22,31.36,199,192,8,23,debit card,913
1278,41.0,bangalore,Regular,Groceries,35.0,18175.17,636130.95,47.9,69,83,7,34,Cash,293
1279,24.0,kolkata,new,Furniture,21.0,5687.98,119447.58,41.31,117,185,11,20,net banking,1711
1280,32.0,hyderabad,regular,furniture,4.0,23281.82,93127.28,21.89,303,112,2,1,Credit Card,1176
1281,46.0,Pune,inactive,Electronics,23.0,24093.01,554139.23,35.32,33,175,11,2,debit card,1196
1282,34.0,Chennai,Inactive,GROCERIES,28.0,,990045.84,47.14,203,56,14,9,net banking,1457
1283,61.0,DELHI,REGULAR,Clothing,37.0,40021.61,1480799.57,25.4,209,37,17,37,UPI,1796
1284,18.0,chennai,REGULAR,furniture,8.0,38843.74,310749.92,3.55,33,136,13,2,Debit Card,539
1285,56.0,mumbai,PREMIUM,Electronics,42.0,46476.9,1952029.8,36.43,170,23,3,25,Cash,1465
1286,61.0,BANGALORE,New,groceries,45.0,23983.17,1079242.65,42.36,94,25,9,22,CREDIT CARD,1478
1287,45.0,delhi,new,electronics,12.0,13395.03,160740.36,10.03,180,166,20,1,UPI,955
1288,66.0, Chennai ,NEW,clothing,2.0,44025.41,88050.82,3.05,286,16,11,0,CREDIT CARD,33
1289,51.0,Chennai,Premium,Groceries,25.0,15660.06,391501.5,40.0,291,145,11,2,CREDIT CARD,416
1290,58.0,Kolkata,PREMIUM,Furniture,14.0,48800.83,683211.62,4.85,350,40,19,5,Cash,392
1291,46.0,mumbai,NEW,ELECTRONICS,29.0,2001.91,58055.39,1.94,276,31,9,29,debit card,250
1292,40.0,mumbai,Inactive,Furniture,11.0,45061.41,495675.51,24.88,309,40,19,5,Net Banking,1378
1293,53.0,BANGALORE,new,electronics,43.0,27945.86,1201671.98,16.92,188,37,7,31,Debit Card,1656
1294,43.0,chennai,REGULAR,Electronics,31.0,40639.91,1259837.21,45.48,363,194,18,6,net banking,216
1295,60.0,Bangalore,NEW,furniture,37.0,35259.19,1304590.03,26.08,280,165,6,18,UPI,307
1296,46.0,MUMBAI,regular,Sports,28.0,20509.79,574274.12,18.85,252,7,15,3,UPI,1179
1297,48.0,BANGALORE,regular,GROCERIES,50.0,14716.1,735805.0,34.2,29,136,1,12,credit card,658
1298,55.0,pune,NEW,ELECTRONICS,42.0,16025.85,673085.7,2.4,15,13,9,24,Debit Card,750
1299,52.0,chennai,inactive,books,28.0,37057.73,1037616.44,26.2,92,131,11,21,Credit Card,469
1300,24.0,hyderabad,PREMIUM,Clothing,46.0,16355.37,752347.02,35.7,254,53,18,40,Cash,61
1301,20.0,BANGALORE,Regular,sports,8.0,46253.46,370027.68,0.24,124,169,10,2,upi,1722
1302,32.0,bangalore,New,Electronics,10.0,7512.64,75126.4,12.31,343,67,13,10,Cash,1484
1303,,DELHI,Regular,Sports,48.0,45729.94,2195037.12,20.46,6,107,13,24,debit card,1755
1304,30.0,Kolkata,regular,furniture,1.0,31513.59,31513.59,19.77,357,197,14,0,cash,1442
1305,32.0,CHENNAI,inactive,electronics,8.0,8366.73,66933.84,39.56,35,47,17,5,CREDIT CARD,1545
1306,34.0,BANGALORE,regular,Furniture,19.0,14592.89,277264.91,28.51,56,195,3,12,Debit Card,207
1307,53.0,Kolkata,Regular,ELECTRONICS,34.0,49780.14,1692524.76,23.45,56,29,7,2,upi,407
1308,23.0,CHENNAI,Regular,groceries,40.0,18859.64,754385.6,36.92,227,153,1,32,Debit Card,1603
1309,31.0,Bangalore,Premium,furniture,1.0,47455.18,47455.18,17.07,129,45,11,1,Debit Card,1349
1310,21.0,BANGALORE,New,ELECTRONICS,19.0,25526.93,485011.67,11.26,322,50,10,14,Credit Card,1814
1311,46.0,CHENNAI,Regular,furniture,34.0,14746.42,501378.28,8.05,281,82,1,7,cash,163
1312,44.0,kolkata,NEW,Electronics,40.0,36163.88,1446555.2,36.2,165,95,1,9,credit card,1431
1313,32.0,Chennai,New,Electronics,37.0,3391.67,125491.79,19.38,291,31,7,2,Cash,1147
1314,22.0,Chennai,inactive,books,31.0,46891.94,1453650.14,32.24,145,176,19,24,Net Banking,1562
1315,33.0,Kolkata,Inactive,clothing,23.0,49016.49,1127379.27,31.83,246,40,14,17,UPI,488
1316,27.0,DELHI,inactive,sports,12.0,,578045.52,19.42,132,42,11,11,Credit Card,914
1317,69.0,DELHI,PREMIUM,Electronics,30.0,20813.39,624401.7,43.99,117,103,4,26,cash,752
1318,31.0,BANGALORE,New,groceries,30.0,36805.74,6900298.76,22.19,199,119,11,10,UPI,1392
1319,43.0,Mumbai,NEW,Clothing,16.0,11239.49,179831.84,9.55,100,187,19,11,Net Banking,1152
1320,66.0,Hyderabad,REGULAR,Sports,20.0,11068.93,221378.6,7.07,56,139,20,14,debit card,1735
1321,67.0,Hyderabad,Premium,Clothing,14.0,17215.32,241014.48,44.5,338,99,16,6,CREDIT CARD,937
1322,19.0,MUMBAI,New,furniture,43.0,9030.87,388327.41,49.18,349,145,4,41,upi,1207
1323,68.0,MUMBAI,PREMIUM,groceries,21.0,23694.7,497588.7,43.4,67,196,15,10,Cash,1593
1324,57.0,kolkata,inactive,Electronics,44.0,5304.7,233406.8,3.27,11,3,1,21,credit card,671
1325,40.0,MUMBAI,PREMIUM,Clothing,20.0,42113.59,842271.8,18.15,162,150,14,15,UPI,1470
1326,29.0,DELHI,regular,electronics,36.0,8410.71,302785.56,44.03,84,107,3,34,Cash,869
1327,28.0,Pune,NEW,Sports,31.0,35143.2,1089439.2,14.06,128,30,4,28,credit card,1577
1328,20.0,Mumbai,New,GROCERIES,25.0,24105.56,602639.0,38.36,301,177,11,14,Cash,1201
1329,29.0,hyderabad,Premium,GROCERIES,43.0,28555.76,1227897.68,44.28,44,95,2,11,CREDIT CARD,1308
1330,37.0,BANGALORE,PREMIUM,electronics,43.0,10258.03,441095.29,31.71,150,183,2,22,Cash,1667
1331,49.0,Chennai,Inactive,furniture,27.0,,1338909.48,18.26,130,50,16,8,net banking,78
1332,49.0,Bangalore,PREMIUM,Electronics,42.0,12320.79,517473.18,15.33,230,111,10,2,debit card,1565
1333,66.0,hyderabad,inactive,electronics,22.0,27788.07,611337.54,6.53,320,3,18,0,debit card,809
1334,30.0,Kolkata,New,groceries,3.0,34916.77,104750.31,13.51,193,86,11,3,upi,1478
1335,39.0,,REGULAR,sports,17.0,27842.94,473329.98,24.44,137,22,14,2,cash,682
1336,, Chennai ,Premium,Books,9.0,40408.22,363673.98,5.35,39,46,11,1,CREDIT CARD,1201
1337,69.0,Delhi,premium,books,5.0,977.44,4887.2,0.67,175,159,2,1,Cash,1312
1338,47.0,Bangalore,inactive,electronics,40.0,6537.93,261517.2,35.21,103,191,2,11,credit card,1500
1339,23.0,Chennai,New,Books,44.0,12037.25,529639.0,2.5,41,100,10,40,net banking,424
1340,48.0,MUMBAI,new,furniture,46.0,9710.21,446669.66,14.4,347,152,1,28,CREDIT CARD,1069
1341,18.0,CHENNAI,PREMIUM,Clothing,17.0,7622.69,129585.73,27.1,97,180,3,2,Debit Card,413
1342,38.0,Delhi,PREMIUM,groceries,41.0,41884.0,1717244.0,14.84,212,130,20,18,Debit Card,903
1343,34.0,bangalore,Regular,Furniture,1.0,32914.69,32914.69,48.41,129,73,5,0,Credit Card,158
1344,49.0,bangalore,Premium,furniture,49.0,40976.32,2007839.68,4.0,229,4,2,20,Cash,1609
1345,41.0,CHENNAI,Inactive,clothing,47.0,42066.4,1977120.8,22.54,246,95,15,19,Net Banking,671
1346,52.0,MUMBAI,Regular,furniture,11.0,2613.62,28749.82,17.64,239,119,10,6,Net Banking,1809
1347,47.0,hyderabad,PREMIUM,ELECTRONICS,48.0,37652.33,1807311.84,20.98,13,36,10,24,cash,335
1348,43.0,bangalore,Premium,groceries,43.0,45315.43,1948563.49,7.55,95,56,3,1,upi,997
1349,27.0,delhi,REGULAR,Clothing,2.0,25117.46,50234.92,7.92,282,72,7,0,Net Banking,1272
1350,64.0,Kolkata,New,groceries,11.0,24623.44,270857.84,33.29,181,28,2,5,Net Banking,1274
1351,36.0,Mumbai,Regular,Furniture,32.0,40279.29,1288937.28,20.82,7,79,20,10,UPI,1321
1352,37.0,Hyderabad,Inactive,electronics,39.0,,269360.91,14.09,192,177,4,23,Cash,999
1353,22.0,Chennai,new,Groceries,27.0,12682.44,342425.88,47.23,353,60,10,20,Net Banking,1641
1354,35.0,Pune,REGULAR,furniture,22.0,35067.31,771480.82,45.09,165,162,18,7,Cash,1278
1355,33.0,Delhi,new,furniture,31.0,44582.57,1382059.67,15.67,49,99,4,20,credit card,1113
1356,49.0,hyderabad,Inactive,sports,18.0,3812.81,68630.58,19.48,99,198,8,4,UPI,1766
1357,67.0,chennai,new,Clothing,15.0,31836.96,477554.4,16.36,318,124,17,4,debit card,685
1358,49.0,Bangalore,Inactive,Furniture,13.0,41294.75,536831.75,32.29,306,155,3,4,Credit Card,1536
1359,30.0,kolkata,NEW,clothing,16.0,39640.11,634241.76,21.15,6,77,8,6,CREDIT CARD,636
1360,19.0,Chennai,inactive,Sports,49.0,21360.45,1046662.05,18.43,76,115,20,24,net banking,351
1361,56.0,hyderabad,REGULAR,electronics,18.0,23069.19,415245.42,9.89,311,117,9,5,Cash,293
1362,38.0,Chennai,premium,Electronics,21.0,27852.47,584901.87,18.44,162,185,12,17,Credit Card,1317
1363,45.0,Bangalore,New,ELECTRONICS,21.0,30847.56,647798.76,38.03,330,73,10,18,Cash,110
1364,50.0,chennai,PREMIUM,GROCERIES,5.0,46383.96,231919.8,7.0,53,134,5,5,Debit Card,218
1365,66.0,bangalore,REGULAR,Groceries,6.0,20925.77,125554.62,37.54,253,103,17,0,net banking,882
1366,59.0,BANGALORE,PREMIUM,Furniture,6.0,40811.03,244866.18,22.42,60,196,8,1,Debit Card,145
1367,59.0,Pune,Premium,Electronics,42.0,42223.21,1773374.82,11.28,22,11,7,14,CREDIT CARD,1812
1368,26.0,kolkata,REGULAR,Groceries,25.0,37920.17,948004.25,33.51,10,131,9,15,Credit Card,1401
1369,63.0,Hyderabad,NEW,electronics,3.0,10406.16,31218.48,1.8,118,150,15,0,UPI,1467
1370,23.0,pune,REGULAR,Furniture,11.0,20160.48,221765.28,7.61,4,161,19,4,debit card,1169
1371,41.0,kolkata,New,ELECTRONICS,13.0,37831.49,491809.37,12.81,101,84,8,6,credit card,1362
1372,36.0,hyderabad,Premium,GROCERIES,39.0,48402.87,1887711.93,33.59,208,53,5,7,Credit Card,823
1373,69.0, Chennai ,Regular,Clothing,49.0,28725.25,1407537.25,37.36,354,173,6,37,debit card,769
1374,47.0,chennai,inactive,Sports,15.0,28558.91,428383.65,44.22,130,56,16,0,debit card,55
1375,31.0,mumbai,REGULAR,Clothing,32.0,47366.36,1515723.52,19.43,168,118,12,10,Net Banking,1013
1376,53.0,DELHI,inactive,books,16.0,4344.87,69517.92,5.36,1,8,19,1,Credit Card,591
1377,18.0,DELHI,new,groceries,,28621.49,1345210.03,7.97,28,95,6,0,Debit Card,896
1378,65.0,bangalore,premium,clothing,27.0,32854.49,887071.23,14.87,18,31,9,4,debit card,965
1379,69.0,MUMBAI,premium,Sports,48.0,47645.04,2286961.92,39.64,244,45,0,7,credit card,1514
1380,33.0,hyderabad,Inactive,sports,36.0,14020.16,504725.76,1.13,289,123,2,9,Debit Card,163
1381,43.0,BANGALORE,Premium,Electronics,32.0,21908.13,701060.16,23.29,90,4,18,2,cash,159
1382,67.0,delhi,regular,sports,31.0,10533.58,326540.98,13.36,344,70,6,15,Net Banking,1689
1383,18.0,chennai,Inactive,books,28.0,28167.75,788697.0,35.15,119,184,1,9,UPI,211
1384,56.0,bangalore,new,books,31.0,27457.24,851174.44,18.66,191,186,17,9,UPI,1535
1385,58.0,bangalore,New,ELECTRONICS,38.0,20388.07,774746.66,23.37,178,197,9,9,cash,1569
1386,49.0,Pune,New,Groceries,28.0,4779.06,133813.68,12.66,71,8573,11,20,Net Banking,953
1387,66.0,Pune,inactive,ELECTRONICS,3.0,17500.96,52502.88,45.91,321,38,19,2,net banking,1325
1388,65.0,mumbai,Inactive,ELECTRONICS,14.0,41321.93,578507.02,19.82,215,29,16,8,Credit Card,1094
1389,24.0,pune,Premium,clothing,36.0,33399.53,1202383.08,8.24,117,176,10,31,credit card,696
1390,64.0,bangalore,NEW,groceries,34.0,33016.15,1122549.1,19.64,296,90,13,6,Debit Card,1341
1391,59.0,hyderabad,PREMIUM,books,45.0,44814.1,2016634.5,9.42,1,130,3,31,CREDIT CARD,177
1392,62.0,DELHI,Regular,Books,26.0,15491.45,402777.7,10.46,327,25,6,0,Credit Card,93
1393,36.0, Chennai ,Regular,ELECTRONICS,50.0,34183.84,1709192.0,3.35,232,31,13,22,cash,855
1394,18.0,DELHI,REGULAR,groceries,24.0,10818.2,259636.8,21.43,302,123,20,19,Cash,115
1395,61.0,Kolkata,Premium,GROCERIES,21.0,17899.1,375881.1,12.79,243,99,17,3,upi,1440
1396,55.0,bangalore,inactive,GROCERIES,2.0,19308.38,38616.76,48.14,45,122,8,2,credit card,199
1397,33.0, Chennai ,new,groceries,48.0,17200.44,825621.12,30.18,241,9,10,19,net banking,1621
1398,-5.0,hyderabad,Regular,furniture,27.0,5200.21,140405.67,34.19,304,173,0,16,Net Banking,171
1399,50.0,mumbai,new,clothing,45.0,28469.97,1281148.65,40.07,275,168,1,16,Cash,270
1400,62.0,kolkata,new,ELECTRONICS,29.0,15022.78,435660.62,8.14,149,154,10,13,credit card,1436
1401,27.0,CHENNAI,Regular,GROCERIES,32.0,12827.61,410483.52,19.37,335,46,12,2,debit card,404
1402,32.0,Bangalore,inactive,furniture,32.0,11822.26,378312.32,22.23,359,30,3,10,CREDIT CARD,300
1403,65.0,pune,Premium,GROCERIES,32.0,18650.44,596814.08,34.95,11,182,16,23,cash,1143
1404,24.0,Hyderabad,new,Electronics,18.0,22096.41,397735.38,35.1,35,17,2,8,cash,762
1405,48.0,BANGALORE,NEW,Clothing,9.0,6490.04,58410.36,8.1,293,48,6,7,cash,1148
1406,41.0,Pune,regular,GROCERIES,5.0,48557.84,242789.2,32.81,299,106,3,4,Credit Card,505
1407,30.0,Mumbai,regular,ELECTRONICS,48.0,35222.96,1690702.08,0.56,31,131,0,7,net banking,1393
1408,35.0,,NEW,Electronics,20.0,44079.04,881580.8,6.85,125,123,6,6,cash,1002
1409,48.0,Kolkata,Regular,electronics,12.0,19698.95,236387.4,31.67,278,19,4,10,CREDIT CARD,1786
1410,50.0,Mumbai,premium,GROCERIES,33.0,49498.41,1633447.53,3.63,85,64,20,26,cash,770
1411,32.0,delhi,New,Electronics,49.0,21877.62,1072003.38,43.53,203,8,6,42,UPI,830
1412,46.0,,PREMIUM,GROCERIES,40.0,47494.7,1899788.0,25.48,209,166,20,10,Debit Card,1256
1413,51.0,DELHI,new,Books,5.0,21920.71,109603.55,1.55,34,144,2,5,CREDIT CARD,1612
1414,59.0,chennai,REGULAR,clothing,26.0,14401.26,374432.76,32.51,175,78,17,19,UPI,661
1415,48.0,kolkata,new,groceries,49.0,43622.37,2137496.13,34.42,356,144,19,38,cash,1639
1416,54.0,Mumbai,new,Groceries,6.0,34725.49,208352.94,48.76,273,133,19,5,credit card,545
1417,58.0,delhi,regular,books,19.0,29924.47,568564.93,11.39,166,62,18,6,UPI,657
1418,30.0,Bangalore,NEW,Sports,27.0,14286.85,385744.95,29.89,343,169,6,24,Cash,1641
1419,26.0,DELHI,Regular,Sports,44.0,18393.6,809318.4,27.14,165,53,14,37,net banking,385
1420,25.0,DELHI,inactive,Clothing,14.0,30107.5,421505.0,31.67,173,47,20,12,Net Banking,797
1421,33.0,BANGALORE,new,sports,18.0,46657.95,839843.1,22.95,175,38,8,2,debit card,284
1422,42.0,,New,Electronics,5.0,9851.94,49259.7,46.71,254,117,17,4,debit card,1076
1423,54.0,Hyderabad,Regular,clothing,4.0,49088.09,196352.36,31.41,251,153,3,3,upi,822
1424,38.0, Chennai ,PREMIUM,ELECTRONICS,8.0,18386.08,147088.64,40.06,28,11,2,4,credit card,1153
1425,52.0,delhi,PREMIUM,Books,7.0,46324.52,324271.64,34.34,105,11,18,0,Credit Card,258
1426,39.0,delhi,regular,groceries,16.0,11909.17,190546.72,30.92,293,193,8,11,Debit Card,340
1427,19.0,Pune,Inactive,Groceries,49.0,11383.68,557800.32,40.29,197,53,17,39,Credit Card,358
1428,23.0,pune,Inactive,clothing,32.0,6665.88,213308.16,12.31,209,57,7,29,Cash,369
1429,29.0,Delhi,regular,electronics,1.0,12319.15,12319.15,15.42,297,154,12,1,Debit Card,505
1430,-5.0,CHENNAI,New,sports,29.0,22405.11,649748.19,36.96,197,158,12,0,net banking,1596
1431,35.0,MUMBAI,inactive,GROCERIES,28.0,39584.59,1108368.52,26.2,165,6,15,16,Cash,824
1432,46.0,MUMBAI,REGULAR,ELECTRONICS,,4329.17,199141.82,41.85,350,97,5,0,Debit Card,476
1433,38.0,bangalore,New,clothing,16.0,,574227.52,44.92,195,154,15,0,cash,1183
1434,33.0,CHENNAI,new,sports,2.0,,39498.12,17.26,196,6,15,1,Net Banking,898
1435,23.0,Hyderabad,regular,Groceries,15.0,13821.52,207322.8,45.58,134,123,5,5,Debit Card,1778
1436,55.0,kolkata,Inactive,Furniture,13.0,42372.18,550838.34,48.96,187,13,7,1,CREDIT CARD,219
1437,57.0,Pune,Premium,clothing,6.0,26500.07,159000.42,12.76,77,76,4,6,upi,600
1438,,Delhi,New,clothing,11.0,26265.14,288916.54,11.59,48,159,1,9,cash,1633
1439,68.0,,regular,Furniture,31.0,47129.8,1461023.8,44.75,121,5,6,4,credit card,1612
1440,24.0,delhi,PREMIUM,Furniture,8.0,39063.44,312507.52,27.67,189,186,5,2,net banking,412
1441,33.0,Chennai,REGULAR,books,11.0,38434.31,422777.41,25.66,11,129,16,0,upi,306
1442,28.0,chennai,new,ELECTRONICS,9.0,12475.32,112277.88,30.45,189,147,8,7,Debit Card,961
1443,29.0, Chennai ,Regular,ELECTRONICS,41.0,30497.53,1250398.73,2.11,194,35,0,18,Net Banking,1113
1444,69.0,Kolkata,inactive,Books,26.0,27740.63,721256.38,36.31,269,120,20,16,UPI,1640
1445,56.0,pune,New,Books,17.0,26411.79,449000.43,20.38,258,128,4,1,Debit Card,180
1446,56.0,bangalore,regular,electronics,39.0,45256.18,1764991.02,19.13,154,96,0,20,Net Banking,436
1447,66.0,Chennai,Regular,groceries,50.0,32103.46,1605173.0,7.36,303,195,4,41,debit card,841
1448,33.0,Mumbai,Premium,Clothing,29.0,13019.54,377566.66,19.96,365,120,11,28,Debit Card,978
1449,26.0,Hyderabad,Premium,Clothing,10.0,44903.42,449034.2,46.14,152,96,1,5,Net Banking,821
1450,59.0,Hyderabad,premium,furniture,19.0,18061.33,343165.27,25.63,245,11,15,2,UPI,708
1451,30.0,DELHI,NEW,ELECTRONICS,1.0,49608.93,49608.93,7.3,365,144,8,0,Credit Card,1073
1452,31.0,kolkata,REGULAR,Electronics,29.0,20468.9,593598.1,39.93,236,89,19,10,debit card,783
1453,21.0,kolkata,Inactive,electronics,29.0,38045.38,1103316.02,21.67,264,10,17,23,Cash,1066
1454,22.0,Mumbai,New,Groceries,43.0,35856.42,1541826.06,36.57,326,69,4,9,Debit Card,220
1455,57.0,BANGALORE,regular,groceries,15.0,2573.64,38604.6,15.15,69,50,13,6,upi,1667
1456,70.0,Mumbai,New,Furniture,37.0,13129.82,485803.34,45.8,1,17,5,2,debit card,1519
1457,48.0,CHENNAI,Regular,GROCERIES,11.0,46278.68,509065.48,24.67,41,172,14,5,Cash,1520
1458,41.0,Kolkata,regular,furniture,36.0,27622.31,994403.16,45.07,170,162,10,33,CREDIT CARD,1397
1459,61.0,pune,NEW,Sports,18.0,40406.35,727314.3,38.91,126,58,0,13,Net Banking,587
1460,39.0,kolkata,regular,GROCERIES,47.0,49569.99,2329789.53,2.56,303,77,8,6,CREDIT CARD,1166
1461,32.0,Delhi,Regular,GROCERIES,10.0,46339.56,463395.6,34.87,259,93,13,6,upi,1190
1462,39.0,DELHI,premium,Clothing,11.0,31341.38,344755.18,47.42,340,17,10,0,upi,861
1463,70.0,Hyderabad,PREMIUM,groceries,31.0,48928.75,1516791.25,16.69,190,31,9,15,Net Banking,1037
1464,43.0,pune,Regular,groceries,28.0,42547.78,1191337.84,14.32,313,43,10,5,Cash,699
1465,55.0,BANGALORE,premium,electronics,6.0,4574.36,27446.16,36.87,77,139,13,3,credit card,1655
1466,69.0,Mumbai,Premium,Electronics,31.0,9289.87,287985.97,6.67,188,174,11,5,Credit Card,368
1467,37.0,Bangalore,premium,Electronics,38.0,4576.12,173892.56,1.98,1,50,5,25,Net Banking,250
1468,35.0,pune,regular,furniture,34.0,4048.32,137642.88,30.64,71,17,14,16,CREDIT CARD,1347
1469,67.0,kolkata,premium,GROCERIES,39.0,11577.7,451530.3,14.18,202,87,5,30,Net Banking,764
1470,50.0,DELHI,regular,Sports,46.0,40824.58,1877930.68,20.9,121,80,10,13,Debit Card,974
1471,27.0,Mumbai,Premium,electronics,4.0,29590.31,118361.24,5.89,56,115,4,1,credit card,608
1472,67.0,Bangalore,REGULAR,furniture,16.0,36072.7,577163.2,21.77,63,165,17,9,Debit Card,999
1473,59.0,chennai,REGULAR,ELECTRONICS,26.0,9978.69,259445.94,3.3,17,65,12,5,Net Banking,979
1474,60.0,BANGALORE,REGULAR,GROCERIES,9.0,40881.17,367930.53,37.26,363,109,10,9,CREDIT CARD,45
1475,68.0,mumbai,regular,groceries,6.0,24601.26,147607.56,49.42,76,11,4,1,net banking,1266
1476,49.0,delhi,Regular,sports,12.0,21184.57,254214.84,38.54,324,93,10,12,Cash,793
1477,39.0,Chennai,premium,GROCERIES,50.0,41304.04,2065202.0,25.05,109,38,10,43,cash,1786
1478,65.0,kolkata,regular,Furniture,26.0,44534.53,1157897.78,49.68,314,157,6,13,Credit Card,961
1479,64.0,pune,NEW,clothing,35.0,49841.11,1744438.85,22.82,146,86,0,26,Cash,1314
1480,68.0,CHENNAI,new,books,27.0,46487.9,1255173.3,45.71,312,147,7,10,Cash,486
1481,46.0,delhi,regular,Sports,3.0,40928.45,122785.35,33.42,297,66,12,2,Credit Card,1116
1482,32.0,chennai,Regular,books,29.0,12329.51,357555.79,0.11,25,20,8,17,net banking,883
1483,19.0,kolkata,inactive,Books,20.0,38560.59,771211.8,33.17,255,149,6,17,cash,1161
1484,36.0, Chennai ,Regular,groceries,36.0,36423.2,1311235.2,8.86,336,52,0,27,credit card,703
1485,59.0,Delhi,new,Electronics,7.0,6928.94,48502.58,37.47,133,44,9,4,upi,361
1486,45.0,MUMBAI,PREMIUM,Groceries,7.0,38372.09,268604.63,14.44,278,178,17,1,credit card,348
1487,25.0,Chennai,Regular,electronics,50.0,38631.8,1931590.0,37.92,139,46,3,48,Net Banking,721
1488,25.0,kolkata,NEW,GROCERIES,33.0,6543.83,215946.39,33.4,143,22,11,5,UPI,391
1489,42.0,MUMBAI,NEW,clothing,47.0,1402.26,65906.22,45.69,45,17,5,9,UPI,358
1490,51.0,Pune,Regular,GROCERIES,49.0,31762.73,1556373.77,1.49,200,194,13,6,net banking,1618
1491,69.0,BANGALORE,Regular,ELECTRONICS,13.0,31243.22,406161.86,24.17,301,192,2,11,Debit Card,1739
1492,60.0,Kolkata,NEW,Books,30.0,,590104.2,32.13,102,11,1,14,Debit Card,37
1493,54.0,bangalore,Premium,Sports,24.0,32611.48,782675.52,20.78,4,81,14,2,CREDIT CARD,1756
1494,24.0,kolkata,NEW,Books,8.0,29847.83,238782.64,23.67,284,142,10,1,Cash,1690
1495,20.0,Bangalore,Regular,clothing,35.0,41197.15,1441900.25,14.67,55,15,9,8,debit card,1700
1496,42.0,Mumbai,regular,Groceries,27.0,49074.86,1325021.22,48.76,187,20,15,9,debit card,863
1497,19.0,Chennai,regular,Groceries,12.0,35734.12,428809.44,43.48,269,155,19,1,UPI,262
1498,24.0,delhi,REGULAR,Groceries,,9539.64,76317.12,10.62,41,60,1,0,debit card,1753
1499,66.0,,NEW,books,6.0,40673.07,244038.42,27.45,296,177,17,2,net banking,1377
1500,37.0, Chennai ,New,Books,3.0,15938.66,47815.98,43.9,48,169,10,2,Credit Card,310
1501,22.0, Chennai ,Inactive,Electronics,7.0,44624.42,312370.94,2.13,185,104,17,1,debit card,355
1502,55.0,,Regular,electronics,22.0,8834.8,194365.6,32.42,292,180,3,20,Credit Card,993
1503,31.0,Mumbai,PREMIUM,sports,44.0,25729.38,1132092.72,49.48,3,175,16,17,Cash,1657
1504,64.0,MUMBAI,new,Furniture,16.0,3438.9,55022.4,10.55,342,100,6,16,debit card,735
1505,26.0,BANGALORE,Inactive,groceries,38.0,14739.31,560093.78,12.45,64,181,13,16,cash,1269
1506,49.0,Chennai,premium,groceries,38.0,9962.66,378581.08,12.65,66,148,5,37,credit card,1404
1507,33.0,Mumbai,Premium,Clothing,16.0,37371.57,597945.12,36.56,351,102,4,6,debit card,260
1508,54.0,Chennai,inactive,Clothing,46.0,5983.33,275233.18,34.81,212,28,10,13,Net Banking,325
1509,27.0, Chennai ,REGULAR,Groceries,27.0,19246.87,519665.49,25.94,141,114,6,27,cash,328
1510,31.0,BANGALORE,REGULAR,Clothing,43.0,42976.62,1847994.66,33.12,251,126,8,27,Credit Card,546
1511,18.0,Hyderabad,new,ELECTRONICS,4.0,39178.96,156715.84,41.68,235,135,9,1,upi,256
1512,36.0,Mumbai,regular,clothing,12.0,21594.54,259134.48,0.69,272,17,18,7,UPI,650
1513,59.0,Delhi,new,Clothing,,43260.47,1946721.15,41.97,200,70,5,0,Debit Card,927
1514,26.0,Chennai,Regular,Sports,32.0,19536.79,625177.28,49.32,283,131,20,9,credit card,578
1515,,bangalore,NEW,clothing,45.0,5392.31,242653.95,43.1,265,80,12,1,credit card,1191
1516,24.0,Delhi,regular,clothing,16.0,38007.98,608127.68,33.42,285,158,18,16,CREDIT CARD,1315
1517,49.0,kolkata,Premium,ELECTRONICS,2.0,16705.15,33410.3,34.48,284,108,18,1,Credit Card,1015
1518,30.0,mumbai,premium,sports,20.0,36183.6,723672.0,21.24,357,70,18,6,cash,853
1519,60.0,pune,Inactive,Groceries,7.0,19306.11,135142.77,31.23,126,84,1,5,UPI,995
1520,66.0,Delhi,NEW,Groceries,32.0,11765.1,376483.2,47.88,9,177,2,6,Cash,310
1521,32.0,Hyderabad,Premium,Clothing,30.0,20911.81,627354.3,49.8,38,27,17,14,CREDIT CARD,482
1522,65.0,MUMBAI,Regular,Groceries,7.0,2312.49,16187.43,0.58,301,105,3,4,cash,1235
1523,46.0,MUMBAI,premium,Groceries,16.0,30782.81,492524.96,4.68,129,154,17,7,Credit Card,1004
1524,62.0,delhi,NEW,ELECTRONICS,43.0,37987.66,1633469.38,36.43,251,56,13,21,credit card,211
1525,50.0,pune,Regular,furniture,18.0,504.6,9082.8,34.82,183,193,14,17,CREDIT CARD,85
1526,65.0, Chennai ,inactive,furniture,2.0,33531.28,67062.56,9.63,81,60,1,2,CREDIT CARD,431
1527,70.0,MUMBAI,Regular,ELECTRONICS,19.0,23312.33,442934.27,33.08,116,159,4,1,credit card,1516
1528,64.0,MUMBAI,REGULAR,Sports,49.0,44068.24,2159343.76,14.98,352,111,4,44,credit card,1737
1529,28.0,Kolkata,New,Electronics,11.0,19039.51,209434.61,26.65,351,108,3,1,CREDIT CARD,463
1530,22.0,Mumbai,New,electronics,28.0,11848.23,331750.44,40.63,137,183,16,22,net banking,1416
1531,51.0,pune,Inactive,Groceries,29.0,8291.16,240443.64,49.86,273,170,18,6,Net Banking,900
1532,29.0,hyderabad,regular,Groceries,17.0,30510.92,518685.64,46.31,11,51,12,9,upi,1612
1533,52.0,hyderabad,premium,books,38.0,6209.7,235968.6,34.73,28,59,17,7,net banking,1011
1534,43.0,pune,PREMIUM,Electronics,34.0,9399.73,319590.82,43.79,65,62,1,32,Cash,1143
1535,22.0,Delhi,NEW,Furniture,6.0,17286.04,103716.24,26.88,133,67,10,4,CREDIT CARD,1725
1536,29.0,chennai,New,GROCERIES,14.0,7415.77,103820.78,39.5,358,163,2,8,CREDIT CARD,1309
1537,46.0,CHENNAI,New,sports,41.0,27562.95,1130080.95,36.89,165,118,5,17,UPI,91
1538,20.0,Chennai,Premium,Books,43.0,34698.74,1492045.82,43.14,16,22,10,10,cash,1229
1539,23.0,,Regular,GROCERIES,7.0,22229.46,155606.22,44.71,332,96,1,0,CREDIT CARD,753
1540,38.0,BANGALORE,inactive,electronics,33.0,32457.55,1071099.15,37.63,134,41,2,9,Cash,1398
1541,54.0,Pune,new,clothing,32.0,26350.0,843200.0,38.4,78,45,9,32,Cash,1644
1542,20.0,Bangalore,New,GROCERIES,3.0,25603.61,76810.83,23.37,23,154,1,0,cash,565
1543,33.0,BANGALORE,REGULAR,Sports,22.0,4890.08,107581.76,36.19,141,136,4,12,upi,1183
1544,25.0,Delhi,New,ELECTRONICS,18.0,25828.29,464909.22,49.53,190,170,1,11,debit card,1712
1545,28.0,pune,New,sports,3.0,27850.89,83552.67,1.97,241,14,13,1,Debit Card,870
1546,56.0,Pune,new,furniture,23.0,39432.9,906956.7,0.85,320,200,20,16,CREDIT CARD,287
1547,22.0,chennai,regular,Books,4.0,46442.86,185771.44,43.26,130,136,3,4,net banking,1542
1548,18.0,delhi,inactive,sports,17.0,48126.53,818151.01,32.19,281,122,15,7,net banking,427
1549,42.0,MUMBAI,NEW,Sports,5.0,20285.58,101427.9,12.11,345,17,4,5,upi,1297
1550,61.0,DELHI,PREMIUM,Furniture,37.0,32436.71,1200158.27,33.35,158,105,9,10,Credit Card,527
1551,44.0,Mumbai,REGULAR,sports,47.0,42329.46,1989484.62,21.54,54,80,8,5,Net Banking,1818
1552,20.0,BANGALORE,regular,Sports,25.0,8255.26,206381.5,47.31,192,194,9,1,CREDIT CARD,855
1553,68.0,Delhi,inactive,Groceries,22.0,27401.73,602838.06,9.35,99,187,0,21,credit card,992
1554,42.0,DELHI,New,Books,18.0,43222.67,778008.06,25.65,272,130,0,7,credit card,784
1555,33.0,Pune,NEW,Furniture,12.0,41605.57,499266.84,13.77,69,120,19,11,Credit Card,1409
1556,62.0,Bangalore,Premium,clothing,44.0,32134.52,1413918.88,49.66,150,62,6,13,Debit Card,1596
1557,70.0,bangalore,Regular,books,34.0,13257.0,450738.0,15.75,363,32,12,14,CREDIT CARD,1680
1558,24.0,CHENNAI,premium,sports,39.0,,897382.98,23.32,64,140,1,38,Debit Card,523
1559,55.0,CHENNAI,inactive,Sports,13.0,,323475.88,6.74,330,83,7,0,upi,1780
1560,20.0,CHENNAI,premium,Books,40.0,38187.0,1527480.0,24.83,168,100,3,29,net banking,1787
1561,44.0,Pune,NEW,Electronics,1.0,45619.79,45619.79,10.44,14,8,18,0,UPI,1624
1562,44.0, Chennai ,NEW,ELECTRONICS,39.0,26431.55,1030830.45,0.66,353,97,10,30,cash,1469
1563,49.0,delhi,regular,books,39.0,6425.2,250582.8,36.24,213,1,19,13,upi,783
1564,57.0,bangalore,PREMIUM,Electronics,5.0,15905.78,79528.9,3.55,64,135,20,4,debit card,252
1565,52.0,DELHI,Regular,Clothing,26.0,26729.48,694966.48,17.15,14,151,4,24,upi,428
1566,28.0,mumbai,Regular,furniture,39.0,25539.7,996048.3,3.68,232,71,10,21,upi,187
1567,23.0,delhi,Premium,sports,48.0,42935.23,2060891.04,14.7,267,138,13,47,Credit Card,1728
1568,41.0,Chennai,REGULAR,Clothing,32.0,46811.82,1497978.24,21.43,24,133,3,7,CREDIT CARD,903
1569,67.0,Chennai,Premium,Clothing,4.0,26252.7,105010.8,10.16,200,102,19,0,Credit Card,821
1570,27.0,,premium,Groceries,48.0,11036.25,529740.0,47.64,112,66,10,22,Credit Card,1704
1571,45.0,kolkata,NEW,ELECTRONICS,28.0,28816.05,806849.4,24.27,249,109,17,20,CREDIT CARD,1302
1572,31.0,kolkata,regular,clothing,48.0,48174.89,2312394.72,5.79,156,142,0,33,Net Banking,1627
1573,30.0,Bangalore,regular,Clothing,31.0,43210.27,1339518.37,45.64,271,35,13,2,Debit Card,508
1574,59.0,bangalore,Inactive,sports,8.0,3143.32,25146.56,33.35,232,177,0,0,net banking,784
1575,54.0,pune,premium,Books,19.0,14645.34,278261.46,9.09,9,183,14,8,Cash,1683
1576,28.0,BANGALORE,Inactive,sports,37.0,31376.89,1160944.93,31.3,320,147,12,18,net banking,1344
1577,56.0,hyderabad,premium,Furniture,19.0,7686.46,146042.74,39.18,297,99,20,18,Debit Card,330
1578,39.0,pune,premium,clothing,2.0,38728.83,77457.66,44.37,292,159,6,0,Debit Card,251
1579,29.0,Delhi,regular,Books,10.0,38925.3,389253.0,21.49,289,144,1,6,Cash,1462
1580,19.0,Pune,new,ELECTRONICS,26.0,32191.85,836988.1,22.86,214,8,20,14,CREDIT CARD,1564
1581,31.0,DELHI,NEW,sports,15.0,26239.69,393595.35,11.02,344,170,19,11,cash,529
1582,51.0,Mumbai,inactive,Furniture,49.0,1366.21,66944.29,40.94,146,1,11,26,cash,271
1583,27.0,pune,Inactive,groceries,22.0,1982.02,43604.44,40.23,76,104,18,11,net banking,1415
1584,27.0,Hyderabad,inactive,clothing,6.0,39288.24,235729.44,19.12,194,89,13,5,credit card,1728
1585,31.0,Chennai,NEW,GROCERIES,28.0,5363.51,150178.28,41.53,75,197,6,25,net banking,672
1586,54.0,Bangalore,premium,clothing,13.0,38972.32,506640.16,19.93,77,62,18,12,debit card,1770
1587,50.0,delhi,inactive,Electronics,2.0,41710.23,83420.46,8.21,115,1,0,2,net banking,919
1588,56.0,BANGALORE,New,electronics,4.0,6280.81,25123.24,48.98,199,129,6,0,credit card,1398
1589,30.0,Bangalore,Premium,Electronics,5.0,19071.98,95359.9,2.8,332,72,2,2,cash,1272
1590,22.0,Bangalore,Premium,GROCERIES,27.0,38795.89,1047489.03,43.14,268,51,18,14,cash,872
1591,58.0,Mumbai,Premium,sports,24.0,11415.28,273966.72,13.99,9,127,14,14,Cash,606
1592,43.0,mumbai,Premium,sports,29.0,44329.06,1285542.74,36.3,211,172,4,19,CREDIT CARD,735
1593,19.0,Pune,premium,sports,32.0,36386.91,1164381.12,41.3,197,13,5,4,debit card,76
1594,43.0,,inactive,Furniture,17.0,3824.33,65013.61,9.76,104,117,7,2,CREDIT CARD,673
1595,40.0,mumbai,Regular,Groceries,26.0,5881.31,152914.06,27.23,41,119,0,6,CREDIT CARD,1418
1596,24.0,CHENNAI,Inactive,ELECTRONICS,1.0,19301.56,19301.56,10.94,217,61,16,1,CREDIT CARD,987
1597,49.0,Pune,Inactive,Groceries,25.0,6502.58,162564.5,10.91,39,171,17,9,debit card,571
1598,55.0,chennai,PREMIUM,books,38.0,16489.62,626605.56,7.04,203,76,16,2,credit card,913
1599,35.0,DELHI,Premium,Clothing,29.0,10642.07,308620.03,12.51,53,102,15,17,credit card,320
1600,47.0,Kolkata,inactive,Furniture,11.0,,503810.34,3.76,83,164,2,7,Cash,1128
1601,70.0,mumbai,premium,Sports,13.0,13424.37,174516.81,46.53,215,44,18,8,UPI,1534
1602,49.0,hyderabad,Regular,Books,28.0,43395.88,1215084.64,11.58,277,63,3,27,net banking,392
1603,52.0,Bangalore,New,Electronics,22.0,11830.96,260281.12,37.51,12,127,18,17,cash,907
1604,43.0, Chennai ,new,GROCERIES,45.0,3523.9,158575.5,43.05,255,61,12,33,CREDIT CARD,1791
1605,68.0,Chennai,REGULAR,Books,1.0,19117.78,19117.78,7.18,338,44,5,0,cash,745
1606,38.0,mumbai,premium,groceries,44.0,43735.81,1924375.64,18.3,172,139,14,6,cash,572
1607,43.0,pune,PREMIUM,sports,5.0,26380.45,131902.25,38.5,90,19,18,1,UPI,1192
1608,43.0,hyderabad,Inactive,Electronics,36.0,29736.32,1070507.52,38.63,138,61,13,34,debit card,1634
1609,52.0,Chennai,PREMIUM,ELECTRONICS,3.0,42618.19,127854.57,39.92,310,178,7,3,Cash,1497
1610,62.0,delhi,NEW,clothing,42.0,6934.41,291245.22,44.12,173,189,19,32,net banking,1319
1611,22.0,CHENNAI,regular,Groceries,29.0,31490.26,913217.54,25.38,19,178,20,14,credit card,761
1612,29.0,Delhi,NEW,groceries,29.0,19829.56,6900298.76,9.8,337,48,0,29,Cash,955
1613,,BANGALORE,premium,furniture,5.0,36110.73,180553.65,33.18,237,127,19,4,Net Banking,817
1614,52.0,Mumbai,Inactive,furniture,28.0,25537.37,715046.36,35.93,79,34,10,16,Cash,431
1615,49.0,chennai,inactive,Furniture,21.0,34237.36,718984.56,0.03,330,48,20,7,UPI,136
1616,62.0,delhi,Premium,Sports,24.0,37900.57,909613.68,19.51,318,85,14,18,Credit Card,92
1617,61.0, Chennai ,PREMIUM,clothing,35.0,9207.41,322259.35,37.32,192,69,8,11,net banking,835
1618,,pune,New,Clothing,9.0,17974.49,161770.41,40.76,151,48,20,3,cash,302
1619,61.0,Pune,Inactive,books,18.0,39581.99,712475.82,41.52,114,50,17,18,credit card,726
1620,43.0,mumbai,regular,electronics,44.0,34186.21,1504193.24,16.39,273,195,10,30,CREDIT CARD,733
1621,42.0,mumbai,Inactive,ELECTRONICS,26.0,47330.2,1230585.2,11.08,356,57,10,16,Cash,1630
1622,61.0,bangalore,premium,Clothing,33.0,5757.43,189995.19,35.53,190,94,0,31,net banking,568
1623,42.0,Pune,REGULAR,Electronics,40.0,16361.85,654474.0,24.39,349,74,8,14,Credit Card,427
1624,37.0, Chennai ,inactive,Furniture,37.0,4188.23,154964.51,41.62,247,154,15,10,Credit Card,437
1625,51.0,Bangalore,Inactive,Clothing,18.0,39775.85,715965.3,4.3,187,54,12,9,credit card,696
1626,36.0,hyderabad,premium,Groceries,21.0,10513.71,220787.91,10.83,89,94,19,6,upi,1004
1627,64.0,kolkata,premium,Clothing,28.0,22642.68,633995.04,15.87,9,159,8,27,CREDIT CARD,1457
1628,59.0, Chennai ,regular,Books,6.0,2242.01,13452.06,17.69,234,99,19,4,credit card,1455
1629,55.0,kolkata,new,Furniture,4.0,30451.05,121804.2,41.75,245,2,8,2,CREDIT CARD,511
1630,50.0,kolkata,NEW,books,50.0,17741.65,887082.5,8.14,71,85,17,49,upi,882
1631,,Bangalore,Inactive,Furniture,27.0,39718.63,1072403.01,22.49,227,72,9,27,CREDIT CARD,313
1632,49.0,Bangalore,NEW,Groceries,48.0,44711.96,2146174.08,13.98,324,87,18,27,UPI,1661
1633,38.0,,PREMIUM,Furniture,9.0,15574.81,140173.29,30.72,61,22,13,5,Credit Card,308
1634,18.0,chennai,Premium,ELECTRONICS,20.0,18938.93,378778.6,11.48,332,60,2,7,CREDIT CARD,1346
1635,70.0,,REGULAR,books,21.0,3927.51,82477.71,0.28,175,124,1,16,Debit Card,1327
1636,58.0,Hyderabad,NEW,sports,12.0,34258.75,411105.0,14.2,146,134,16,9,upi,820
1637,55.0,Kolkata,PREMIUM,GROCERIES,45.0,49527.92,2228756.4,11.1,230,164,14,18,cash,876
1638,27.0,Chennai,PREMIUM,Groceries,33.0,49247.1,1625154.3,35.18,189,74,6,4,net banking,477
1639,69.0,mumbai,NEW,Books,7.0,36983.79,258886.53,9.52,33,33,6,2,cash,44
1640,58.0,DELHI,Inactive,electronics,4.0,19169.24,76676.96,0.41,47,134,7,3,debit card,1032
1641,28.0,MUMBAI,NEW,GROCERIES,23.0,1699.16,39080.68,8.25,242,104,16,22,credit card,1392
1642,47.0,mumbai,PREMIUM,Groceries,31.0,23480.94,727909.14,13.02,186,144,20,17,Net Banking,307
1643,42.0,Mumbai,Inactive,Electronics,21.0,7551.07,158572.47,4.51,343,190,14,12,cash,1164
1644,33.0,,New,Electronics,36.0,43517.0,1566612.0,35.91,62,166,15,11,credit card,966
1645,61.0,MUMBAI,Regular,GROCERIES,46.0,36551.02,1681346.92,46.29,336,150,5,1,UPI,402
1646,29.0,Mumbai,Inactive,furniture,40.0,11097.88,443915.2,20.6,88,26,13,20,cash,1778
1647,55.0,CHENNAI,inactive,clothing,16.0,27880.25,446084.0,7.19,86,84,20,11,Debit Card,1646
1648,54.0,Pune,Regular,Groceries,36.0,47014.96,1692538.56,13.34,63,126,20,29,Net Banking,478
1649,28.0,BANGALORE,regular,Clothing,2.0,28766.66,57533.32,13.05,130,148,15,2,credit card,399
1650,46.0,pune,new,Electronics,12.0,28766.64,345199.68,22.01,83,15,10,3,cash,1250
1651,47.0,kolkata,new,sports,8.0,11104.74,88837.92,35.4,168,36,18,8,net banking,527
1652,26.0,Mumbai,Premium,Books,44.0,37761.07,1661487.08,4.93,187,102,1,35,Debit Card,384
1653,20.0,chennai,regular,Books,36.0,24702.8,889300.8,40.54,352,120,16,32,net banking,1798
1654,54.0,hyderabad,REGULAR,Sports,14.0,34819.32,487470.48,36.1,191,171,16,5,CREDIT CARD,514
1655,58.0,Pune,New,Electronics,49.0,39621.63,1941459.87,40.68,21,52,0,17,debit card,513
1656,42.0,CHENNAI,Inactive,books,37.0,16376.34,605924.58,23.01,178,42,6,36,credit card,76
1657,67.0,Mumbai,inactive,furniture,11.0,39071.42,429785.62,36.49,301,192,11,10,Credit Card,219
1658,37.0,MUMBAI,new,clothing,42.0,43458.92,1825274.64,25.57,30,157,6,0,Cash,881
1659,48.0,CHENNAI,Regular,Sports,38.0,25243.33,959246.54,30.43,59,38,12,3,cash,339
1660,64.0,Mumbai,premium,Clothing,11.0,6344.92,69794.12,34.34,359,118,13,7,cash,315
1661,21.0, Chennai ,Inactive,Books,48.0,33835.17,1624088.16,5.8,196,104,3,8,CREDIT CARD,115
1662,25.0,chennai,new,ELECTRONICS,47.0,17475.48,821347.56,37.13,271,195,14,15,Debit Card,1305
1663,65.0,MUMBAI,Premium,clothing,37.0,10026.01,370962.37,19.01,107,138,0,11,Net Banking,1362
1664,60.0,DELHI,NEW,electronics,10.0,38335.82,383358.2,14.1,52,24,9,0,net banking,1428
1665,43.0,kolkata,PREMIUM,Groceries,1.0,29033.26,29033.26,16.33,69,39,19,1,upi,293
1666,19.0,,Regular,sports,24.0,49731.07,1193545.68,17.5,195,17,20,0,Debit Card,1495
1667,60.0,pune,Inactive,Groceries,9.0,39071.34,351642.06,29.17,9,199,3,3,Net Banking,272
1668,27.0,delhi,Regular,groceries,23.0,27709.9,637327.7,26.98,199,79,4,6,Credit Card,561
1669,22.0,Mumbai,Premium,ELECTRONICS,31.0,46544.17,1442869.27,21.12,186,158,5,30,Debit Card,1171
1670,49.0,delhi,Premium,ELECTRONICS,39.0,31161.53,1215299.67,22.16,44,111,13,37,Credit Card,874
1671,32.0,Mumbai,PREMIUM,books,19.0,26786.84,508949.96,47.26,55,88,10,8,CREDIT CARD,1725
1672,61.0,Chennai,Regular,sports,46.0,43389.49,1995916.54,1.62,31,32,0,39,UPI,860
1673,49.0,pune,inactive,GROCERIES,24.0,21447.86,514748.64,39.34,319,17,11,14,Cash,1416
1674,67.0,bangalore,REGULAR,clothing,28.0,42253.51,1183098.28,47.29,129,123,3,4,debit card,975
1675,45.0,Chennai,premium,Electronics,36.0,3440.22,123847.92,5.93,264,32,1,13,Credit Card,1680
1676,65.0,Hyderabad,NEW,Clothing,7.0,22741.63,159191.41,13.81,47,126,5,6,net banking,117
1677,52.0,Chennai,NEW,electronics,47.0,33674.63,1582707.61,22.39,76,152,0,46,credit card,731
1678,63.0,chennai,new,electronics,13.0,25663.97,333631.61,20.43,53,64,1,7,Debit Card,710
1679,23.0,chennai,regular,Groceries,34.0,47717.43,1622392.62,24.6,103,103,5,7,Debit Card,80
1680,19.0,pune,New,ELECTRONICS,23.0,26818.74,616831.02,26.41,182,115,13,22,upi,1250
1681,34.0,Kolkata,Premium,Clothing,8.0,28282.26,226258.08,16.69,344,199,6,6,CREDIT CARD,1714
1682,69.0,hyderabad,regular,books,28.0,44537.01,1247036.28,21.84,77,21,11,18,credit card,1104
1683,33.0,Mumbai,new,Electronics,3.0,3350.25,10050.75,13.3,213,109,3,2,UPI,1313
1684,55.0,Chennai,premium,Books,8.0,3003.59,24028.72,29.43,342,120,3,4,Credit Card,70
1685,65.0,delhi,Inactive,Clothing,35.0,38529.5,1348532.5,27.6,289,194,20,17,Cash,36
1686,38.0,Delhi,inactive,sports,5.0,16174.96,80874.8,8.61,131,157,19,4,Credit Card,1684
1687,55.0,DELHI,inactive,books,39.0,41174.73,1605814.47,46.46,203,156,16,31,cash,488
1688,59.0,CHENNAI,Regular,GROCERIES,38.0,22231.36,844791.68,6.01,213,98,19,35,debit card,239
1689,44.0,BANGALORE,premium,ELECTRONICS,14.0,24505.29,343074.06,47.63,249,123,18,4,Debit Card,507
1690,29.0,Bangalore,New,ELECTRONICS,14.0,36979.91,517718.74,48.35,343,152,19,4,Cash,1194
1691,25.0,hyderabad,Premium,electronics,46.0,41216.03,1895937.38,13.21,221,170,4,1,Debit Card,986
1692,21.0,kolkata,new,books,35.0,42290.42,1480164.7,5.28,211,15,5,1,cash,1675
1693,60.0,delhi,premium,books,35.0,47213.85,1652484.75,39.96,121,95,19,32,Cash,1063
1694,67.0,pune,new,ELECTRONICS,8.0,4633.29,37066.32,22.22,12,188,17,8,cash,1233
1695,36.0,kolkata,Premium,books,5.0,48540.16,242700.8,46.4,134,78,17,1,CREDIT CARD,1582
1696,25.0,hyderabad,REGULAR,Furniture,33.0,37003.56,1221117.48,11.66,226,130,11,28,Credit Card,1134
1697,29.0,chennai,Premium,clothing,35.0,2817.71,98619.85,23.72,243,171,2,11,Debit Card,808
1698,54.0,CHENNAI,regular,furniture,26.0,5029.43,130765.18,32.4,44,41,16,15,cash,1703
1699,55.0,delhi,PREMIUM,furniture,43.0,21461.99,922865.57,45.19,78,119,12,37,cash,1766
1700,48.0,chennai,regular,Electronics,38.0,18054.74,686080.12,35.67,133,23,18,27,credit card,756
1701,45.0,chennai,new,Furniture,42.0,12781.52,536823.84,24.38,346,177,17,35,Debit Card,712
1702,64.0,BANGALORE,REGULAR,electronics,50.0,46585.0,2329250.0,29.05,338,172,20,25,CREDIT CARD,629
1703,58.0,chennai,Inactive,groceries,45.0,32162.87,1447329.15,41.75,193,99,17,15,debit card,1282
1704,45.0,Chennai,regular,GROCERIES,33.0,15963.49,526795.17,3.24,6,40,17,21,credit card,820
1705,27.0,mumbai,REGULAR,furniture,49.0,12536.32,614279.68,31.52,141,139,17,8,Credit Card,1059
1706,54.0,Delhi,regular,Furniture,26.0,26868.82,698589.32,25.09,315,11,13,4,debit card,839
1707,48.0,Mumbai,NEW,GROCERIES,39.0,28999.64,1130985.96,21.25,320,17,2,19,credit card,469
1708,25.0,pune,Regular,Groceries,43.0,37896.81,1629562.83,29.98,84,53,13,6,Debit Card,466
1709,48.0,Hyderabad,Premium,Groceries,12.0,49060.12,588721.44,2.19,131,83,17,8,credit card,850
1710,39.0,Chennai,PREMIUM,Groceries,18.0,37648.58,677674.44,24.78,135,32,19,3,upi,681
1711,59.0,chennai,Regular,sports,19.0,14043.2,266820.8,39.38,214,103,2,15,Net Banking,1560
1712,22.0,kolkata,PREMIUM,sports,17.0,29930.09,508811.53,28.66,280,162,1,17,net banking,1523
1713,18.0,BANGALORE,new,books,36.0,7700.28,277210.08,13.57,227,70,13,33,credit card,1642
1714,32.0,Bangalore,Inactive,ELECTRONICS,26.0,31516.21,819421.46,47.36,280,109,19,21,net banking,1294
1715,69.0,Delhi,Inactive,groceries,45.0,31117.98,1400309.1,22.02,260,98,18,19,credit card,700
1716,39.0,pune,regular,Groceries,43.0,2940.38,126436.34,6.21,70,185,19,43,CREDIT CARD,149
1717,61.0,Kolkata,REGULAR,Clothing,45.0,46473.04,2091286.8,44.46,23,90,3,4,Net Banking,190
1718,45.0,,Regular,books,39.0,27121.96,1057756.44,38.56,203,54,13,20,Debit Card,871
1719,63.0,Mumbai,premium,Furniture,38.0,13365.31,507881.78,18.62,29,98,15,0,Credit Card,80
1720,56.0,pune,regular,Books,9.0,15286.31,137576.79,48.56,129,46,1,4,upi,798
1721,61.0,delhi,NEW,furniture,28.0,21851.33,611837.24,20.52,168,112,8,5,Credit Card,1709
1722,68.0,DELHI,REGULAR,groceries,24.0,24756.45,594154.8,22.15,276,8,18,14,debit card,1602
1723,38.0,Delhi,Regular,Books,33.0,40360.6,1331899.8,1.44,67,63,11,16,upi,1823
1724,42.0,Mumbai,inactive,ELECTRONICS,50.0,21227.33,1061366.5,35.03,28,28,12,40,UPI,1266
1725,56.0,bangalore,Regular,Electronics,1.0,34892.23,34892.23,33.76,83,48,3,0,CREDIT CARD,632
1726,29.0,hyderabad,New,GROCERIES,45.0,33003.89,1485175.05,15.53,69,196,10,39,credit card,829
1727,19.0, Chennai ,premium,ELECTRONICS,18.0,35602.48,640844.64,5.0,191,129,8,17,net banking,1339
1728,42.0,chennai,Premium,Books,35.0,1243.19,43511.65,23.73,265,102,15,31,net banking,291
1729,30.0,CHENNAI,PREMIUM,furniture,39.0,44182.69,1723124.91,17.92,7,70,14,8,upi,1653
1730,34.0,mumbai,inactive,Books,28.0,4268.91,119529.48,36.52,85,14,6,16,debit card,498
1731,65.0,Kolkata,REGULAR,Clothing,28.0,17613.1,493166.8,29.44,198,193,17,1,Net Banking,1164
1732,40.0,mumbai,REGULAR,clothing,33.0,9154.01,302082.33,6.4,344,143,7,32,UPI,548
1733,41.0,delhi,Premium,Electronics,44.0,47256.35,2079279.4,12.72,335,95,9,41,Net Banking,723
1734,65.0,Mumbai,Regular,books,5.0,6014.48,30072.4,47.22,79,183,14,2,net banking,1289
1735,66.0,Kolkata,inactive,furniture,47.0,40872.15,1920991.05,4.24,225,199,12,13,Debit Card,1390
1736,36.0,mumbai,new,ELECTRONICS,2.0,9985.59,19971.18,41.63,276,98,5,0,Net Banking,754
1737,63.0,Chennai,inactive,Furniture,4.0,40159.21,160636.84,3.36,199,64,1,2,UPI,1493
1738,58.0,MUMBAI,Premium,groceries,39.0,49719.33,1939053.87,48.94,167,185,17,32,CREDIT CARD,576
1739,57.0,Delhi,REGULAR,books,15.0,44114.28,661714.2,0.59,359,163,3,2,upi,932
1740,48.0,kolkata,regular,Furniture,5.0,42206.73,211033.65,17.27,89,72,8,2,cash,766
1741,34.0,delhi,New,Electronics,35.0,10908.17,381785.95,26.75,186,177,2,30,Cash,1298
1742,31.0,hyderabad,NEW,electronics,1.0,32268.46,32268.46,32.55,343,83,7,0,CREDIT CARD,1129
1743,47.0,kolkata,NEW,Sports,17.0,43769.61,744083.37,36.77,319,146,18,13,Cash,1110
1744,50.0,Mumbai,Inactive,Electronics,20.0,49663.78,993275.6,15.73,297,180,4,15,credit card,591
1745,46.0,Mumbai,regular,groceries,15.0,2303.24,34548.6,4.48,307,139,12,8,CREDIT CARD,578
1746,26.0,MUMBAI,NEW,Sports,15.0,29823.45,447351.75,8.14,121,61,18,3,CREDIT CARD,260
1747,59.0,Pune,new,Electronics,26.0,46037.56,1196976.56,7.86,291,54,5,16,net banking,131
1748,63.0,pune,NEW,Clothing,11.0,7712.43,84836.73,2.24,60,4,5,3,CREDIT CARD,34
1749,19.0,CHENNAI,NEW,groceries,,21981.54,659446.2,5.73,16,131,20,0,cash,1807
1750,53.0,Kolkata,New,electronics,1.0,27613.18,27613.18,40.89,97,96,12,0,debit card,156
1751,64.0,Delhi,NEW,clothing,21.0,32668.84,686045.64,32.06,44,151,16,1,Net Banking,595
1752,44.0,Pune,inactive,ELECTRONICS,13.0,16085.66,209113.58,20.43,302,81,3,0,Credit Card,436
1753,64.0,Chennai,new,books,49.0,20511.75,1005075.75,9.12,190,72,10,47,Cash,806
1754,46.0,CHENNAI,REGULAR,Electronics,45.0,2780.82,125136.9,21.64,343,100,13,17,credit card,181
1755,-5.0,BANGALORE,REGULAR,clothing,6.0,35593.46,213560.76,35.2,116,73,0,6,Net Banking,1139
1756,38.0, Chennai ,New,furniture,38.0,13808.8,524734.4,30.93,22,134,19,0,UPI,1613
1757,53.0,MUMBAI,New,groceries,36.0,10513.95,378502.2,27.7,194,137,18,36,Cash,859
1758,28.0,BANGALORE,Inactive,GROCERIES,1.0,26633.75,26633.75,27.0,286,143,16,0,Net Banking,1113
1759,61.0,Kolkata,Inactive,electronics,24.0,2016.43,48394.32,40.14,220,47,11,14,credit card,1196
1760,47.0,BANGALORE,Premium,sports,39.0,12219.0,476541.0,1.11,45,34,13,22,Net Banking,1769
1761,58.0,kolkata,Inactive,Furniture,12.0,,231803.4,15.14,41,142,0,12,Cash,784
1762,26.0,CHENNAI,new,Groceries,22.0,25769.59,566930.98,48.58,61,118,15,14,debit card,1476
1763,23.0,Mumbai,new,clothing,25.0,30305.1,757627.5,39.2,50,139,20,17,CREDIT CARD,604
1764,23.0,pune,New,ELECTRONICS,28.0,13680.42,383051.76,8.14,309,123,10,16,Cash,182
1765,46.0,chennai,regular,sports,47.0,18638.85,876025.95,45.81,54,142,11,43,debit card,793
1766,49.0,chennai,REGULAR,groceries,50.0,25536.98,1276849.0,0.14,296,37,4,23,Net Banking,1730
1767,18.0,pune,Premium,sports,4.0,3636.78,14547.12,19.96,361,88,13,2,Credit Card,970
1768,28.0,MUMBAI,PREMIUM,clothing,31.0,49598.03,1537538.93,25.15,287,157,10,17,Credit Card,149
1769,23.0,Kolkata,NEW,Sports,34.0,9547.03,324599.02,34.44,232,62,2,8,upi,178
1770,42.0,Pune,REGULAR,Electronics,31.0,3762.6,116640.6,39.32,288,165,1,5,credit card,1206
1771,41.0,Chennai,Inactive,ELECTRONICS,30.0,44352.47,1330574.1,5.46,337,23,10,5,upi,195
1772,65.0,chennai,REGULAR,Clothing,29.0,3135.39,90926.31,28.48,103,12,1,14,credit card,1688
1773,45.0,pune,REGULAR,Sports,1.0,727.87,727.87,24.19,359,168,2,1,net banking,1486
1774,38.0,DELHI,Regular,Books,42.0,,313825.68,28.37,240,106,18,35,Cash,466
1775,44.0,bangalore,PREMIUM,furniture,17.0,14311.91,243302.47,23.61,60,106,2,16,CREDIT CARD,1001
1776,30.0,DELHI,NEW,electronics,14.0,45133.98,631875.72,36.27,37,10,8,5,Credit Card,344
1777,40.0,Pune,inactive,furniture,26.0,11478.06,298429.56,9.16,240,76,6,25,UPI,926
1778,,kolkata,Regular,Groceries,10.0,21323.5,213235.0,3.02,140,140,13,0,upi,947
1779,30.0,pune,NEW,Clothing,46.0,49824.57,2291930.22,44.55,278,129,6,35,debit card,392
1780,38.0,Delhi,New,Books,41.0,48467.84,1987181.44,14.9,71,139,1,21,UPI,138
1781,46.0,,regular,sports,4.0,19976.94,79907.76,22.45,172,91,2,2,upi,356
1782,31.0,pune,PREMIUM,sports,1.0,29906.3,29906.3,27.04,171,197,10,0,Credit Card,1040
1783,58.0,DELHI,Premium,Sports,39.0,5534.98,215864.22,11.68,43,26,14,32,upi,224
1784,56.0,Chennai,PREMIUM,Groceries,19.0,35355.9,671762.1,22.26,200,14,5,5,cash,78
1785,43.0,bangalore,Regular,Groceries,18.0,35082.31,631481.58,4.16,91,1,2,4,CREDIT CARD,926
1786,38.0,pune,REGULAR,books,4.0,1023.5,4094.0,43.0,359,13,2,2,credit card,720
1787,31.0,mumbai,REGULAR,Books,,34476.08,1447995.36,29.41,226,163,19,0,Credit Card,927
1788,36.0,chennai,new,electronics,49.0,22425.64,1098856.36,9.56,67,119,19,35,Credit Card,754
1789,63.0,pune,inactive,Groceries,42.0,1888.49,79316.58,11.53,34,13,0,25,debit card,1417
1790,57.0,MUMBAI,regular,Books,47.0,1104.14,51894.58,34.5,297,31,0,17,UPI,288
1791,20.0,MUMBAI,New,Electronics,33.0,30772.95,1015507.35,48.62,146,17,2,19,cash,1286
1792,24.0,Delhi,inactive,Groceries,40.0,31021.67,1240866.8,8.71,280,92,11,15,UPI,1434
1793,54.0,Bangalore,PREMIUM,Electronics,24.0,19702.16,472851.84,1.66,209,125,18,18,Credit Card,1349
1794,19.0,BANGALORE,Inactive,groceries,36.0,3410.1,122763.6,27.34,225,123,8,2,Debit Card,1010
1795,50.0,delhi,inactive,ELECTRONICS,46.0,44543.29,2048991.34,10.89,100,146,9,19,Cash,1461
1796,41.0,Delhi,Premium,Electronics,26.0,24793.44,644629.44,18.85,81,86,10,0,Debit Card,359
1797,58.0,bangalore,Premium,electronics,32.0,11019.57,352626.24,18.97,131,34,12,11,debit card,246
1798,47.0,Pune,regular,ELECTRONICS,38.0,3526.84,134019.92,9.34,294,180,4,14,Debit Card,660
1799,39.0, Chennai ,premium,Electronics,48.0,39479.02,1894992.96,28.57,330,108,1,22,Debit Card,41
1800,58.0,Pune,NEW,groceries,33.0,13037.2,430227.6,0.7,60,23,12,25,Net Banking,480
1801,68.0,Mumbai,Inactive,Electronics,19.0,44871.04,852549.76,16.73,234,86,18,17,net banking,953
1802,38.0,pune,PREMIUM,electronics,11.0,29874.24,328616.64,29.68,217,80,5,6,Credit Card,502
1803,33.0,Hyderabad,inactive,Books,12.0,39968.31,479619.72,44.24,73,118,11,5,net banking,412
1804,22.0,delhi,new,GROCERIES,2.0,34897.7,69795.4,6.3,228,30,2,1,CREDIT CARD,492
1805,63.0,Pune,Premium,ELECTRONICS,13.0,21856.73,284137.49,47.87,51,166,19,11,cash,380
1806,22.0,bangalore,NEW,Books,8.0,26351.57,210812.56,45.49,3,176,11,1,upi,247
1807,67.0, Chennai ,NEW,groceries,14.0,27008.76,378122.64,16.62,282,21,18,14,UPI,1195
1808,65.0,hyderabad,new,ELECTRONICS,46.0,34691.23,1595796.58,19.09,265,12,1,21,Debit Card,1010
1809,52.0,MUMBAI,premium,Furniture,25.0,30628.5,765712.5,7.73,298,123,5,25,net banking,595
1810,39.0,DELHI,Premium,Sports,7.0,49773.73,348416.11,6.91,245,42,0,0,CREDIT CARD,1158
1811,31.0,DELHI,NEW,ELECTRONICS,41.0,46367.75,1901077.75,48.97,70,170,4,3,debit card,211
1812,35.0,delhi,new,clothing,42.0,10965.41,460547.22,6.58,269,192,3,4,upi,767
1813,54.0,MUMBAI,Premium,Sports,9.0,36918.1,332262.9,36.74,66,10,20,3,Credit Card,597
1814,63.0,Mumbai,Regular,books,9.0,6963.93,62675.37,21.95,184,33,3,3,UPI,1500
1815,30.0,chennai,PREMIUM,Furniture,6.0,21187.47,127124.82,44.32,209,65,12,1,Credit Card,1427
1816,70.0,chennai,REGULAR,sports,39.0,11925.05,465076.95,150.0,234,118,11,25,Cash,226
1817,57.0,Pune,Regular,ELECTRONICS,50.0,4016.36,200818.0,1.15,83,154,2,26,cash,1694
1818,61.0,CHENNAI,new,clothing,25.0,43326.86,1083171.5,2.04,82,150,16,6,credit card,1638
1819,19.0,delhi,Regular,books,48.0,27290.01,1309920.48,13.8,318,100,12,10,CREDIT CARD,1192
1820,23.0,MUMBAI,premium,groceries,32.0,1192.61,38163.52,2.79,208,143,11,26,upi,973
1821,66.0,chennai,New,Clothing,45.0,,900137.7,7.65,293,132,12,23,UPI,153
1822,37.0,pune,regular,Books,49.0,39269.52,1924206.48,15.03,19,113,13,25,Debit Card,1432
1823,,MUMBAI,Regular,furniture,27.0,17517.6,472975.2,15.12,310,97,5,14,Debit Card,295
1824,28.0,BANGALORE,PREMIUM,groceries,8.0,4878.75,39030.0,48.43,131,56,13,2,UPI,1370
1825,53.0,Bangalore,regular,Sports,10.0,5519.89,55198.9,25.73,263,163,1,8,Net Banking,1246
1826,61.0, Chennai ,Inactive,groceries,10.0,32153.77,321537.7,36.22,365,22,19,9,cash,808
1827,34.0,Delhi,Regular,Furniture,22.0,40347.4,887642.8,44.37,145,118,5,11,cash,147
1828,41.0,Pune,Regular,Clothing,16.0,13406.73,214507.68,10.12,18,177,7,2,credit card,1476
1829,41.0,kolkata,new,groceries,2.0,19006.17,38012.34,35.94,190,120,12,2,Cash,1412
1830,35.0,Kolkata,REGULAR,Books,30.0,20368.14,611044.2,35.61,138,185,20,10,Debit Card,768
1831,33.0,Hyderabad,REGULAR,furniture,31.0,49560.85,1536386.35,13.54,198,8573,19,24,credit card,912
1832,31.0,delhi,PREMIUM,electronics,12.0,17491.25,209895.0,18.5,275,179,0,9,UPI,1747
1833,57.0,DELHI,NEW,electronics,22.0,9675.56,212862.32,19.96,74,83,11,18,upi,843
1834,37.0,hyderabad,PREMIUM,electronics,16.0,1170.54,18728.64,43.51,142,35,7,11,Cash,273
1835,35.0,mumbai,New,electronics,19.0,3105.64,59007.16,33.38,136,167,17,18,Debit Card,537
1836,68.0,mumbai,New,books,,15399.37,123194.96,15.84,159,55,1,0,Cash,875
1837,32.0,hyderabad,Regular,electronics,44.0,45231.51,1990186.44,1.5,331,176,3,31,net banking,1713
1838,40.0,mumbai,PREMIUM,electronics,6.0,18733.84,112403.04,27.45,48,143,8,2,CREDIT CARD,458
1839,41.0,delhi,PREMIUM,groceries,33.0,39976.77,1319233.41,12.99,349,167,15,3,credit card,1048
1840,30.0,mumbai,inactive,books,44.0,1753.1,77136.4,26.45,175,190,4,14,Net Banking,977
1841,46.0,Mumbai,Inactive,groceries,26.0,34257.44,890693.44,20.34,100,120,0,3,debit card,156
1842,59.0,chennai,inactive,sports,23.0,40856.91,939708.93,40.68,275,17,0,11,UPI,1359
1843,51.0,chennai,Premium,Electronics,10.0,24450.32,244503.2,34.12,66,17,9,2,UPI,978
1844,60.0,MUMBAI,premium,groceries,2.0,30408.66,60817.32,11.34,294,178,3,0,upi,1113
1845,69.0,CHENNAI,new,ELECTRONICS,3.0,10323.74,30971.22,9.91,319,89,11,1,net banking,1618
1846,43.0,mumbai,Premium,furniture,42.0,9731.11,408706.62,36.31,249,64,11,8,UPI,1290
1847,40.0,MUMBAI,Regular,ELECTRONICS,11.0,7963.43,87597.73,34.66,227,59,19,3,net banking,1265
1848,56.0,mumbai,Premium,clothing,24.0,42716.77,1025202.48,34.56,114,91,7,4,Debit Card,896
1849,45.0,CHENNAI,NEW,Groceries,3.0,23742.35,71227.05,4.58,26,142,14,0,net banking,413
1850,42.0,Kolkata,premium,Books,33.0,40442.83,1334613.39,41.49,103,98,1,6,Credit Card,1036
1851,25.0,Mumbai,New,electronics,23.0,32417.9,745611.7,47.61,284,57,17,21,net banking,1324
1852,29.0,CHENNAI,new,Sports,41.0,22019.72,902808.52,35.37,135,137,8,25,Net Banking,440
1853,38.0,hyderabad,regular,ELECTRONICS,10.0,10886.1,108861.0,48.49,111,177,4,2,CREDIT CARD,1488
1854,50.0,Chennai,inactive,electronics,49.0,30567.7,1497817.3,12.69,79,89,17,42,Cash,345
1855,63.0,mumbai,PREMIUM,sports,23.0,20548.86,472623.78,18.85,317,87,6,11,cash,130
1856,42.0,Delhi,inactive,Books,47.0,24200.03,1137401.41,39.94,35,166,3,34,Credit Card,586
1857,43.0,Kolkata,regular,electronics,16.0,812.49,12999.84,33.45,118,144,9,3,cash,1180
1858,38.0,Mumbai,Premium,Sports,5.0,11377.7,56888.5,19.27,206,170,1,4,debit card,1389
1859,43.0,Delhi,Inactive,books,47.0,23939.57,1125159.79,18.27,33,81,8,30,Credit Card,770
1860,38.0,,Inactive,electronics,12.0,46870.78,562449.36,32.98,189,23,13,11,debit card,177
1861,22.0,pune,inactive,Groceries,22.0,21699.13,477380.86,0.85,344,24,18,12,Cash,463
1862,55.0,Bangalore,new,Furniture,32.0,18208.76,582680.32,9.24,245,1,4,1,debit card,375
1863,,mumbai,inactive,Electronics,5.0,31326.09,156630.45,32.6,50,35,2,1,debit card,180
1864,30.0,pune,Regular,Books,46.0,21784.83,1002102.18,47.33,207,119,17,36,cash,959
1865,43.0,chennai,Inactive,Furniture,31.0,11173.16,346367.96,8.25,252,124,7,5,Cash,1607
1866,29.0,Mumbai,new,Sports,25.0,33910.03,847750.75,1.42,174,179,18,16,net banking,1303
1867,48.0,Pune,New,Groceries,16.0,42112.67,673802.72,46.8,324,176,18,9,Debit Card,266
1868,56.0,CHENNAI,inactive,Books,25.0,16776.38,419409.5,9.42,263,173,18,20,UPI,402
1869,32.0, Chennai ,PREMIUM,Electronics,11.0,6492.04,71412.44,3.46,13,199,11,7,upi,587
1870,36.0,,inactive,GROCERIES,19.0,24256.93,460881.67,35.55,1,36,13,17,Net Banking,840
1871,37.0,DELHI,NEW,Sports,49.0,22045.29,1080219.21,20.05,294,115,18,28,debit card,212
1872,44.0,MUMBAI,New,Groceries,28.0,34686.0,971208.0,1.69,170,9,0,13,Debit Card,752
1873,38.0,Delhi,new,Clothing,3.0,29648.73,88946.19,19.31,140,145,13,1,Net Banking,933
1874,23.0, Chennai ,inactive,furniture,42.0,18225.62,765476.04,28.47,195,58,10,13,Credit Card,1452
1875,41.0,pune,new,sports,1.0,9372.69,9372.69,17.49,83,136,5,1,upi,1411
1876,31.0,Hyderabad,regular,Clothing,6.0,42739.61,256437.66,30.7,269,159,17,6,Cash,1593
1877,39.0,BANGALORE,REGULAR,clothing,27.0,33044.23,892194.21,12.4,170,193,8,27,debit card,1556
1878,,DELHI,regular,Books,5.0,39689.5,198447.5,15.27,63,102,18,4,Cash,530
1879,66.0,Delhi,regular,clothing,38.0,22819.07,867124.66,11.32,139,105,8,1,net banking,1584
1880,,Pune,PREMIUM,ELECTRONICS,15.0,2863.34,42950.1,16.41,216,33,19,15,Debit Card,1208
1881,60.0,Pune,inactive,Books,34.0,29340.53,997578.02,46.69,52,64,5,6,Credit Card,1586
1882,54.0,hyderabad,PREMIUM,Electronics,45.0,9080.19,408608.55,43.02,23,123,10,19,net banking,742
1883,30.0,DELHI,inactive,sports,27.0,18841.93,508732.11,23.63,300,34,4,1,Debit Card,50
1884,20.0,DELHI,regular,furniture,28.0,42488.7,1189683.6,19.08,33,38,19,7,Cash,141
1885,70.0,Chennai,PREMIUM,sports,23.0,5778.49,132905.27,38.94,105,188,14,10,upi,1800
1886,40.0,kolkata,Inactive,groceries,13.0,16872.98,219348.74,16.87,347,121,0,8,upi,1681
1887,23.0,pune,Inactive,Clothing,5.0,13424.03,67120.15,18.02,153,49,8,5,UPI,842
1888,42.0,Delhi,premium,electronics,15.0,46760.17,701402.55,27.54,25,53,9,5,Debit Card,1727
1889,44.0,mumbai,inactive,sports,9.0,2157.53,19417.77,12.43,159,118,9,2,debit card,862
1890,31.0, Chennai ,Premium,clothing,15.0,33332.64,499989.6,35.71,213,130,12,0,Credit Card,1160
1891,68.0,Bangalore,PREMIUM,furniture,18.0,19380.74,348853.32,29.13,26,40,20,2,cash,1387
1892,49.0,hyderabad,regular,electronics,30.0,13543.05,406291.5,49.68,155,54,10,1,CREDIT CARD,497
1893,52.0,bangalore,Premium,ELECTRONICS,11.0,40845.8,449303.8,30.48,144,109,12,5,CREDIT CARD,948
1894,66.0,Bangalore,PREMIUM,Clothing,13.0,7107.09,92392.17,49.7,320,60,0,2,Credit Card,305
1895,39.0,BANGALORE,Inactive,electronics,14.0,10618.35,148656.9,0.5,12,57,6,4,upi,989
1896,46.0,CHENNAI,premium,Sports,28.0,39274.0,1099672.0,18.26,6,113,13,4,Net Banking,1278
1897,57.0,bangalore,REGULAR,Clothing,48.0,3304.94,158637.12,13.9,190,54,1,5,CREDIT CARD,502
1898,65.0,pune,NEW,Books,17.0,40895.2,695218.4,8.53,15,56,8,4,Credit Card,290
1899,52.0,DELHI,new,electronics,38.0,40570.22,1541668.36,39.86,9,24,14,10,CREDIT CARD,1385
1900,69.0,Mumbai,regular,Electronics,24.0,3395.24,81485.76,40.72,212,67,17,14,credit card,1733
1901,48.0,Kolkata,REGULAR,books,17.0,20989.04,356813.68,31.11,308,47,8,1,upi,766
1902,58.0,Pune,Regular,Furniture,29.0,8127.27,235690.83,33.88,323,38,10,16,credit card,398
1903,27.0,Bangalore,Inactive,Electronics,38.0,,1489831.42,17.16,202,195,17,18,debit card,1068
1904,64.0,Mumbai,Regular,GROCERIES,16.0,31546.45,504743.2,22.57,40,48,3,4,credit card,206
1905,21.0, Chennai ,NEW,GROCERIES,33.0,2577.2,85047.6,34.84,353,142,13,3,cash,181
1906,47.0,chennai,new,clothing,45.0,2284.66,102809.7,31.46,116,154,4,22,credit card,1233
1907,57.0,delhi,REGULAR,ELECTRONICS,39.0,16257.8,634054.2,44.29,57,127,3,11,CREDIT CARD,321
1908,49.0,BANGALORE,regular,Clothing,15.0,28099.04,421485.6,9.09,11,93,9,4,CREDIT CARD,261
1909,42.0,mumbai,New,Sports,21.0,34412.41,722660.61,13.03,331,98,6,6,Credit Card,1447
1910,52.0,MUMBAI,Regular,clothing,19.0,15451.08,293570.52,43.86,10,79,16,16,Net Banking,1071
1911,56.0,pune,REGULAR,Electronics,18.0,23498.93,422980.74,40.22,6,96,19,12,net banking,1431
1912,40.0,CHENNAI,Inactive,Books,21.0,9878.59,207450.39,34.09,255,66,19,5,upi,904
1913,58.0,MUMBAI,PREMIUM,furniture,48.0,16168.35,776080.8,11.66,95,116,15,30,UPI,1657
1914,28.0,mumbai,REGULAR,furniture,10.0,1368.07,13680.7,4.03,205,90,17,1,CREDIT CARD,1687
1915,56.0,Mumbai,Premium,Sports,24.0,28848.88,692373.12,46.37,78,152,9,3,credit card,690
1916,67.0,Hyderabad,Regular,Electronics,10.0,29774.91,297749.1,15.79,341,180,18,6,Debit Card,922
1917,33.0,hyderabad,inactive,sports,10.0,32464.75,324647.5,8.62,319,186,9,10,CREDIT CARD,117
1918,45.0,BANGALORE,premium,Groceries,43.0,13330.84,573226.12,25.72,331,172,17,21,credit card,428
1919,31.0, Chennai ,Regular,Sports,35.0,38134.01,1334690.35,2.02,140,147,17,14,CREDIT CARD,161
1920,70.0,CHENNAI,PREMIUM,books,10.0,5170.88,51708.8,41.44,40,96,9,8,cash,260
1921,63.0,bangalore,NEW,ELECTRONICS,28.0,27400.27,767207.56,26.79,206,77,0,3,Cash,254
1922,,Bangalore,regular,Furniture,35.0,3395.14,118829.9,15.47,157,193,4,0,Credit Card,1657
1923,42.0,mumbai,Inactive,Furniture,32.0,22391.09,716514.88,26.22,126,81,16,20,upi,1336
1924,43.0,DELHI,New,sports,20.0,38866.0,777320.0,5.94,223,186,4,6,debit card,1378
1925,29.0, Chennai ,Inactive,ELECTRONICS,46.0,46543.02,2140978.92,40.43,92,20,6,11,Credit Card,655
1926,62.0,CHENNAI,Premium,clothing,11.0,30780.84,338589.24,26.59,58,73,15,8,Cash,1612
1927,62.0, Chennai ,premium,GROCERIES,40.0,22602.42,904096.8,41.27,209,151,19,38,Cash,598
1928,54.0,kolkata,premium,Sports,11.0,25927.52,285202.72,9.96,282,6,1,3,upi,894
1929,44.0,Chennai,PREMIUM,sports,1.0,3588.2,3588.2,17.39,101,192,5,1,Debit Card,1144
1930,43.0,MUMBAI,premium,Electronics,21.0,31774.51,667264.71,16.33,92,70,7,16,Debit Card,1156
1931,63.0,Chennai,REGULAR,Furniture,45.0,8511.02,382995.9,20.9,316,44,18,39,Credit Card,152
1932,46.0,BANGALORE,NEW,sports,28.0,8618.7,241323.6,22.87,224,63,7,5,net banking,453
1933,50.0,BANGALORE,inactive,Books,14.0,11117.26,155641.64,24.18,43,130,10,10,credit card,1322
1934,52.0,BANGALORE,PREMIUM,groceries,30.0,5685.37,170561.1,21.7,157,199,3,0,credit card,418
1935,27.0,kolkata,PREMIUM,Clothing,15.0,35986.36,539795.4,7.62,345,139,16,7,UPI,412
1936,47.0,CHENNAI,NEW,GROCERIES,21.0,35558.23,746722.83,38.21,359,6,12,15,Net Banking,819
1937,24.0,chennai,New,Books,41.0,36305.91,1488542.31,41.28,86,2,20,34,net banking,235
1938,59.0,delhi,Regular,Books,5.0,31247.91,156239.55,23.35,228,105,3,3,net banking,1452
1939,25.0,bangalore,Inactive,groceries,38.0,42734.83,1623923.54,32.16,278,178,9,22,cash,1048
1940,29.0,Chennai,PREMIUM,sports,26.0,19155.08,498032.08,34.8,205,137,12,24,CREDIT CARD,1282
1941,40.0,pune,premium,ELECTRONICS,21.0,22686.76,476421.96,15.4,260,152,18,5,UPI,697
1942,32.0,delhi,inactive,groceries,41.0,32004.87,1312199.67,38.2,153,35,18,38,Credit Card,941
1943,35.0,Kolkata,PREMIUM,Books,40.0,20894.28,835771.2,29.51,156,17,14,36,Cash,841
1944,49.0,Chennai,NEW,Electronics,36.0,39201.42,1411251.12,22.86,352,175,15,16,net banking,750
1945,61.0,pune,regular,groceries,18.0,4225.76,76063.68,25.45,312,130,9,3,upi,976
1946,33.0,DELHI,new,Furniture,41.0,17496.45,717354.45,19.93,298,138,17,6,upi,629
1947,67.0,pune,NEW,Electronics,17.0,14855.78,252548.26,0.49,310,43,20,16,upi,1823
1948,18.0,Bangalore,PREMIUM,electronics,3.0,8619.31,25857.93,6.98,235,11,12,3,debit card,1162
1949,56.0,chennai,Premium,books,35.0,9367.5,327862.5,26.73,130,92,16,6,Debit Card,31
1950,53.0,Pune,Inactive,Furniture,13.0,43809.23,569519.99,40.22,169,124,9,10,net banking,1158
1951,33.0,Kolkata,regular,books,48.0,49744.75,2387748.0,27.67,213,61,0,9,Net Banking,1644
1952,41.0,Chennai,Premium,Electronics,14.0,2773.25,38825.5,17.25,200,195,12,1,Cash,1810
1953,67.0,bangalore,inactive,Clothing,2.0,45602.44,91204.88,47.52,199,75,3,2,debit card,1601
1954,54.0,MUMBAI,new,Furniture,43.0,42311.2,1819381.6,49.53,222,115,18,3,net banking,1588
1955,48.0,Chennai,inactive,electronics,34.0,23869.15,811551.1,20.72,330,9,0,7,cash,1566
1956,31.0,Hyderabad,REGULAR,sports,8.0,2856.47,22851.76,13.57,152,78,8,2,Cash,1249
1957,20.0,BANGALORE,new,clothing,43.0,17475.73,751456.39,21.1,206,96,5,19,Credit Card,803
1958,27.0,Mumbai,premium,Groceries,23.0,30758.45,707444.35,21.81,245,36,10,13,CREDIT CARD,407
1959,29.0, Chennai ,Inactive,Electronics,22.0,12177.64,267908.08,46.59,332,169,9,14,Credit Card,559
1960,49.0,DELHI,new,groceries,20.0,27288.6,545772.0,34.24,167,96,19,7,Cash,925
1961,38.0,mumbai,premium,books,15.0,26951.69,404275.35,15.63,251,21,4,9,UPI,1522
1962,40.0,MUMBAI,premium,ELECTRONICS,45.0,41530.52,1868873.4,44.97,29,1,7,25,CREDIT CARD,1378
1963,29.0,CHENNAI,premium,sports,50.0,23878.92,1193946.0,46.16,328,37,20,29,Net Banking,351
1964,45.0,delhi,NEW,Sports,35.0,36709.57,1284834.95,30.87,285,83,10,35,UPI,380
1965,,pune,inactive,clothing,11.0,34222.76,376450.36,17.31,365,81,3,6,credit card,1058
1966,38.0,Kolkata,REGULAR,furniture,6.0,22707.02,136242.12,2.74,27,136,20,0,UPI,661
1967,56.0,CHENNAI,regular,GROCERIES,30.0,15709.19,471275.7,23.58,188,164,6,11,CREDIT CARD,639
1968,46.0,kolkata,regular,electronics,30.0,6394.58,191837.4,29.03,360,147,14,6,debit card,622
1969,56.0,MUMBAI,Premium,Groceries,15.0,24672.35,370085.25,26.72,114,50,3,6,upi,200
1970,68.0,CHENNAI,Regular,Clothing,42.0,26297.7,1104503.4,30.04,94,110,1,32,Net Banking,1066
1971,52.0,mumbai,NEW,electronics,23.0,39822.99,915928.77,24.0,244,51,0,9,net banking,920
1972,29.0,Bangalore,inactive,electronics,21.0,9486.19,199209.99,22.26,157,105,10,21,Debit Card,700
1973,64.0,Delhi,new,Books,33.0,2975.13,98179.29,25.59,55,92,13,30,Debit Card,629
1974,35.0,BANGALORE,new,electronics,48.0,24219.95,1162557.6,37.12,84,152,12,37,credit card,665
1975,32.0,MUMBAI,New,ELECTRONICS,38.0,30427.76,1156254.88,12.85,193,162,13,16,UPI,137
1976,57.0,pune,Inactive,furniture,2.0,34629.94,69259.88,5.61,273,153,17,1,Net Banking,496
1977,54.0,Chennai,NEW,Clothing,44.0,35589.08,1565919.52,8.19,361,22,17,38,upi,1388
1978,51.0,DELHI,regular,ELECTRONICS,42.0,15093.05,633908.1,13.85,264,199,16,19,Cash,1568
1979,60.0,hyderabad,Inactive,Groceries,29.0,8949.48,259534.92,45.54,190,199,15,10,cash,1484
1980,54.0,bangalore,NEW,ELECTRONICS,34.0,37223.91,1265612.94,42.13,27,46,4,4,Net Banking,1556
1981,55.0,hyderabad,NEW,furniture,43.0,44911.1,1931177.3,42.29,38,36,9,33,net banking,414
1982,58.0,hyderabad,premium,GROCERIES,1.0,46348.4,46348.4,37.53,271,77,8,1,credit card,1647
1983,35.0,MUMBAI,New,GROCERIES,49.0,43755.51,2144019.99,26.15,201,134,3,5,CREDIT CARD,1517
1984,31.0,Chennai,Regular,Furniture,33.0,17415.09,574697.97,21.72,275,30,2,15,Cash,1036
1985,52.0,CHENNAI,regular,Groceries,37.0,1062.15,39299.55,41.05,317,169,18,10,credit card,941
1986,47.0,pune,Premium,Groceries,21.0,7816.44,164145.24,43.07,217,150,6,7,UPI,213
1987,58.0,Bangalore,NEW,Furniture,49.0,1523.04,74628.96,36.1,7,197,10,12,CREDIT CARD,1408
1988,43.0,Chennai,premium,electronics,37.0,12435.99,460131.63,29.22,6,64,17,8,Cash,1001
1989,37.0,Mumbai,inactive,books,21.0,17803.31,373869.51,12.17,219,11,18,1,net banking,701
1990,70.0,Pune,premium,books,33.0,36000.35,1188011.55,2.14,168,16,4,19,Debit Card,1493
1991,47.0,MUMBAI,New,electronics,22.0,46666.98,1026673.56,39.75,272,128,6,12,upi,316
1992,46.0,CHENNAI,Regular,sports,23.0,25728.02,591744.46,29.98,291,63,6,11,Debit Card,1665
1993,57.0,,Premium,Sports,22.0,27455.36,604017.92,48.77,221,24,11,20,debit card,952
1994,60.0,Delhi,premium,Sports,22.0,43108.32,948383.04,41.02,123,150,15,18,CREDIT CARD,761
1995,40.0, Chennai ,premium,groceries,19.0,12681.92,240956.48,47.83,315,11,4,16,Debit Card,995
1996,49.0,mumbai,new,Electronics,11.0,27462.76,302090.36,21.09,333,97,13,0,UPI,540
1997,36.0,mumbai,NEW,electronics,25.0,40458.28,1011457.0,12.82,361,175,13,2,Credit Card,244
1998,57.0,hyderabad,REGULAR,Sports,14.0,17070.72,238990.08,43.61,326,77,13,13,debit card,117
1999,41.0, Chennai ,Premium,Clothing,43.0,28230.72,1213920.96,0.06,252,55,0,16,CREDIT CARD,1026
2000,44.0,MUMBAI,New,ELECTRONICS,33.0,43681.94,1441504.02,13.16,133,174,8,29,credit card,1113
2001,66.0,pune,Regular,furniture,21.0,39815.22,836119.62,46.33,295,106,18,1,upi,1044
2002,43.0,delhi,inactive,books,39.0,31521.46,1229336.94,34.6,2,146,5,11,net banking,1128
2003,66.0,delhi,Inactive,Furniture,30.0,,1151412.3,43.56,180,29,7,26,UPI,1131
2004,65.0,hyderabad,PREMIUM,books,32.0,6602.65,211284.8,13.29,101,6,20,27,net banking,1176
2005,25.0, Chennai ,New,books,18.0,38895.15,700112.7,38.28,18,52,9,6,Cash,1061
2006,66.0,kolkata,premium,Furniture,32.0,10674.55,341585.6,23.49,334,192,11,32,Debit Card,1529
2007,32.0,,New,clothing,49.0,24007.37,1176361.13,0.7,129,25,7,45,Credit Card,1269
2008,18.0, Chennai ,REGULAR,Clothing,33.0,41382.28,1365615.24,43.67,12,48,17,8,upi,302
2009,40.0,delhi,PREMIUM,Electronics,17.0,3857.09,65570.53,42.37,120,22,19,1,cash,759
2010,46.0,hyderabad,PREMIUM,Electronics,18.0,38019.11,684343.98,3.31,29,182,15,18,debit card,234
2011,54.0,MUMBAI,PREMIUM,clothing,24.0,49892.62,6900298.76,12.01,283,165,2,1,Cash,1018
2012,63.0,DELHI,premium,Sports,10.0,7637.82,76378.2,13.85,239,8,18,8,Net Banking,339
2013,65.0,BANGALORE,regular,books,37.0,20640.26,763689.62,9.17,192,21,15,19,CREDIT CARD,409
2014,36.0,Chennai,regular,books,45.0,32461.47,1460766.15,10.7,215,26,3,34,Cash,135
2015,20.0,MUMBAI,regular,groceries,34.0,21865.25,743418.5,34.38,111,13,15,0,CREDIT CARD,1148
2016,43.0,hyderabad,inactive,ELECTRONICS,4.0,46745.38,186981.52,7.57,18,9,19,2,Debit Card,830
2017,69.0,Hyderabad,PREMIUM,electronics,37.0,18339.35,678555.95,20.46,279,150,0,0,UPI,982
2018,48.0,Bangalore,Premium,Electronics,7.0,24999.17,174994.19,6.83,289,4,0,7,Debit Card,1290
2019,47.0,CHENNAI,Regular,Books,50.0,2213.06,110653.0,22.57,83,24,3,13,net banking,1695
2020,42.0,pune,Premium,sports,33.0,23894.39,788514.87,3.78,200,127,4,11,credit card,81
2021,69.0,delhi,REGULAR,books,46.0,38786.96,1784200.16,37.17,58,127,3,36,CREDIT CARD,1150
2022,69.0,CHENNAI,new,books,1.0,23012.01,23012.01,15.32,209,14,4,0,debit card,630
2023,68.0,Mumbai,PREMIUM,Groceries,10.0,5095.73,50957.3,19.87,74,88,5,3,Cash,582
2024,66.0,CHENNAI,PREMIUM,sports,43.0,36656.06,1576210.58,29.17,157,190,14,30,CREDIT CARD,799
2025,57.0,,Regular,Sports,12.0,21322.98,255875.76,31.28,162,25,7,2,Net Banking,867
2026,23.0,hyderabad,Inactive,books,20.0,36149.9,722998.0,1.21,347,35,8,11,UPI,1226
2027,52.0,bangalore,premium,groceries,3.0,7004.96,21014.88,5.32,342,29,10,0,CREDIT CARD,1679
2028,45.0,Pune,New,Books,45.0,14634.02,658530.9,30.33,275,106,8,30,net banking,906
2029,68.0,kolkata,inactive,groceries,9.0,11087.75,99789.75,18.97,31,3,16,8,debit card,668
2030,47.0,delhi,Premium,Furniture,48.0,11920.7,572193.6,41.04,286,23,18,7,Cash,96
2031,49.0,DELHI,Inactive,books,37.0,6966.16,257747.92,21.86,23,13,12,36,net banking,1717
2032,67.0,MUMBAI,New,furniture,47.0,31453.7,1478323.9,41.68,167,59,8,34,debit card,1074
2033,45.0,delhi,new,Electronics,33.0,8307.16,274136.28,11.2,271,106,10,17,upi,413
2034,27.0,Chennai,PREMIUM,electronics,11.0,10365.44,114019.84,36.34,352,191,4,0,UPI,703
2035,18.0,MUMBAI,Regular,Electronics,4.0,1520.75,6083.0,27.43,193,64,9,3,Net Banking,520
2036,55.0, Chennai ,Inactive,Electronics,1.0,26049.82,26049.82,28.59,291,24,3,1,credit card,861
2037,69.0,Chennai,Premium,furniture,6.0,19531.91,117191.46,37.65,322,39,7,1,cash,1042
2038,30.0,hyderabad,Inactive,Sports,35.0,47281.01,1654835.35,28.86,236,190,19,2,upi,48
2039,52.0,Bangalore,regular,Furniture,6.0,47168.74,283012.44,43.33,281,109,15,2,upi,531
2040,20.0,chennai,Premium,furniture,38.0,25994.97,987808.86,34.21,128,112,3,6,Debit Card,942
2041,23.0, Chennai ,NEW,electronics,21.0,5077.11,106619.31,30.21,331,95,8,10,net banking,319
2042,66.0,pune,regular,ELECTRONICS,2.0,9861.07,19722.14,12.99,341,4,2,1,Debit Card,693
2043,66.0,Delhi,regular,groceries,27.0,1983.58,53556.66,16.08,295,156,19,8,debit card,1221
2044,63.0,delhi,New,groceries,29.0,7839.36,227341.44,2.68,30,141,4,8,cash,1506
2045,19.0,Mumbai,NEW,electronics,45.0,25596.28,1151832.6,46.03,335,57,16,28,Cash,1600
2046,36.0,Chennai,PREMIUM,groceries,10.0,2167.19,21671.9,17.33,36,128,8,5,CREDIT CARD,987
2047,32.0,bangalore,inactive,Clothing,27.0,15922.87,429917.49,47.55,114,89,14,0,Credit Card,633
2048,23.0,mumbai,Inactive,electronics,50.0,28220.68,1411034.0,6.97,360,85,3,35,credit card,1436
2049,44.0,CHENNAI,inactive,ELECTRONICS,41.0,48740.37,1998355.17,17.3,10,74,12,7,Credit Card,154
2050,47.0,mumbai,Regular,Electronics,17.0,21610.29,367374.93,1.18,44,33,17,7,net banking,323
2051,47.0,CHENNAI,Premium,electronics,47.0,44009.45,2068444.15,45.37,103,33,18,47,cash,904
2052,22.0,bangalore,premium,ELECTRONICS,2.0,32915.77,65831.54,13.22,273,184,11,0,Net Banking,1536
2053,45.0,Hyderabad,REGULAR,Clothing,50.0,44614.67,2230733.5,45.67,133,80,12,46,Credit Card,1822
2054,37.0,mumbai,PREMIUM,GROCERIES,27.0,49385.0,1333395.0,42.61,154,99,0,3,Cash,210
2055,39.0,Delhi,Premium,Groceries,32.0,36099.34,1155178.88,39.93,105,188,9,31,CREDIT CARD,561
2056,33.0,bangalore,NEW,groceries,6.0,24812.87,148877.22,20.49,87,42,10,6,credit card,1564
2057,61.0,Mumbai,new,Sports,12.0,20014.93,240179.16,49.34,261,101,13,11,upi,749
2058,62.0,BANGALORE,PREMIUM,books,9.0,14165.07,127485.63,3.83,319,114,13,8,Net Banking,1075
2059,35.0,DELHI,new,GROCERIES,6.0,33288.38,199730.28,28.91,328,54,11,0,Credit Card,875
2060,,kolkata,regular,Furniture,37.0,24426.95,903797.15,15.07,75,33,7,20,debit card,1692
2061,31.0,DELHI,Premium,clothing,47.0,21254.17,998945.99,36.95,194,141,4,7,CREDIT CARD,207
2062,39.0,Hyderabad,regular,furniture,48.0,37684.89,1808874.72,8.18,132,148,5,1,upi,1381
2063,62.0,delhi,regular,Sports,6.0,38437.54,230625.24,5.05,364,157,15,6,Debit Card,1149
2064,53.0,CHENNAI,NEW,ELECTRONICS,30.0,12829.34,384880.2,42.86,220,60,9,7,UPI,1416
2065,55.0,DELHI,NEW,books,33.0,40411.43,1333577.19,36.2,271,133,8,26,net banking,77
2066,43.0,BANGALORE,regular,books,50.0,1405.18,70259.0,42.34,52,12,5,5,CREDIT CARD,1699
2067,41.0,DELHI,Regular,Sports,48.0,14308.81,686822.88,40.11,96,64,0,7,upi,134
2068,37.0,kolkata,New,Electronics,16.0,25085.23,401363.68,5.02,329,130,12,1,Credit Card,444
2069,28.0,chennai,Regular,electronics,39.0,22612.73,881896.47,41.4,319,155,1,5,credit card,1683
2070,35.0,chennai,Premium,Clothing,20.0,45989.69,919793.8,23.74,60,62,3,15,credit card,1237
2071,70.0,hyderabad,inactive,Furniture,27.0,2756.57,74427.39,37.46,323,194,12,4,UPI,1430
2072,63.0,chennai,NEW,clothing,7.0,29300.8,205105.6,14.24,326,120,16,5,UPI,49
2073,58.0, Chennai ,premium,Clothing,29.0,17365.94,503612.26,16.88,85,181,3,0,Net Banking,370
2074,53.0,kolkata,inactive,books,29.0,26368.02,764672.58,0.17,71,200,14,19,Credit Card,1494
2075,32.0,hyderabad,premium,groceries,7.0,21624.22,151369.54,27.63,263,29,19,7,CREDIT CARD,295
2076,30.0,pune,inactive,groceries,17.0,24315.53,413364.01,38.74,275,51,15,10,Debit Card,112
2077,46.0,Hyderabad,NEW,books,7.0,45033.68,315235.76,0.35,147,141,0,5,UPI,983
2078,50.0,chennai,Premium,ELECTRONICS,42.0,13216.21,555080.82,43.41,100,197,4,13,upi,411
2079,28.0, Chennai ,New,furniture,3.0,39572.43,118717.29,19.22,343,196,12,2,Net Banking,561
2080,43.0,Kolkata,Premium,groceries,29.0,34270.89,993855.81,17.83,224,159,3,7,Cash,1770
2081,41.0,Mumbai,premium,Groceries,4.0,36922.09,147688.36,41.94,153,38,12,0,Credit Card,1013
2082,18.0,MUMBAI,Regular,Groceries,3.0,48971.64,146914.92,47.75,333,134,8,1,debit card,1767
2083,31.0, Chennai ,Inactive,Furniture,15.0,29105.42,436581.3,14.43,150,129,2,7,Credit Card,50
2084,37.0, Chennai ,New,furniture,5.0,40795.35,203976.75,15.82,118,12,4,0,UPI,175
2085,42.0,Kolkata,REGULAR,Books,46.0,27727.45,1275462.7,19.41,149,104,7,14,cash,1807
2086,57.0,Bangalore,Regular,clothing,36.0,4990.4,179654.4,0.16,9,31,8,31,upi,561
2087,67.0,Mumbai,new,Furniture,38.0,39468.28,1499794.64,42.78,63,82,15,15,net banking,720
2088,38.0, Chennai ,PREMIUM,Furniture,50.0,4279.82,213991.0,22.45,253,85,3,8,Debit Card,1242
2089,41.0,pune,new,Furniture,7.0,17397.62,121783.34,12.98,193,164,1,7,CREDIT CARD,495
2090,64.0,BANGALORE,Premium,ELECTRONICS,19.0,39445.01,749455.19,21.76,190,198,8,13,Net Banking,989
2091,27.0,chennai,REGULAR,electronics,29.0,5536.41,160555.89,23.03,32,129,14,3,UPI,816
2092,69.0,delhi,inactive,GROCERIES,35.0,49747.94,1741177.9,37.63,247,171,1,13,credit card,1026
2093,38.0,DELHI,Regular,Furniture,2.0,38927.68,77855.36,44.43,152,19,9,2,UPI,1475
2094,47.0,mumbai,New,Electronics,11.0,,311847.91,16.62,202,176,16,6,CREDIT CARD,953
2095,29.0,Pune,NEW,books,20.0,49853.07,997061.4,22.43,220,65,4,0,Net Banking,1366
2096,42.0,MUMBAI,PREMIUM,GROCERIES,5.0,43053.51,215267.55,35.32,174,54,17,3,Net Banking,885
2097,62.0,Mumbai,REGULAR,furniture,9.0,11285.46,101569.14,26.45,259,122,19,0,upi,1405
2098,62.0,Chennai,regular,Furniture,34.0,49685.58,1689309.72,29.57,120,46,1,21,UPI,1622
2099,33.0,delhi,Premium,Groceries,2.0,34521.56,69043.12,47.18,310,198,4,1,Debit Card,1213
2100,44.0,CHENNAI,REGULAR,furniture,29.0,21738.68,630421.72,12.87,5,81,6,21,cash,1541
2101,38.0,Hyderabad,new,Electronics,48.0,23947.65,1149487.2,29.77,238,128,10,22,debit card,355
2102,45.0,CHENNAI,Inactive,sports,2.0,12441.38,24882.76,39.06,133,38,5,1,Debit Card,1791
2103,43.0,Mumbai,new,sports,14.0,9422.99,131921.86,35.31,90,165,4,7,credit card,247
2104,,CHENNAI,new,books,24.0,32736.82,785683.68,24.5,311,31,15,3,upi,366
2105,21.0,DELHI,PREMIUM,furniture,35.0,18911.47,661901.45,14.45,283,104,18,35,Debit Card,96
2106,41.0,mumbai,premium,books,28.0,47790.02,1338120.56,0.39,300,46,5,0,CREDIT CARD,1559
2107,44.0,pune,NEW,Electronics,7.0,49845.75,348920.25,44.52,95,174,12,4,Net Banking,1727
2108,22.0,chennai,New,Furniture,2.0,43483.4,86966.8,22.53,10,56,2,1,Debit Card,942
2109,67.0,chennai,REGULAR,Sports,1.0,47097.43,47097.43,14.56,102,54,5,1,Net Banking,405
2110,34.0,delhi,New,furniture,15.0,42714.17,640712.55,43.15,226,41,18,8,Net Banking,917
2111,33.0,Pune,Premium,Furniture,15.0,47916.18,718742.7,1.63,204,194,10,8,Credit Card,350
2112,40.0,Pune,REGULAR,electronics,45.0,30379.35,1367070.75,36.91,116,33,14,44,CREDIT CARD,1582
2113,49.0,mumbai,NEW,books,6.0,8423.23,50539.38,28.63,199,57,11,5,Credit Card,641
2114,67.0,pune,New,Electronics,9.0,41607.04,374463.36,35.93,232,102,20,5,CREDIT CARD,959
2115,28.0,Pune,inactive,clothing,23.0,48872.91,1124076.93,29.41,136,160,20,18,UPI,77
2116,46.0,Chennai,NEW,books,35.0,22025.03,770876.05,40.8,215,192,15,23,upi,1763
2117,19.0,mumbai,Premium,Furniture,1.0,33422.81,33422.81,46.12,290,44,19,0,CREDIT CARD,411
2118,67.0,CHENNAI,REGULAR,Books,20.0,44164.78,883295.6,11.91,17,72,8,17,Cash,100
2119,,Delhi,PREMIUM,ELECTRONICS,23.0,47877.36,1101179.28,12.36,89,2,5,7,UPI,167
2120,20.0,Mumbai,REGULAR,Sports,22.0,17530.6,385673.2,48.67,59,159,7,10,debit card,702
2121,68.0,chennai,Regular,books,26.0,29254.32,760612.32,40.66,287,73,6,19,Debit Card,1576
2122,67.0,Delhi,Regular,ELECTRONICS,19.0,42565.19,808738.61,19.71,84,152,13,4,Credit Card,1692
2123,52.0,Chennai,REGULAR,furniture,48.0,37150.74,1783235.52,49.99,119,32,4,17,debit card,215
2124,28.0,pune,Premium,GROCERIES,50.0,17000.32,850016.0,29.92,161,157,19,39,CREDIT CARD,145
2125,25.0,Mumbai,Regular,GROCERIES,26.0,10305.35,267939.1,24.06,159,151,11,8,CREDIT CARD,164
2126,18.0,BANGALORE,PREMIUM,furniture,50.0,43414.73,2170736.5,32.05,290,53,14,21,Cash,1661
2127,24.0,pune,PREMIUM,ELECTRONICS,26.0,22593.76,587437.76,35.15,52,124,11,7,upi,292
2128,45.0,delhi,new,Groceries,10.0,33555.1,335551.0,25.43,205,65,12,1,CREDIT CARD,1466
2129,19.0,Hyderabad,premium,GROCERIES,50.0,11814.15,590707.5,0.23,304,41,17,17,UPI,1821
2130,-5.0,delhi,Premium,Clothing,11.0,35404.95,389454.45,3.14,354,59,10,5,Credit Card,680
2131,24.0,delhi,Regular,sports,50.0,7408.91,370445.5,29.09,54,77,7,42,Credit Card,1089
2132,46.0,Kolkata,Inactive,GROCERIES,41.0,7413.05,303935.05,23.31,65,96,8,8,CREDIT CARD,221
2133,50.0,Pune,Regular,sports,17.0,31599.99,537199.83,33.77,359,139,3,5,Credit Card,649
2134,67.0,,new,GROCERIES,3.0,21855.39,65566.17,31.7,295,51,6,1,CREDIT CARD,1236
2135,55.0,Pune,New,Groceries,7.0,18219.44,127536.08,30.88,30,43,10,7,net banking,1392
2136,36.0,Hyderabad,regular,Electronics,34.0,17010.41,578353.94,25.17,184,189,16,33,Debit Card,1728
2137,65.0,Pune,PREMIUM,Books,21.0,35123.8,737599.8,35.53,245,35,12,5,Credit Card,1544
2138,50.0,delhi,New,GROCERIES,9.0,33093.88,297844.92,38.95,186,79,6,5,UPI,194
2139,68.0,pune,New,ELECTRONICS,36.0,,301380.84,9.18,180,3,3,34,CREDIT CARD,752
2140,64.0,BANGALORE,PREMIUM,Books,20.0,22637.5,452750.0,27.62,97,151,8,5,cash,56
2141,23.0,mumbai,PREMIUM,Clothing,18.0,4815.88,86685.84,28.49,90,153,0,0,Cash,1468
2142,59.0,Hyderabad,New,ELECTRONICS,45.0,22447.51,1010137.95,6.72,205,1,8,21,Credit Card,1219
2143,41.0,Hyderabad,Regular,ELECTRONICS,5.0,24122.1,120610.5,14.25,21,5,7,4,credit card,132
2144,65.0,CHENNAI,Inactive,Clothing,16.0,18851.41,301622.56,10.04,318,46,4,5,debit card,1742
2145,47.0,CHENNAI,premium,furniture,15.0,19424.91,291373.65,0.29,24,108,0,4,Net Banking,1025
2146,60.0,chennai,REGULAR,groceries,18.0,20311.55,365607.9,46.17,215,15,15,13,CREDIT CARD,830
2147,,MUMBAI,NEW,sports,23.0,1011.01,23253.23,28.62,117,119,5,6,debit card,897
2148,23.0,hyderabad,New,Sports,10.0,42940.79,429407.9,33.66,106,51,13,1,Credit Card,1346
2149,68.0,delhi,regular,sports,6.0,48267.38,289604.28,14.98,103,184,3,3,UPI,595
2150,70.0,DELHI,premium,sports,13.0,23258.45,302359.85,23.2,338,100,16,5,Net Banking,890
2151,66.0,chennai,New,books,45.0,10817.2,486774.0,12.55,150,47,19,2,debit card,907
2152,69.0,CHENNAI,new,Groceries,22.0,5454.3,119994.6,27.52,11,23,15,19,Cash,1186
2153,30.0,mumbai,regular,sports,12.0,2538.23,30458.76,8.44,287,57,14,4,debit card,1610
2154,35.0,CHENNAI,new,ELECTRONICS,15.0,13799.08,206986.2,21.42,172,51,16,12,Cash,553
2155,46.0,pune,Premium,ELECTRONICS,23.0,43770.25,1006715.75,38.64,190,191,7,12,CREDIT CARD,886
2156,53.0,pune,Premium,clothing,45.0,23646.72,1064102.4,9.89,223,188,8,4,cash,54
2157,18.0,Bangalore,Regular,Furniture,22.0,31478.16,692519.52,15.65,138,45,2,12,debit card,510
2158,38.0,pune,Inactive,Electronics,3.0,29286.78,87860.34,11.02,274,20,8,3,Credit Card,654
2159,49.0,Hyderabad,premium,clothing,15.0,23052.73,345790.95,47.81,268,68,8,6,Net Banking,134
2160,43.0,BANGALORE,premium,Furniture,49.0,22842.93,1119303.57,32.59,180,107,8,26,Net Banking,299
2161,61.0,BANGALORE,Regular,groceries,36.0,46268.51,1665666.36,45.07,35,95,9,5,net banking,793
2162,70.0,kolkata,Inactive,furniture,3.0,46949.93,140849.79,7.46,244,179,5,0,Credit Card,1621
2163,51.0,DELHI,REGULAR,Electronics,45.0,22993.89,1034725.05,42.06,288,99,0,18,Debit Card,774
2164,44.0,Hyderabad,Premium,Groceries,3.0,11780.73,35342.19,12.4,137,109,18,1,Debit Card,85
2165,43.0,Kolkata,inactive,GROCERIES,43.0,10944.02,470592.86,40.87,242,180,3,35,CREDIT CARD,404
2166,65.0,mumbai,New,groceries,31.0,45605.62,1413774.22,32.12,42,158,0,28,net banking,1355
2167,50.0,Hyderabad,REGULAR,Clothing,33.0,38116.41,1257841.53,33.81,24,100,15,13,Cash,879
2168,31.0,DELHI,inactive,books,11.0,34970.59,384676.49,34.68,258,194,15,6,Credit Card,1549
2169,38.0,Bangalore,Premium,books,43.0,32021.63,1376930.09,28.55,72,31,14,3,debit card,1356
2170,53.0,Hyderabad,premium,Furniture,26.0,34298.3,891755.8,22.14,209,101,6,5,Credit Card,1591
2171,22.0,BANGALORE,PREMIUM,furniture,44.0,44867.52,1974170.88,0.74,99,149,18,11,net banking,1748
2172,57.0,CHENNAI,inactive,furniture,35.0,46559.19,1629571.65,24.53,288,40,13,20,Debit Card,1612
2173,69.0,Delhi,new,electronics,30.0,37008.12,1110243.6,46.1,274,109,9,19,debit card,381
2174,43.0,pune,regular,ELECTRONICS,2.0,10709.22,21418.44,34.77,275,176,7,0,cash,1609
2175,33.0,Bangalore,regular,Sports,41.0,30274.45,1241252.45,0.96,145,92,18,39,upi,950
2176,19.0,BANGALORE,Inactive,ELECTRONICS,5.0,31038.05,155190.25,40.98,225,49,0,2,debit card,1273
2177,51.0,mumbai,regular,Clothing,36.0,45666.91,1644008.76,37.12,143,169,7,3,CREDIT CARD,1633
2178,,CHENNAI,new,sports,35.0,6026.48,210926.8,23.57,3,99,20,24,cash,585
2179,60.0,Delhi,inactive,electronics,22.0,44209.9,972617.8,26.39,27,27,12,20,debit card,1611
2180,55.0,Mumbai,inactive,Furniture,6.0,16764.09,100584.54,9.99,230,199,1,0,Net Banking,141
2181,56.0,Mumbai,New,Sports,20.0,2605.3,52106.0,43.99,105,8,16,20,net banking,94
2182,51.0,CHENNAI,new,ELECTRONICS,26.0,7936.02,206336.52,8.28,213,141,5,20,debit card,1735
2183,37.0,kolkata,REGULAR,Books,2.0,33195.41,66390.82,0.96,76,133,16,2,Cash,724
2184,54.0,mumbai,inactive,Sports,30.0,31751.62,952548.6,4.44,215,139,0,13,Cash,1433
2185,25.0,BANGALORE,premium,ELECTRONICS,31.0,20604.15,638728.65,6.62,286,9,16,8,Credit Card,521
2186,57.0, Chennai ,new,Electronics,41.0,37991.79,1557663.39,8.76,216,50,8,17,debit card,477
2187,38.0,BANGALORE,inactive,Sports,12.0,32275.29,387303.48,16.7,268,175,15,0,credit card,395
2188,18.0,DELHI,inactive,Sports,10.0,15263.7,152637.0,32.88,192,56,13,9,Credit Card,1229
2189,23.0,Mumbai,Regular,GROCERIES,24.0,12807.88,307389.12,9.13,137,146,14,12,Credit Card,541
2190,57.0,BANGALORE,inactive,Books,29.0,538.07,15604.03,45.91,151,63,12,10,CREDIT CARD,1759
2191,66.0,DELHI,Premium,Groceries,23.0,11504.14,264595.22,38.2,131,129,2,22,net banking,1699
2192,46.0,bangalore,regular,Sports,2.0,48559.42,97118.84,43.69,360,70,16,2,CREDIT CARD,273
2193,40.0,pune,new,GROCERIES,16.0,26129.65,418074.4,13.82,365,103,13,4,Debit Card,290
2194,32.0,Hyderabad,Premium,groceries,26.0,40436.46,1051347.96,30.22,320,136,13,9,Cash,180
2195,26.0,bangalore,Inactive,clothing,37.0,40921.53,1514096.61,48.39,342,45,4,3,debit card,410
2196,56.0,kolkata,New,ELECTRONICS,11.0,48081.68,528898.48,28.18,66,3,12,6,upi,178
2197,47.0,pune,Inactive,groceries,12.0,9862.62,118351.44,17.24,313,152,19,10,CREDIT CARD,1234
2198,65.0,Pune,Regular,Clothing,21.0,37699.03,791679.63,36.74,205,143,16,14,Net Banking,953
2199,57.0,mumbai,REGULAR,Books,28.0,1111.69,31127.32,6.07,131,135,5,1,net banking,1805
2200,69.0,delhi,Inactive,books,16.0,5234.46,83751.36,10.01,271,191,6,2,CREDIT CARD,288
2201,43.0,Chennai,Premium,Electronics,5.0,14834.85,74174.25,2.48,338,179,14,3,CREDIT CARD,1750
2202,57.0,CHENNAI,regular,sports,42.0,33236.08,1395915.36,42.65,146,188,18,4,Debit Card,645
2203,25.0,Chennai,Regular,Furniture,37.0,25037.45,926385.65,7.62,326,140,15,8,Credit Card,1241
2204,57.0,Pune,New,Sports,21.0,41724.75,876219.75,19.19,82,191,4,9,Credit Card,704
2205,57.0,Mumbai,Premium,Furniture,12.0,12059.85,144718.2,41.58,16,146,15,6,upi,1276
2206,69.0, Chennai ,Inactive,clothing,36.0,45334.33,1632035.88,20.03,292,199,17,2,cash,1785
2207,41.0,BANGALORE,NEW,ELECTRONICS,1.0,4716.17,4716.17,32.94,126,161,0,1,Cash,866
2208,44.0, Chennai ,NEW,groceries,37.0,16993.67,628765.79,24.01,334,188,20,18,Credit Card,664
2209,33.0,DELHI,new,clothing,8.0,35685.65,285485.2,15.9,38,169,6,7,cash,1297
2210,38.0,BANGALORE,premium,Electronics,4.0,25061.93,100247.72,24.79,329,44,2,3,UPI,157
2211,32.0,,premium,Books,37.0,38208.86,1413727.82,8.97,24,38,10,37,Cash,1509
2212,22.0,pune,Regular,Furniture,31.0,10072.12,312235.72,22.98,98,77,5,18,debit card,593
2213,46.0,DELHI,NEW,furniture,1.0,39096.67,39096.67,24.67,14,114,17,1,CREDIT CARD,1616
2214,32.0,Bangalore,premium,Electronics,45.0,41928.56,1886785.2,20.68,40,200,19,4,Net Banking,1319
2215,20.0,Pune,REGULAR,electronics,31.0,34906.29,1082094.99,48.05,86,138,18,22,credit card,578
2216,40.0,BANGALORE,Regular,clothing,3.0,30448.42,91345.26,3.67,182,131,0,2,UPI,1145
2217,65.0,CHENNAI,premium,Groceries,29.0,13398.32,388551.28,35.92,318,101,11,7,Cash,1394
2218,25.0,BANGALORE,Premium,Sports,32.0,41152.28,1316872.96,0.13,146,3,18,15,Credit Card,1498
2219,37.0,Bangalore,regular,electronics,35.0,14176.43,496175.05,0.92,128,155,17,9,CREDIT CARD,196
2220,69.0,Pune,Premium,Sports,14.0,29634.03,414876.42,19.68,83,197,1,3,net banking,791
2221,70.0,Pune,NEW,groceries,44.0,47451.72,2087875.68,31.42,356,191,0,42,Net Banking,1123
2222,52.0,Chennai,PREMIUM,groceries,21.0,8293.67,174167.07,34.89,47,98,9,13,Cash,453
2223,31.0,Delhi,REGULAR,sports,27.0,7041.48,190119.96,2.77,98,155,14,9,debit card,1770
2224,19.0,kolkata,NEW,Electronics,49.0,,1888792.22,21.6,22,130,19,35,Net Banking,117
2225,56.0,mumbai,Premium,Sports,46.0,6315.48,290512.08,34.96,48,139,20,18,Debit Card,191
2226,23.0,MUMBAI,inactive,books,10.0,40632.47,406324.7,18.93,50,86,17,4,net banking,723
2227,53.0,chennai,REGULAR,ELECTRONICS,26.0,12427.96,323126.96,32.91,58,153,20,12,Credit Card,634
2228,,mumbai,PREMIUM,Electronics,21.0,11681.57,245312.97,45.25,348,2,15,15,debit card,774
2229,,delhi,regular,GROCERIES,47.0,35062.08,1647917.76,39.5,273,174,4,40,Debit Card,193
2230,46.0,CHENNAI,regular,groceries,48.0,4134.72,198466.56,30.88,174,187,7,36,debit card,892
2231,68.0,Kolkata,New,groceries,9.0,43702.59,393323.31,8.99,168,180,18,6,Credit Card,774
2232,32.0,Chennai,PREMIUM,sports,25.0,4146.79,103669.75,26.73,9,34,11,15,net banking,948
2233,18.0,MUMBAI,New,Furniture,26.0,2896.73,75314.98,46.41,27,101,7,1,upi,840
2234,33.0,Hyderabad,Premium,Groceries,3.0,6898.65,20695.95,26.55,329,23,20,3,debit card,1745
2235,18.0,Pune,Inactive,electronics,1.0,43049.26,43049.26,29.33,304,31,5,0,Debit Card,1338
2236,19.0,Mumbai,REGULAR,ELECTRONICS,2.0,30611.35,61222.7,16.95,353,52,14,1,Cash,987
2237,62.0,bangalore,Regular,books,8.0,28936.67,231493.36,41.22,201,11,1,8,upi,118
2238,26.0,hyderabad,REGULAR,books,32.0,46755.02,1496160.64,33.08,132,70,20,8,Credit Card,683
2239,36.0,Pune,Inactive,clothing,45.0,14623.01,658035.45,16.47,264,24,3,35,Credit Card,1321
2240,53.0, Chennai ,NEW,furniture,25.0,17719.11,442977.75,17.52,109,73,9,24,UPI,845
2241,43.0,mumbai,PREMIUM,furniture,44.0,18864.24,830026.56,6.17,316,127,1,20,upi,808
2242,18.0,Delhi,New,electronics,27.0,42097.64,1136636.28,15.48,217,8,14,0,debit card,949
2243,58.0,Mumbai,New,groceries,2.0,6988.55,13977.1,17.67,33,94,16,1,Credit Card,175
2244,41.0,MUMBAI,inactive,Electronics,5.0,22340.34,111701.7,33.97,326,24,13,3,credit card,677
2245,45.0,chennai,REGULAR,Furniture,29.0,28818.04,835723.16,18.67,92,66,9,2,Debit Card,532
2246,55.0,Bangalore,regular,GROCERIES,37.0,13634.74,504485.38,35.48,136,188,11,13,credit card,1422
2247,69.0,Bangalore,new,furniture,4.0,16306.24,65224.96,23.01,294,189,2,4,cash,1208
2248,52.0,BANGALORE,New,sports,20.0,42456.81,849136.2,20.23,110,110,10,12,credit card,1164
2249,33.0,MUMBAI,REGULAR,sports,39.0,24997.36,974897.04,31.36,287,118,12,35,Credit Card,796
2250,61.0,hyderabad,Premium,Books,12.0,48543.17,582518.04,49.69,356,123,15,12,credit card,1140
2251,34.0,Delhi,Premium,Books,42.0,5462.95,229443.9,9.28,14,155,11,27,Net Banking,525
2252,31.0,MUMBAI,PREMIUM,sports,46.0,30383.37,1397635.02,23.95,350,35,6,36,upi,622
2253,34.0,chennai,PREMIUM,books,36.0,46117.19,1660218.84,16.11,84,102,14,24,Cash,1790
2254,55.0,mumbai,regular,ELECTRONICS,29.0,23933.19,694062.51,11.84,364,41,7,23,net banking,1806
2255,39.0,Mumbai,Premium,ELECTRONICS,16.0,34457.52,551320.32,1.08,49,65,0,2,upi,1293
2256,30.0,Delhi,PREMIUM,Furniture,18.0,15020.09,270361.62,150.0,153,127,2,18,net banking,335
2257,56.0,Chennai,inactive,GROCERIES,22.0,41083.98,903847.56,43.1,169,69,10,4,upi,147
2258,46.0,Bangalore,New,furniture,45.0,30662.92,1379831.4,3.47,283,57,3,1,Credit Card,1497
2259,43.0,DELHI,Regular,Clothing,44.0,8158.91,358992.04,38.67,222,161,4,8,Net Banking,950
2260,47.0,hyderabad,Regular,Clothing,5.0,21001.29,105006.45,36.3,359,9,12,3,debit card,1525
2261,48.0,Chennai,new,Electronics,14.0,28146.33,394048.62,2.62,194,9,10,9,UPI,377
2262,57.0,kolkata,regular,ELECTRONICS,41.0,14739.37,604314.17,36.4,20,164,15,19,Credit Card,300
2263,49.0,delhi,Premium,Sports,42.0,43492.84,1826699.28,23.66,188,130,5,27,Net Banking,890
2264,26.0,bangalore,Inactive,Electronics,28.0,41605.12,1164943.36,0.69,21,63,12,6,net banking,1386
2265,40.0,BANGALORE,regular,groceries,47.0,4013.2,188620.4,28.68,137,81,19,31,cash,1230
2266,31.0, Chennai ,NEW,Clothing,38.0,35099.65,1333786.7,28.54,249,192,18,34,debit card,1754
2267,56.0,CHENNAI,regular,furniture,46.0,25551.26,1175357.96,1.72,318,81,10,0,debit card,1253
2268,62.0,MUMBAI,PREMIUM,books,27.0,38866.34,1049391.18,21.83,111,33,4,23,Debit Card,1239
2269,34.0,BANGALORE,premium,ELECTRONICS,7.0,8268.95,57882.65,27.4,361,137,20,1,cash,1805
2270,24.0,Bangalore,Inactive,clothing,36.0,46672.89,1680224.04,11.4,9,2,2,11,cash,952
2271,45.0,mumbai,PREMIUM,Clothing,38.0,48622.37,1847650.06,35.16,156,128,9,11,cash,360
2272,39.0,BANGALORE,new,sports,33.0,34956.12,1153551.96,3.21,263,199,16,33,CREDIT CARD,293
2273,31.0,hyderabad,NEW,Sports,35.0,32622.11,1141773.85,2.89,337,140,9,4,upi,1099
2274,21.0,BANGALORE,premium,sports,13.0,35046.44,455603.72,12.77,329,95,12,4,Net Banking,1561
2275,54.0,Pune,regular,groceries,2.0,37775.4,75550.8,16.23,220,176,14,2,debit card,1191
2276,67.0,BANGALORE,Regular,Sports,35.0,12451.37,435797.95,0.19,318,114,4,12,upi,1676
2277,25.0,chennai,NEW,Electronics,37.0,44062.82,1630324.34,20.86,197,103,4,0,credit card,887
2278,38.0,bangalore,REGULAR,sports,29.0,34377.0,996933.0,20.32,143,85,15,21,net banking,846
2279,38.0,Bangalore,REGULAR,GROCERIES,23.0,5443.87,125209.01,48.3,131,121,13,8,Credit Card,44
2280,21.0,BANGALORE,NEW,GROCERIES,22.0,26290.47,578390.34,40.46,272,34,9,21,Credit Card,761
2281,22.0,Hyderabad,New,Groceries,17.0,16592.26,282068.42,7.7,132,78,8,2,net banking,1235
2282,57.0,Kolkata,regular,Electronics,10.0,40182.94,401829.4,41.66,104,136,13,8,upi,64
2283,50.0,Delhi,REGULAR,books,31.0,43429.52,1346315.12,36.51,232,6,7,26,Debit Card,123
2284,57.0,DELHI,regular,ELECTRONICS,14.0,25878.38,362297.32,20.56,89,12,10,11,Credit Card,1137
2285,57.0,Pune,Regular,Electronics,39.0,38954.52,1519226.28,13.9,36,55,8,37,Credit Card,1225
2286,67.0,Hyderabad,inactive,electronics,39.0,24043.7,937704.3,24.24,295,125,4,17,UPI,343
2287,53.0,delhi,premium,Clothing,24.0,19767.41,474417.84,13.52,7,77,10,1,Net Banking,449
2288,40.0,BANGALORE,new,clothing,33.0,48697.29,1607010.57,0.71,165,128,20,14,Cash,544
2289,61.0,Chennai,REGULAR,furniture,41.0,38182.78,1565493.98,2.26,337,111,0,10,Cash,543
2290,35.0,Mumbai,inactive,books,3.0,40170.82,120512.46,48.47,182,136,19,1,UPI,1096
2291,35.0,Chennai,new,Clothing,20.0,8101.46,162029.2,11.37,289,191,14,14,Net Banking,615
2292,,Hyderabad,new,Groceries,40.0,18582.33,743293.2,47.43,337,80,2,32,upi,1541
2293,35.0,kolkata,PREMIUM,Clothing,1.0,25292.58,25292.58,37.73,67,156,10,1,net banking,1680
2294,35.0, Chennai ,Inactive,groceries,11.0,12612.28,138735.08,38.32,87,110,0,11,cash,768
2295,64.0,Pune,New,sports,40.0,37958.83,1518353.2,8.29,216,124,9,33,Debit Card,232
2296,46.0,MUMBAI,Premium,groceries,26.0,9498.77,246968.02,29.52,337,165,2,11,credit card,1692
2297,51.0,CHENNAI,new,Furniture,33.0,7904.28,260841.24,38.95,196,93,10,19,upi,1305
2298,53.0,pune,Premium,groceries,10.0,12160.54,121605.4,23.01,74,57,20,7,credit card,952
2299,57.0,kolkata,Inactive,Electronics,10.0,44253.22,442532.2,11.4,348,147,1,0,upi,677
2300,70.0,delhi,NEW,Sports,41.0,22677.04,929758.64,33.55,283,72,14,28,Cash,691
2301,63.0,delhi,premium,Sports,29.0,21325.6,618442.4,15.7,104,152,16,2,net banking,1137
2302,57.0,chennai,new,sports,14.0,23407.06,327698.84,3.32,299,17,10,7,Cash,148
2303,53.0,pune,regular,Groceries,33.0,49384.53,1629689.49,38.11,322,100,5,25,net banking,460
2304,50.0,delhi,NEW,Furniture,29.0,20845.73,604526.17,26.26,80,5,15,12,credit card,339
2305,33.0,pune,New,Sports,7.0,9430.13,66010.91,46.78,342,155,0,5,credit card,1150
2306,69.0,Pune,premium,ELECTRONICS,37.0,32528.51,1203554.87,27.0,330,100,20,6,net banking,1600
2307,26.0,Chennai,inactive,books,32.0,848.62,27155.84,20.09,306,10,3,3,Net Banking,1230
2308,26.0,Delhi,new,Books,10.0,29679.25,296792.5,7.2,284,156,7,3,debit card,1476
2309,50.0,Hyderabad,inactive,clothing,39.0,45154.95,1761043.05,46.07,125,183,10,2,upi,1035
2310,38.0,hyderabad,NEW,furniture,27.0,43181.48,1165899.96,39.15,116,49,10,11,Net Banking,57
2311,69.0,Kolkata,new,Clothing,48.0,5527.29,265309.92,8.54,337,56,3,20,UPI,726
2312,58.0,chennai,inactive,books,50.0,16255.44,812772.0,33.81,17,92,4,41,credit card,1104
2313,48.0,Delhi,NEW,clothing,46.0,41197.32,1895076.72,13.17,160,95,16,34,Debit Card,244
2314,22.0,DELHI,premium,clothing,31.0,47573.2,1474769.2,32.57,360,27,4,14,cash,1654
2315,38.0,chennai,Regular,groceries,35.0,49528.77,1733506.95,5.69,322,193,12,34,Cash,182
2316,65.0,chennai,Inactive,Sports,29.0,43977.9,1275359.1,22.52,229,138,1,27,CREDIT CARD,505
2317,58.0,DELHI,inactive,clothing,23.0,21604.41,496901.43,14.6,211,122,18,9,Credit Card,1589
2318,32.0,Hyderabad,New,clothing,2.0,3786.49,7572.98,10.9,69,157,10,1,Debit Card,1583
2319,49.0,,inactive,Clothing,8.0,18075.83,144606.64,47.25,188,116,5,2,cash,929
2320,32.0, Chennai ,NEW,groceries,36.0,38814.15,1397309.4,10.42,20,35,18,5,UPI,1175
2321,41.0,DELHI,inactive,ELECTRONICS,15.0,11718.64,175779.6,15.0,193,189,11,2,net banking,740
2322,58.0,delhi,NEW,Clothing,38.0,,833210.42,19.45,239,54,9,18,upi,1763
2323,48.0,delhi,New,ELECTRONICS,47.0,6555.42,308104.74,37.15,294,92,17,18,cash,198
2324,58.0,Kolkata,regular,sports,40.0,6187.78,247511.2,3.18,2,87,0,10,CREDIT CARD,187
2325,50.0, Chennai ,New,furniture,36.0,4054.36,145956.96,41.71,147,26,7,19,debit card,1397
2326,48.0,BANGALORE,Premium,sports,38.0,13129.7,498928.6,28.12,356,125,14,18,Credit Card,1537
2327,26.0,pune,PREMIUM,Furniture,26.0,14786.47,384448.22,31.85,124,52,0,25,CREDIT CARD,899
2328,58.0,bangalore,Premium,furniture,47.0,32467.58,1525976.26,19.22,96,30,17,12,upi,802
2329,46.0,hyderabad,premium,furniture,48.0,19188.92,921068.16,20.77,223,20,0,8,UPI,1559
2330,43.0,Delhi,regular,ELECTRONICS,3.0,7154.15,21462.45,42.45,66,35,7,2,Cash,1235
2331,52.0,chennai,premium,Clothing,47.0,22167.05,1041851.35,21.17,114,108,15,22,Cash,1546
2332,19.0, Chennai ,new,books,29.0,30906.28,896282.12,16.37,326,78,8,26,upi,276
2333,35.0,DELHI,Premium,furniture,11.0,10958.79,120546.69,38.84,180,17,14,4,upi,768
2334,45.0,DELHI,PREMIUM,books,25.0,40771.03,1019275.75,5.5,197,64,15,24,CREDIT CARD,807
2335,31.0,CHENNAI,Inactive,furniture,49.0,18156.86,889686.14,45.23,196,157,20,21,UPI,1223
2336,66.0,mumbai,inactive,ELECTRONICS,32.0,34422.8,1101529.6,18.78,135,24,9,2,Credit Card,473
2337,68.0,Pune,REGULAR,Electronics,12.0,37276.08,447312.96,16.73,33,187,6,12,debit card,1626
2338,36.0,delhi,NEW,groceries,31.0,7463.75,231376.25,26.67,275,59,18,0,debit card,990
2339,66.0,Delhi,Regular,electronics,17.0,46295.0,787015.0,13.8,357,22,11,15,debit card,1218
2340,30.0,Mumbai,REGULAR,electronics,8.0,13405.36,107242.88,39.08,235,135,16,7,Cash,1717
2341,38.0,MUMBAI,premium,ELECTRONICS,45.0,899.82,40491.9,0.7,165,74,7,28,Net Banking,1362
2342,45.0,Hyderabad,premium,Furniture,13.0,3062.49,39812.37,26.42,192,129,1,0,credit card,1510
2343,62.0,Pune,new,Clothing,6.0,15944.98,95669.88,29.11,167,24,2,2,Debit Card,917
2344,48.0,Pune,New,ELECTRONICS,41.0,5642.29,231333.89,40.01,249,141,2,35,Net Banking,229
2345,20.0,BANGALORE,inactive,Furniture,21.0,21450.61,450462.81,6.44,233,14,13,20,net banking,1364
2346,18.0,Mumbai,New,books,38.0,32999.01,1253962.38,12.22,37,96,8,11,Debit Card,55
2347,43.0,chennai,Premium,ELECTRONICS,13.0,3184.38,41396.94,47.95,222,86,20,11,UPI,1454
2348,19.0,Bangalore,PREMIUM,ELECTRONICS,19.0,37174.57,706316.83,4.79,79,7,12,13,Net Banking,105
2349,24.0,Bangalore,premium,clothing,21.0,37057.5,778207.5,28.32,10,25,12,13,Debit Card,451
2350,65.0,kolkata,PREMIUM,ELECTRONICS,9.0,42717.59,384458.31,13.89,17,82,7,9,CREDIT CARD,407
2351,60.0,mumbai,Premium,Groceries,25.0,7421.99,185549.75,1.38,340,190,19,24,Credit Card,1771
2352,22.0, Chennai ,Regular,clothing,35.0,15683.99,548939.65,11.18,52,50,7,11,UPI,401
2353,51.0,BANGALORE,premium,Books,14.0,8337.03,116718.42,36.65,131,86,13,10,debit card,712
2354,26.0,MUMBAI,regular,ELECTRONICS,33.0,20286.53,669455.49,38.63,153,157,14,27,Credit Card,384
2355,34.0,pune,NEW,groceries,28.0,10069.67,281950.76,8.69,28,187,18,11,Debit Card,925
2356,66.0,hyderabad,inactive,Sports,31.0,31442.57,974719.67,43.35,125,71,18,23,CREDIT CARD,1303
2357,48.0,Delhi,REGULAR,groceries,50.0,5059.7,252985.0,34.42,197,104,11,21,Cash,1764
2358,22.0,delhi,new,Books,25.0,48041.84,1201046.0,18.49,127,164,16,1,Cash,883
2359,44.0,DELHI,premium,clothing,31.0,39246.44,1216639.64,18.47,128,104,18,23,CREDIT CARD,620
2360,46.0,delhi,New,groceries,47.0,16230.15,762817.05,11.67,107,144,18,44,upi,290
2361,66.0,pune,NEW,Groceries,48.0,12867.16,617623.68,14.48,363,194,12,31,Cash,338
2362,37.0, Chennai ,REGULAR,GROCERIES,6.0,8254.38,49526.28,22.88,331,179,13,1,cash,1150
2363,32.0,Bangalore,regular,Clothing,43.0,14687.65,631568.95,27.43,257,192,13,15,cash,1213
2364,19.0,Hyderabad,premium,groceries,47.0,27150.8,1276087.6,14.8,241,152,20,15,Cash,1276
2365,66.0,Pune,inactive,electronics,27.0,,142046.46,43.02,345,129,2,3,upi,1630
2366,50.0,MUMBAI,new,electronics,2.0,12619.73,25239.46,24.86,107,122,4,1,Credit Card,995
2367,62.0,mumbai,Premium,electronics,18.0,27047.12,486848.16,21.18,247,142,0,17,CREDIT CARD,821
2368,64.0,delhi,Inactive,Clothing,8.0,7024.84,56198.72,6.12,147,102,6,4,Net Banking,842
2369,29.0,Bangalore,inactive,clothing,10.0,37558.93,375589.3,49.57,325,43,12,4,UPI,1567
2370,43.0,MUMBAI,Regular,furniture,7.0,23270.47,162893.29,37.4,300,151,20,4,Credit Card,470
2371,43.0,pune,regular,Furniture,43.0,4456.23,191617.89,33.39,93,165,13,24,debit card,1191
2372,47.0,CHENNAI,Inactive,groceries,29.0,49483.94,1435034.26,1.28,350,141,7,6,UPI,481
2373,56.0, Chennai ,Premium,electronics,25.0,5818.09,145452.25,17.5,293,8,3,12,Debit Card,1192
2374,56.0,delhi,Inactive,Electronics,49.0,37840.35,1854177.15,9.73,119,70,8,13,Net Banking,1393
2375,44.0,Kolkata,inactive,Books,14.0,47871.37,670199.18,13.68,52,73,1,13,Cash,1147
2376,69.0,delhi,premium,sports,4.0,47773.16,191092.64,43.25,253,154,6,0,credit card,544
2377,52.0,CHENNAI,premium,groceries,1.0,48778.32,48778.32,28.92,364,152,2,0,Credit Card,1767
2378,37.0,mumbai,Premium,ELECTRONICS,34.0,28310.15,962545.1,44.09,214,31,12,34,Credit Card,1561
2379,22.0,chennai,Regular,clothing,10.0,6538.7,65387.0,42.28,103,67,16,5,debit card,1163
2380,34.0,Mumbai,Premium,Clothing,21.0,10275.35,215782.35,21.27,357,123,18,21,credit card,1024
2381,55.0, Chennai ,Regular,Furniture,25.0,3408.65,85216.25,16.2,247,26,2,25,Net Banking,267
2382,31.0,Mumbai,premium,furniture,44.0,15817.14,695954.16,42.38,9,35,9,29,cash,1806
2383,18.0,mumbai,NEW,Furniture,42.0,4869.11,204502.62,4.6,68,137,14,40,debit card,679
2384,26.0,Kolkata,premium,Books,39.0,11049.77,430941.03,21.81,262,95,15,24,debit card,1791
2385,45.0,MUMBAI,Inactive,electronics,16.0,27928.33,446853.28,48.2,20,164,15,9,Cash,257
2386,60.0,BANGALORE,premium,Books,37.0,49938.41,1847721.17,8.47,329,39,3,22,debit card,128
2387,22.0,Delhi,premium,Groceries,14.0,16909.06,236726.84,20.55,340,111,5,6,credit card,862
2388,53.0,delhi,REGULAR,Groceries,11.0,49917.85,549096.35,8.78,336,128,9,1,Credit Card,314
2389,58.0,bangalore,regular,GROCERIES,47.0,40531.94,1905001.18,46.71,239,150,17,38,Cash,595
2390,51.0,kolkata,REGULAR,groceries,25.0,30423.2,760580.0,25.33,307,57,1,0,UPI,247
2391,55.0,Bangalore,New,GROCERIES,,46984.46,1080642.58,45.85,107,94,11,0,debit card,328
2392,29.0,hyderabad,inactive,sports,6.0,23056.39,138338.34,19.49,69,195,20,2,upi,781
2393,19.0,delhi,New,books,1.0,24082.34,24082.34,33.17,43,76,20,1,credit card,1747
2394,32.0,Chennai,New,Furniture,42.0,47808.18,2007943.56,21.05,93,67,1,32,Net Banking,1623
2395,69.0, Chennai ,Premium,Electronics,41.0,49033.04,2010354.64,20.59,278,154,1,17,credit card,1025
2396,26.0,Pune,PREMIUM,Electronics,31.0,20678.37,641029.47,9.61,57,32,11,10,CREDIT CARD,499
2397,27.0,Pune,PREMIUM,ELECTRONICS,12.0,28025.29,336303.48,14.2,275,72,15,5,CREDIT CARD,1107
2398,30.0,bangalore,Inactive,furniture,39.0,15209.43,593167.77,0.06,48,10,17,17,Net Banking,1269
2399,69.0, Chennai ,Regular,Groceries,7.0,35374.29,247620.03,46.8,178,171,0,5,Debit Card,682
2400,67.0,hyderabad,PREMIUM,ELECTRONICS,50.0,32334.86,1616743.0,29.6,4,112,9,7,cash,1464
2401,60.0,bangalore,new,Furniture,3.0,30140.35,90421.05,23.22,124,8,4,0,credit card,78
2402,37.0, Chennai ,Inactive,clothing,46.0,47189.5,2170717.0,12.13,40,157,10,8,net banking,1588
2403,24.0,delhi,regular,GROCERIES,36.0,20794.53,748603.08,22.71,322,33,17,2,CREDIT CARD,204
2404,59.0,kolkata,inactive,Furniture,,11552.0,462080.0,19.28,177,128,17,0,cash,495
2405,47.0,Pune,Inactive,Books,8.0,33547.9,268383.2,4.87,339,159,14,4,Debit Card,1713
2406,64.0,BANGALORE,Inactive,furniture,1.0,16287.36,16287.36,16.6,166,89,15,1,Cash,1201
2407,,Chennai,NEW,Books,18.0,9735.34,175236.12,44.74,1,108,19,13,Cash,1335
2408,21.0,DELHI,REGULAR,ELECTRONICS,34.0,30582.98,1039821.32,27.16,8,97,2,3,upi,709
2409,44.0,hyderabad,Regular,Clothing,29.0,37929.23,1099947.67,18.56,23,22,12,10,CREDIT CARD,939
2410,44.0,CHENNAI,Regular,groceries,43.0,28226.87,1213755.41,14.94,283,15,4,22,Debit Card,1330
2411,19.0,kolkata,regular,Clothing,31.0,36282.85,1124768.35,30.8,83,164,19,25,debit card,581
2412,37.0,hyderabad,new,books,12.0,16493.88,197926.56,43.82,5,137,9,10,CREDIT CARD,522
2413,,Mumbai,regular,ELECTRONICS,14.0,15423.34,215926.76,0.24,17,71,2,7,CREDIT CARD,660
2414,25.0,Bangalore,REGULAR,Clothing,26.0,30217.45,785653.7,16.38,174,81,14,9,Cash,88
2415,42.0,mumbai,new,furniture,25.0,1239.84,30996.0,13.88,189,116,1,7,Debit Card,483
2416,60.0,Mumbai,Inactive,Books,22.0,33945.0,746790.0,14.56,93,57,2,10,cash,1131
2417,69.0,Mumbai,NEW,groceries,15.0,2781.46,41721.9,1.01,72,155,13,12,CREDIT CARD,1443
2418,57.0,CHENNAI,new,ELECTRONICS,7.0,24525.96,171681.72,47.56,308,36,4,0,debit card,208
2419,44.0,hyderabad,NEW,Books,12.0,45306.04,543672.48,17.96,124,152,5,6,upi,1267
2420,31.0,Kolkata,Premium,groceries,15.0,49317.02,739755.3,40.97,17,56,3,7,Cash,351
2421,,chennai,regular,Furniture,50.0,46912.24,2345612.0,17.91,95,39,1,26,credit card,1405
2422,55.0,chennai,premium,furniture,16.0,32327.85,517245.6,10.58,317,58,15,15,credit card,1266
2423,21.0,Chennai,Premium,Sports,2.0,9598.45,19196.9,29.09,175,111,3,1,CREDIT CARD,407
2424,39.0,BANGALORE,inactive,clothing,45.0,24865.36,1118941.2,25.71,189,91,19,19,Credit Card,1519
2425,46.0,pune,Inactive,Books,10.0,11731.77,117317.7,14.28,177,187,6,2,Debit Card,199
2426,42.0,hyderabad,new,Books,35.0,38534.79,1348717.65,14.24,193,75,14,18,Debit Card,939
2427,18.0, Chennai ,Inactive,clothing,49.0,17960.82,880080.18,33.88,359,27,2,42,Net Banking,1051
2428,45.0,Hyderabad,New,Groceries,4.0,17557.74,70230.96,150.0,332,195,13,0,CREDIT CARD,84
2429,68.0,pune,PREMIUM,Furniture,6.0,41157.66,246945.96,32.4,245,141,1,3,cash,181
2430,69.0,chennai,PREMIUM,ELECTRONICS,16.0,3927.75,62844.0,5.69,245,161,17,14,Credit Card,821
2431,58.0,Kolkata,inactive,groceries,14.0,17097.33,239362.62,6.77,102,176,15,1,net banking,758
2432,55.0,Mumbai,premium,books,9.0,19238.26,173144.34,31.79,146,166,16,5,upi,481
2433,49.0,CHENNAI,premium,clothing,10.0,30510.56,305105.6,9.63,21,8,7,7,UPI,1612
2434,33.0,pune,NEW,furniture,45.0,7850.88,6900298.76,12.16,358,19,6,9,debit card,925
2435,40.0,kolkata,New,groceries,40.0,10830.24,433209.6,48.54,275,183,8,6,Net Banking,1379
2436,53.0,MUMBAI,inactive,GROCERIES,27.0,17453.68,471249.36,3.58,175,54,16,4,Credit Card,223
2437,24.0,delhi,inactive,books,2.0,40818.99,81637.98,40.19,84,180,13,1,debit card,406
2438,,hyderabad,Regular,books,24.0,3648.88,87573.12,7.22,94,72,10,11,Debit Card,1684
2439,33.0,Kolkata,REGULAR,Sports,26.0,16043.76,417137.76,37.57,315,121,13,8,net banking,933
2440,50.0,DELHI,Inactive,groceries,11.0,8651.99,95171.89,40.71,296,74,11,1,Credit Card,658
2441,44.0,Mumbai,REGULAR,Electronics,27.0,29140.43,786791.61,48.53,215,84,12,17,UPI,1788
2442,25.0,Mumbai,inactive,Electronics,27.0,38412.82,1037146.14,37.53,214,183,15,5,Cash,503
2443,65.0,Bangalore,Premium,furniture,29.0,29423.19,853272.51,10.78,351,69,4,2,CREDIT CARD,1208
2444,25.0,DELHI,New,books,43.0,18876.78,811701.54,0.22,76,51,9,31,Net Banking,1156
2445,62.0,Chennai,regular,Groceries,32.0,36290.46,1161294.72,23.18,71,96,3,18,cash,136
2446,47.0,Chennai,Regular,Clothing,42.0,30742.72,1291194.24,6.7,150,116,17,9,Debit Card,425
2447,46.0,Mumbai,Premium,furniture,45.0,35306.43,1588789.35,15.83,203,125,12,28,Credit Card,839
2448,30.0,Hyderabad,inactive,Clothing,43.0,7460.93,320819.99,43.14,267,110,6,0,credit card,167
2449,26.0,Mumbai,Premium,books,4.0,44621.39,178485.56,36.0,266,75,16,2,CREDIT CARD,824
2450,70.0,delhi,NEW,Clothing,14.0,49646.14,695045.96,10.63,232,173,18,6,Credit Card,1647
2451,-5.0,mumbai,NEW,furniture,26.0,,654910.88,37.0,44,179,6,12,Credit Card,1774
2452,39.0,delhi,Inactive,clothing,28.0,43897.05,1229117.4,29.97,13,144,11,13,debit card,1193
2453,63.0,chennai,premium,books,13.0,7705.78,100175.14,31.08,48,145,6,5,Credit Card,1719
2454,59.0,Chennai,premium,electronics,22.0,14942.79,328741.38,5.49,177,136,20,1,net banking,129
2455,31.0,kolkata,NEW,furniture,41.0,37987.94,1557505.54,36.76,147,66,20,4,Credit Card,607
2456,21.0,delhi,Regular,electronics,23.0,20580.51,473351.73,44.68,175,20,6,10,Debit Card,1099
2457,58.0, Chennai ,regular,Furniture,42.0,11253.45,472644.9,15.51,164,91,16,3,Debit Card,116
2458,57.0,Chennai,premium,groceries,34.0,,1584541.1,19.07,230,29,15,28,net banking,567
2459,20.0,CHENNAI,Inactive,Electronics,10.0,44484.57,444845.7,39.52,337,27,12,9,net banking,1451
2460,53.0,MUMBAI,new,sports,7.0,22078.61,154550.27,5.34,265,100,13,6,credit card,204
2461,54.0,pune,new,books,25.0,22207.77,555194.25,28.96,365,134,6,21,Debit Card,357
2462,44.0,CHENNAI,new,books,3.0,36111.15,108333.45,43.24,171,138,6,2,Debit Card,553
2463,40.0,Pune,premium,furniture,23.0,21388.11,491926.53,21.99,77,140,11,7,UPI,520
2464,33.0,,inactive,furniture,50.0,38173.69,1908684.5,8.15,82,100,12,42,CREDIT CARD,223
2465,47.0,,REGULAR,Furniture,3.0,3793.52,11380.56,16.51,138,109,13,3,Cash,1809
2466,31.0,Chennai,Regular,Electronics,10.0,,395403.1,17.05,81,119,5,7,upi,910
2467,55.0,Pune,inactive,Clothing,17.0,16174.46,274965.82,31.9,364,16,5,10,CREDIT CARD,1821
2468,51.0,bangalore,regular,groceries,7.0,48429.9,339009.3,0.22,279,120,6,0,net banking,1185
2469,48.0,Mumbai,Premium,Sports,30.0,38393.52,1151805.6,11.19,86,124,15,15,Net Banking,1559
2470,66.0, Chennai ,premium,Books,33.0,14978.23,494281.59,15.95,355,188,15,32,upi,436
2471,18.0,chennai,Premium,GROCERIES,6.0,7748.13,46488.78,2.4,73,184,8,1,Debit Card,634
2472,61.0,DELHI,new,Clothing,44.0,48233.44,2122271.36,17.44,338,124,14,30,credit card,1581
2473,57.0,Hyderabad,premium,Sports,38.0,29336.93,1114803.34,23.74,193,94,19,27,UPI,1610
2474,43.0,BANGALORE,new,groceries,19.0,2514.25,47770.75,30.47,349,97,16,7,Debit Card,618
2475,67.0,delhi,Premium,Electronics,40.0,35813.3,1432532.0,7.62,145,36,12,23,Debit Card,1628
2476,47.0,MUMBAI,PREMIUM,ELECTRONICS,6.0,29183.04,175098.24,38.01,125,160,0,3,Credit Card,771
2477,62.0,DELHI,new,Sports,16.0,21356.0,341696.0,38.11,172,127,20,3,credit card,703
2478,20.0, Chennai ,Premium,electronics,26.0,35587.54,925276.04,45.48,215,3,0,16,Credit Card,305
2479,43.0,bangalore,NEW,furniture,46.0,10842.28,498744.88,13.08,240,87,19,29,net banking,1778
2480,31.0,Delhi,REGULAR,clothing,33.0,25269.49,833893.17,10.35,252,23,19,11,credit card,610
2481,54.0,BANGALORE,new,furniture,6.0,41001.0,246006.0,19.22,364,130,13,5,upi,1777
2482,36.0,Delhi,PREMIUM,Electronics,14.0,5035.15,70492.1,49.75,254,178,4,13,cash,864
2483,45.0,bangalore,PREMIUM,Books,34.0,7528.36,255964.24,19.64,171,68,18,10,Net Banking,1401
2484,26.0,DELHI,Premium,Electronics,3.0,34615.7,103847.1,36.73,337,37,0,3,cash,131
2485,23.0,DELHI,inactive,sports,25.0,39600.58,990014.5,15.98,302,7,17,24,UPI,603
2486,31.0,Mumbai,new,electronics,26.0,47740.75,1241259.5,10.15,30,166,6,7,UPI,891
2487,59.0,MUMBAI,New,furniture,46.0,38250.04,1759501.84,44.84,7,23,1,3,Credit Card,1236
2488,21.0,,Inactive,furniture,16.0,3765.34,60245.44,22.17,59,187,0,9,net banking,121
2489,29.0,kolkata,inactive,Clothing,22.0,35101.51,772233.22,13.93,172,140,19,5,Cash,1428
2490,21.0,Delhi,Premium,clothing,46.0,11420.94,525363.24,22.17,218,23,7,26,upi,378
2491,52.0,Chennai,NEW,Books,6.0,7446.36,44678.16,6.86,326,110,16,0,UPI,1777
2492,66.0,pune,regular,Books,30.0,44759.41,1342782.3,49.07,235,1,11,29,Debit Card,180
2493,23.0,chennai,REGULAR,Sports,36.0,47370.44,1705335.84,33.72,126,3,19,27,Net Banking,445
2494,56.0,hyderabad,Inactive,Furniture,19.0,48947.23,929997.37,4.73,300,32,9,4,cash,894
2495,56.0,Delhi,new,groceries,47.0,43243.96,2032466.12,32.38,54,104,15,27,Net Banking,1443
2496,24.0,kolkata,new,GROCERIES,26.0,43551.78,1132346.28,6.26,272,139,6,13,Debit Card,915
2497,52.0,kolkata,inactive,Sports,23.0,1716.45,39478.35,36.44,204,199,20,5,Net Banking,852
2498,29.0,pune,PREMIUM,ELECTRONICS,28.0,21896.64,613105.92,22.19,354,132,0,18,Debit Card,946
2499,59.0,BANGALORE,premium,groceries,21.0,8865.9,186183.9,27.51,329,155,17,19,Credit Card,979
2500,36.0,pune,Inactive,Clothing,21.0,28497.23,598441.83,5.31,166,88,19,15,Net Banking,982
2501,27.0,Hyderabad,REGULAR,furniture,32.0,19319.01,618208.32,1.25,97,143,11,1,UPI,90
2502,22.0,DELHI,premium,Books,29.0,5913.34,171486.86,47.36,199,85,15,17,Cash,415
2503,54.0,CHENNAI,PREMIUM,furniture,23.0,43436.43,999037.89,17.55,48,137,17,14,credit card,1357
2504,25.0,DELHI,NEW,groceries,3.0,3276.08,9828.24,32.57,23,2,19,1,debit card,582
2505,56.0,mumbai,NEW,GROCERIES,,41845.9,1506452.4,24.56,328,119,1,0,cash,64
2506,67.0,Mumbai,Inactive,Clothing,2.0,6612.81,13225.62,36.55,77,88,20,0,credit card,1348
2507,50.0,BANGALORE,inactive,Electronics,32.0,14124.23,451975.36,28.58,12,103,20,22,CREDIT CARD,401
2508,28.0,Delhi,Regular,groceries,39.0,10935.62,426489.18,5.95,288,5,12,10,Credit Card,57
2509,68.0,Kolkata,inactive,Clothing,2.0,47050.8,94101.6,40.62,89,99,20,2,upi,314
2510,34.0,pune,new,Groceries,16.0,23743.89,379902.24,39.63,326,74,0,10,Net Banking,1631
2511,62.0,CHENNAI,inactive,Books,18.0,15601.24,280822.32,47.3,306,95,13,15,debit card,131
2512,64.0,BANGALORE,NEW,GROCERIES,14.0,18413.41,257787.74,15.2,191,57,8,5,credit card,604
2513,42.0,Hyderabad,NEW,Furniture,43.0,41224.7,1772662.1,17.7,264,51,8,32,Debit Card,1640
2514,36.0,Pune,Regular,Sports,23.0,32918.25,757119.75,47.23,323,41,13,15,Debit Card,919
2515,43.0,DELHI,NEW,Groceries,16.0,8135.74,130171.84,43.03,236,122,11,16,Net Banking,39
2516,50.0,DELHI,Regular,ELECTRONICS,50.0,44249.18,2212459.0,20.43,313,144,6,42,cash,545
2517,37.0,Delhi,New,furniture,45.0,17192.22,773649.9,26.78,183,7,9,20,Credit Card,769
2518,64.0,chennai,Inactive,ELECTRONICS,35.0,,483785.05,23.17,5,14,14,12,debit card,382
2519,66.0,MUMBAI,Inactive,Electronics,45.0,23638.31,1063723.95,11.36,251,37,18,20,debit card,1330
2520,68.0,bangalore,inactive,Sports,44.0,736.97,32426.68,28.11,15,17,13,8,UPI,1175
2521,40.0, Chennai ,REGULAR,Electronics,44.0,7066.44,310923.36,34.86,3,77,10,1,cash,408
2522,53.0, Chennai ,regular,Clothing,22.0,11735.3,258176.6,3.24,238,153,8,21,cash,1406
2523,61.0,Delhi,Regular,Books,32.0,31211.81,998777.92,41.62,170,49,2,6,credit card,321
2524,33.0,bangalore,Inactive,Electronics,18.0,,894439.08,8.34,184,48,14,8,CREDIT CARD,1159
2525,45.0,BANGALORE,PREMIUM,Books,43.0,17525.33,753589.19,34.6,269,94,15,14,net banking,424
2526,53.0,bangalore,REGULAR,clothing,22.0,47750.72,1050515.84,12.98,221,11,19,20,credit card,1227
2527,32.0,Bangalore,premium,electronics,31.0,33445.33,1036805.23,46.16,177,92,10,14,Net Banking,1460
2528,20.0,Hyderabad,PREMIUM,GROCERIES,12.0,27418.91,329026.92,5.38,234,52,7,7,debit card,819
2529,24.0,Mumbai,premium,Sports,21.0,41607.54,873758.34,18.73,217,185,5,13,debit card,237
2530,29.0,Hyderabad,Premium,Furniture,17.0,26523.09,450892.53,25.56,336,114,12,5,Credit Card,1236
2531,57.0,chennai,New,furniture,15.0,4649.9,69748.5,41.61,124,6,7,10,credit card,922
2532,65.0,Kolkata,Premium,clothing,22.0,2108.06,46377.32,16.5,316,152,17,4,CREDIT CARD,1416
2533,63.0,Hyderabad,new,Clothing,44.0,40289.54,1772739.76,47.38,111,72,7,33,net banking,1116
2534,20.0,DELHI,NEW,Groceries,6.0,33049.75,198298.5,32.51,30,38,11,4,Debit Card,850
2535,37.0,bangalore,Premium,books,44.0,7665.26,337271.44,8.79,122,28,7,16,CREDIT CARD,995
2536,41.0,bangalore,new,groceries,30.0,9647.87,289436.1,30.48,57,184,10,9,Cash,79
2537,65.0,DELHI,inactive,clothing,13.0,44817.36,582625.68,26.07,363,52,20,4,Debit Card,922
2538,57.0,bangalore,Regular,Books,6.0,44386.63,266319.78,34.28,81,171,18,3,Net Banking,273
2539,61.0, Chennai ,REGULAR,Electronics,27.0,7780.33,210068.91,29.23,345,120,19,4,upi,1632
2540,39.0,CHENNAI,new,Clothing,11.0,25707.06,282777.66,42.09,73,176,19,1,Credit Card,1527
2541,50.0,Kolkata,Regular,books,40.0,8203.18,328127.2,4.9,282,64,12,36,credit card,1641
2542,38.0,hyderabad,Regular,Sports,30.0,22039.9,661197.0,24.2,14,92,4,18,net banking,1427
2543,46.0,Kolkata,Premium,GROCERIES,42.0,14954.87,628104.54,42.52,317,187,2,23,Debit Card,145
2544,,delhi,REGULAR,Electronics,1.0,40538.79,40538.79,8.88,68,199,20,1,net banking,529
2545,53.0,Kolkata,NEW,furniture,3.0,44409.19,133227.57,37.24,159,164,11,0,CREDIT CARD,1247
2546,38.0,kolkata,New,GROCERIES,49.0,20131.74,986455.26,11.89,25,70,0,38,Debit Card,589
2547,44.0,hyderabad,inactive,Groceries,20.0,31458.97,629179.4,26.82,75,62,13,17,net banking,227
2548,20.0,CHENNAI,Regular,books,36.0,33419.02,1203084.72,22.32,37,13,10,6,Debit Card,530
2549,35.0,BANGALORE,Premium,electronics,35.0,15869.97,555448.95,7.44,51,61,17,35,CREDIT CARD,770
2550,68.0,Delhi,PREMIUM,Electronics,50.0,27733.58,1386679.0,9.85,40,193,12,33,credit card,1512
2551,67.0,Hyderabad,Regular,groceries,1.0,12259.17,12259.17,28.27,342,175,2,1,Debit Card,1541
2552,42.0,Chennai,new,sports,33.0,29829.29,984366.57,15.31,249,110,15,11,Credit Card,117
2553,,bangalore,PREMIUM,electronics,17.0,35088.09,596497.53,4.99,26,122,0,14,credit card,918
2554,33.0,delhi,NEW,Groceries,2.0,39825.56,79651.12,33.56,311,83,3,0,Debit Card,969
2555,18.0,kolkata,REGULAR,electronics,49.0,5951.39,291618.11,39.05,42,160,8,41,debit card,770
2556,34.0,bangalore,New,furniture,31.0,7517.52,233043.12,19.77,174,100,3,11,Net Banking,906
2557,49.0,CHENNAI,Regular,GROCERIES,29.0,36850.9,1068676.1,40.54,353,194,16,16,upi,1566
2558,27.0,Hyderabad,Regular,furniture,23.0,20339.2,467801.6,6.72,206,196,12,14,net banking,478
2559,19.0,bangalore,REGULAR,GROCERIES,14.0,23208.94,324925.16,9.78,269,123,9,13,Credit Card,369
2560,-5.0,Mumbai,Regular,Sports,42.0,46417.65,1949541.3,38.07,148,171,12,4,debit card,638
2561,68.0,BANGALORE,New,ELECTRONICS,32.0,21501.01,688032.32,36.38,1,76,3,4,Net Banking,882
2562,67.0, Chennai ,inactive,clothing,12.0,31497.37,377968.44,5.11,96,76,16,3,credit card,1260
2563,43.0,Pune,New,Clothing,27.0,13465.63,363572.01,1.36,129,100,10,12,net banking,1187
2564,42.0,pune,NEW,GROCERIES,2.0,11214.31,22428.62,27.56,119,1,0,1,net banking,480
2565,49.0,Delhi,New,sports,15.0,34659.71,519895.65,3.94,177,148,5,4,Cash,262
2566,60.0,mumbai,new,Electronics,25.0,16826.61,420665.25,11.15,33,12,8,1,upi,1551
2567,61.0,Mumbai,Inactive,electronics,6.0,27389.2,164335.2,8.52,263,41,8,3,credit card,1092
2568,30.0,Chennai,premium,Furniture,8.0,22594.33,180754.64,29.17,206,167,1,7,UPI,1416
2569,46.0,kolkata,Inactive,sports,47.0,26271.67,1234768.49,12.6,296,123,9,37,Cash,949
2570,57.0,chennai,REGULAR,ELECTRONICS,9.0,5769.55,51925.95,6.21,143,140,13,5,upi,758
2571,51.0, Chennai ,NEW,furniture,35.0,33314.02,1165990.7,49.75,5,111,2,31,Debit Card,1324
2572,,Bangalore,New,books,16.0,5188.29,83012.64,20.4,49,44,19,14,UPI,1735
2573,40.0,hyderabad,PREMIUM,sports,49.0,21013.68,1029670.32,20.93,157,156,13,13,Net Banking,1178
2574,50.0,CHENNAI,premium,furniture,14.0,26515.01,371210.14,34.49,303,166,18,14,Cash,139
2575,43.0,kolkata,PREMIUM,sports,4.0,6134.52,24538.08,10.36,7,128,2,3,Net Banking,742
2576,30.0,mumbai,premium,groceries,15.0,40222.55,603338.25,34.55,216,31,7,2,Net Banking,1287
2577,51.0,Bangalore,regular,furniture,3.0,37838.49,113515.47,2.27,353,155,1,1,Net Banking,1407
2578,28.0,bangalore,regular,Groceries,34.0,38937.98,1323891.32,25.18,175,178,13,15,cash,1254
2579,55.0,Pune,premium,ELECTRONICS,31.0,42605.26,1320763.06,49.96,112,155,20,9,CREDIT CARD,689
2580,67.0,Bangalore,premium,GROCERIES,18.0,3952.12,71138.16,30.01,95,83,17,2,cash,1543
2581,34.0,Kolkata,New,ELECTRONICS,7.0,41035.57,287248.99,49.57,362,49,12,0,credit card,1455
2582,52.0,BANGALORE,Regular,furniture,39.0,13425.45,523592.55,12.91,107,186,17,16,UPI,508
2583,,Bangalore,New,Clothing,50.0,3109.7,155485.0,12.12,241,154,12,33,cash,1539
2584,39.0,chennai,inactive,furniture,28.0,34940.29,978328.12,15.29,297,138,14,4,cash,598
2585,64.0,chennai,NEW,sports,40.0,30464.91,1218596.4,8.79,56,118,15,40,Debit Card,703
2586,59.0,CHENNAI,New,groceries,33.0,3686.41,121651.53,43.87,111,160,15,12,upi,957
2587,19.0,,PREMIUM,electronics,31.0,33014.68,1023455.08,35.33,6,181,5,19,CREDIT CARD,1362
2588,28.0,mumbai,regular,electronics,45.0,31028.1,1396264.5,43.98,118,16,13,43,Debit Card,408
2589,64.0,Delhi,New,Groceries,20.0,45138.48,902769.6,4.71,279,26,20,9,debit card,579
2590,28.0,DELHI,NEW,books,18.0,8187.42,147373.56,49.26,16,41,8,7,UPI,44
2591,62.0,DELHI,new,groceries,23.0,35226.81,810216.63,46.9,61,172,16,13,cash,163
2592,39.0,Hyderabad,regular,Electronics,40.0,40233.98,1609359.2,14.25,159,127,11,12,Cash,1134
2593,57.0,CHENNAI,Regular,GROCERIES,3.0,16335.99,49007.97,41.54,69,77,10,0,cash,1327
2594,57.0,chennai,NEW,books,12.0,19584.4,235012.8,3.8,37,7,20,3,UPI,815
2595,38.0,delhi,PREMIUM,sports,37.0,29884.8,1105737.6,8.77,325,45,7,30,upi,1486
2596,42.0,Hyderabad,Inactive,Sports,28.0,30197.44,845528.32,38.77,292,89,7,7,net banking,815
2597,23.0,pune,regular,electronics,5.0,31443.07,157215.35,27.09,99,156,0,4,Debit Card,1634
2598,68.0,DELHI,PREMIUM,clothing,42.0,31730.84,1332695.28,7.44,2,97,13,11,net banking,1555
2599,30.0,delhi,New,Clothing,13.0,40394.69,525130.97,33.73,276,155,7,3,debit card,457
2600,48.0,bangalore,premium,sports,34.0,19371.82,658641.88,45.13,131,188,1,32,upi,1619
2601,69.0,bangalore,regular,ELECTRONICS,19.0,12829.92,243768.48,28.1,197,159,4,17,UPI,733
2602,19.0,hyderabad,regular,Clothing,22.0,41149.03,905278.66,1.09,178,42,17,20,net banking,1682
2603,57.0,bangalore,Inactive,clothing,31.0,42254.64,1309893.84,43.28,128,146,13,27,debit card,699
2604,31.0,Bangalore,Inactive,electronics,31.0,20540.45,636753.95,2.24,235,32,17,12,Credit Card,107
2605,66.0,pune,Inactive,Groceries,18.0,7250.52,130509.36,25.43,234,55,8,9,Cash,1351
2606,43.0,,NEW,groceries,28.0,22773.71,637663.88,26.94,297,67,14,0,upi,1465
2607,24.0,hyderabad,inactive,Electronics,28.0,29419.98,823759.44,4.25,134,160,14,2,credit card,83
2608,66.0,MUMBAI,NEW,clothing,46.0,46650.94,2145943.24,22.4,173,101,15,22,upi,915
2609,64.0,Bangalore,Premium,Sports,22.0,4290.39,94388.58,36.4,217,6,3,12,Net Banking,1386
2610,36.0,delhi,Inactive,sports,44.0,9444.75,415569.0,14.2,107,95,19,40,upi,1208
2611,51.0,Bangalore,Premium,clothing,21.0,38093.7,799967.7,0.83,172,105,13,18,Debit Card,1022
2612,39.0,DELHI,Premium,ELECTRONICS,46.0,37594.8,1729360.8,13.21,92,144,13,4,Net Banking,1732
2613,62.0,Pune,Inactive,ELECTRONICS,22.0,40176.1,883874.2,6.22,18,34,10,1,cash,1789
2614,33.0,Pune,REGULAR,books,46.0,49950.1,2297704.6,21.39,89,194,12,19,net banking,1647
2615,22.0,Hyderabad,Regular,Furniture,42.0,14732.34,618758.28,12.22,209,144,1,42,upi,431
2616,38.0,kolkata,REGULAR,Clothing,2.0,36144.48,72288.96,4.23,41,196,4,1,net banking,1213
2617,42.0,Bangalore,premium,Books,40.0,32601.85,1304074.0,0.08,151,165,16,23,CREDIT CARD,1808
2618,63.0,Kolkata,new,Groceries,34.0,19114.37,649888.58,23.74,111,100,10,26,CREDIT CARD,135
2619,30.0,Hyderabad,Regular,clothing,20.0,34160.14,683202.8,10.56,305,67,12,16,Cash,803
2620,65.0,Delhi,Regular,electronics,35.0,4061.0,142135.0,48.15,101,57,11,28,cash,893
2621,23.0,Kolkata,Premium,GROCERIES,15.0,41990.82,629862.3,44.3,155,72,11,14,Net Banking,906
2622,29.0,Hyderabad,PREMIUM,groceries,,47188.45,755015.2,22.22,161,179,1,0,Cash,1165
2623,,Kolkata,new,clothing,32.0,48326.33,1546442.56,42.93,314,70,9,15,debit card,1748
2624,50.0,Bangalore,PREMIUM,furniture,23.0,42497.86,977450.78,22.31,236,65,0,7,Net Banking,827
2625,47.0,Hyderabad,NEW,GROCERIES,19.0,1738.6,33033.4,43.61,12,123,13,14,UPI,194
2626,37.0,hyderabad,REGULAR,Clothing,20.0,4869.21,97384.2,15.85,242,197,6,20,Debit Card,151
2627,57.0,pune,Premium,Books,3.0,32345.81,97037.43,2.33,143,190,1,3,UPI,845
2628,40.0,kolkata,PREMIUM,Clothing,48.0,,714239.04,13.17,126,135,10,41,cash,895
2629,41.0,Delhi,REGULAR,ELECTRONICS,13.0,43313.5,563075.5,6.51,211,111,1,10,cash,1404
2630,66.0,Chennai,Premium,clothing,30.0,1930.71,57921.3,49.98,41,18,1,23,Debit Card,1698
2631,37.0,pune,inactive,Groceries,27.0,4350.93,117475.11,30.0,307,129,18,18,upi,1737
2632,38.0,CHENNAI,premium,Furniture,7.0,34300.94,240106.58,15.91,111,192,14,4,upi,903
2633,22.0,DELHI,regular,GROCERIES,29.0,21539.99,624659.71,4.65,330,196,20,13,net banking,1027
2634,60.0,Chennai,regular,sports,30.0,36787.34,1103620.2,20.58,344,167,12,17,CREDIT CARD,1480
2635,57.0,Chennai,REGULAR,sports,9.0,18758.58,168827.22,17.15,308,151,11,0,net banking,1344
2636,57.0,CHENNAI,regular,sports,11.0,35218.49,387403.39,34.58,2,187,5,9,CREDIT CARD,1046
2637,45.0,DELHI,Premium,Groceries,18.0,41989.71,755814.78,34.02,320,137,13,5,CREDIT CARD,167
2638,34.0,chennai,REGULAR,electronics,14.0,43845.69,613839.66,26.6,193,9,9,7,debit card,953
2639,33.0,MUMBAI,NEW,furniture,6.0,13039.86,78239.16,36.66,257,87,5,2,Net Banking,642
2640,37.0,Mumbai,Premium,Clothing,21.0,30482.53,640133.13,14.1,9,192,5,7,net banking,1014
2641,59.0,Delhi,REGULAR,electronics,35.0,45830.95,1604083.25,34.1,209,106,9,31,Net Banking,649
2642,24.0,MUMBAI,premium,Clothing,24.0,4279.57,102709.68,33.72,5,37,11,16,UPI,430
2643,35.0,Hyderabad,REGULAR,Furniture,6.0,17788.46,106730.76,47.54,270,199,17,2,cash,373
2644,62.0, Chennai ,new,Furniture,39.0,16729.48,652449.72,43.84,318,15,18,33,debit card,1475
2645,61.0,CHENNAI,PREMIUM,Furniture,25.0,16849.46,421236.5,40.38,57,97,14,11,Cash,394
2646,31.0,Pune,Regular,books,7.0,29586.03,207102.21,15.55,293,24,17,0,Credit Card,431
2647,52.0,,regular,books,25.0,9859.39,246484.75,6.36,311,45,9,5,credit card,1441
2648,56.0,bangalore,Inactive,GROCERIES,48.0,42138.61,2022653.28,48.9,27,151,3,11,credit card,1084
2649,38.0,Mumbai,new,Clothing,19.0,4988.56,94782.64,4.36,206,23,6,7,credit card,710
2650,59.0,bangalore,REGULAR,Clothing,4.0,47637.36,190549.44,16.04,20,49,1,2,debit card,51
2651,46.0,hyderabad,NEW,electronics,43.0,35754.4,1537439.2,44.69,316,190,13,23,Cash,1154
2652,37.0,Bangalore,REGULAR,GROCERIES,27.0,37200.41,1004411.07,35.4,122,192,9,10,debit card,275
2653,68.0,Pune,PREMIUM,furniture,,5364.89,203865.82,20.33,315,154,8,0,CREDIT CARD,142
2654,44.0,DELHI,inactive,electronics,40.0,45909.37,1836374.8,40.18,12,108,3,24,cash,809
2655,62.0,CHENNAI,Premium,Electronics,49.0,44465.32,2178800.68,42.49,270,163,4,10,cash,542
2656,26.0, Chennai ,New,Furniture,10.0,21161.46,211614.6,25.17,65,39,2,10,Net Banking,758
2657,58.0,BANGALORE,PREMIUM,Sports,25.0,41865.08,1046627.0,28.42,196,38,0,16,Debit Card,1323
2658,35.0,Kolkata,Inactive,Books,46.0,4774.34,219619.64,0.19,177,146,7,8,cash,1667
2659,58.0,bangalore,new,ELECTRONICS,49.0,7067.13,346289.37,31.36,26,181,6,10,CREDIT CARD,92
2660,20.0,hyderabad,regular,Furniture,22.0,30976.39,681480.58,36.75,131,49,17,14,credit card,326
2661,57.0,bangalore,premium,clothing,22.0,9720.18,213843.96,35.86,23,85,16,20,Credit Card,1476
2662,27.0,kolkata,New,Electronics,25.0,2673.93,66848.25,27.62,89,47,8,0,upi,1633
2663,40.0,DELHI,new,clothing,29.0,47753.66,1384856.14,19.96,311,88,1,22,Cash,77
2664,34.0,CHENNAI,inactive,Furniture,47.0,29428.97,1383161.59,16.52,201,177,8,13,Credit Card,222
2665,42.0,Bangalore,inactive,books,23.0,21855.05,502666.15,6.73,264,144,15,16,net banking,1075
2666,46.0,BANGALORE,REGULAR,groceries,45.0,49135.54,2211099.3,48.83,320,61,2,13,upi,1379
2667,21.0,Hyderabad,inactive,ELECTRONICS,9.0,42245.62,380210.58,1.15,46,26,6,8,upi,48
2668,35.0,Kolkata,Inactive,clothing,43.0,37785.19,1624763.17,45.13,41,193,18,39,Credit Card,468
2669,50.0,Chennai,Regular,Groceries,8.0,38116.44,304931.52,36.51,267,151,10,3,net banking,375
2670,63.0,pune,regular,clothing,5.0,29661.51,148307.55,37.67,133,118,18,5,Credit Card,770
2671,32.0,DELHI,new,ELECTRONICS,36.0,12348.74,444554.64,17.92,48,189,13,30,Debit Card,1339
2672,21.0,pune,REGULAR,sports,15.0,6741.68,101125.2,36.51,253,3,17,8,net banking,1584
2673,51.0,BANGALORE,inactive,Furniture,48.0,38626.02,1854048.96,41.74,170,98,4,37,CREDIT CARD,782
2674,67.0,Pune,inactive,ELECTRONICS,11.0,26514.09,291654.99,8.24,275,1,3,8,Debit Card,345
2675,33.0,bangalore,Regular,Electronics,28.0,44964.75,1259013.0,25.71,219,138,9,21,upi,1023
2676,44.0,Kolkata,NEW,Electronics,40.0,47479.96,1899198.4,13.93,283,57,15,17,debit card,1206
2677,38.0,pune,new,Groceries,10.0,4427.8,44278.0,17.87,103,21,15,5,UPI,1430
2678,68.0,Bangalore,Inactive,Sports,11.0,46226.41,508490.51,35.0,251,71,17,11,Net Banking,596
2679,23.0,CHENNAI,inactive,clothing,34.0,19595.7,666253.8,44.37,81,110,14,20,credit card,1748
2680,65.0, Chennai ,Inactive,furniture,32.0,21507.84,688250.88,16.73,138,157,13,22,UPI,177
2681,67.0,bangalore,inactive,groceries,20.0,44392.67,887853.4,30.57,226,136,19,13,Debit Card,1509
2682,18.0,chennai,Inactive,Clothing,23.0,36951.7,849889.1,40.91,32,29,12,6,Credit Card,205
2683,66.0,Bangalore,Inactive,GROCERIES,42.0,32145.42,1350107.64,8.63,144,38,4,33,debit card,1585
2684,52.0,MUMBAI,regular,Books,43.0,30210.02,1299030.86,23.98,211,142,1,36,cash,1094
2685,67.0,delhi,New,Sports,45.0,2941.08,132348.6,4.14,325,130,1,17,Credit Card,1655
2686,31.0,MUMBAI,regular,Furniture,1.0,4063.48,4063.48,42.72,113,113,7,1,net banking,847
2687,43.0,Kolkata,premium,Groceries,21.0,13430.13,282032.73,20.84,9,89,7,18,CREDIT CARD,834
2688,20.0,Hyderabad,new,books,18.0,46604.05,838872.9,41.23,207,163,4,15,CREDIT CARD,128
2689,58.0,Bangalore,Regular,groceries,45.0,42702.02,1921590.9,14.95,294,17,3,38,CREDIT CARD,1485
2690,51.0,bangalore,New,GROCERIES,48.0,31513.6,1512652.8,34.14,257,94,1,10,credit card,761
2691,38.0,MUMBAI,NEW,Clothing,2.0,33842.09,67684.18,22.7,164,141,4,0,CREDIT CARD,821
2692,29.0,Hyderabad,regular,Clothing,39.0,18853.64,735291.96,23.88,263,69,9,25,Credit Card,943
2693,53.0,Chennai,new,books,22.0,4568.21,100500.62,39.06,289,179,18,3,Cash,1063
2694,22.0,hyderabad,new,Groceries,24.0,3891.82,93403.68,28.63,353,71,9,3,debit card,1267
2695,67.0,mumbai,REGULAR,Clothing,44.0,5465.36,240475.84,45.88,318,139,5,33,cash,1586
2696,33.0,kolkata,inactive,Groceries,43.0,28733.04,1235520.72,13.61,228,112,11,24,UPI,1222
2697,20.0,Kolkata,Premium,Groceries,21.0,15498.12,325460.52,30.64,333,182,6,20,debit card,485
2698,67.0,Hyderabad,NEW,GROCERIES,43.0,24885.15,1070061.45,16.81,211,145,5,9,Credit Card,1729
2699,55.0,delhi,Inactive,books,4.0,24600.41,98401.64,47.33,356,62,9,0,UPI,461
2700,41.0,pune,new,GROCERIES,8.0,49708.41,397667.28,33.2,57,32,10,4,Net Banking,961
2701,32.0,DELHI,Inactive,clothing,16.0,33329.01,533264.16,40.93,338,68,17,15,CREDIT CARD,384
2702,40.0,bangalore,new,Furniture,22.0,20363.9,448005.8,5.19,176,70,20,20,Net Banking,662
2703,24.0,BANGALORE,NEW,Groceries,42.0,19017.58,798738.36,10.7,341,81,4,15,CREDIT CARD,1128
2704,41.0,bangalore,REGULAR,Furniture,2.0,41782.5,83565.0,33.71,299,89,15,2,Cash,647
2705,49.0,bangalore,NEW,electronics,42.0,20734.82,870862.44,2.22,272,198,8,40,cash,270
2706,67.0,MUMBAI,New,ELECTRONICS,16.0,11063.55,177016.8,36.8,327,78,14,0,debit card,67
2707,47.0, Chennai ,regular,groceries,38.0,49856.02,1894528.76,22.23,50,66,15,37,Net Banking,1505
2708,69.0,Delhi,regular,electronics,36.0,17790.32,640451.52,15.97,175,11,16,13,Net Banking,610
2709,41.0,BANGALORE,Premium,electronics,30.0,1757.22,52716.6,30.42,199,26,0,2,Net Banking,742
2710,57.0,Chennai,inactive,books,3.0,38019.94,114059.82,21.92,19,99,14,2,Cash,98
2711,49.0,Pune,New,sports,39.0,9315.85,363318.15,26.45,161,175,3,25,CREDIT CARD,254
2712,65.0,bangalore,Inactive,Books,50.0,12199.36,609968.0,27.48,300,109,14,25,cash,541
2713,-5.0,MUMBAI,New,GROCERIES,16.0,18716.71,299467.36,33.69,183,181,16,13,Credit Card,1031
2714,21.0,hyderabad,PREMIUM,ELECTRONICS,35.0,27147.38,950158.3,13.5,44,55,7,22,credit card,1572
2715,30.0,Chennai,premium,clothing,13.0,2832.85,36827.05,23.4,159,43,15,10,debit card,1288
2716,32.0,Hyderabad,New,books,44.0,46182.76,2032041.44,15.68,365,198,18,26,Net Banking,1604
2717,70.0,CHENNAI,regular,Furniture,2.0,10202.85,20405.7,38.38,342,3,1,1,cash,1506
2718,32.0,bangalore,inactive,groceries,24.0,28255.63,678135.12,7.67,13,132,5,10,CREDIT CARD,1400
2719,44.0,Delhi,new,Books,38.0,47325.8,1798380.4,35.38,35,37,16,33,upi,908
2720,55.0, Chennai ,premium,Books,9.0,33774.85,303973.65,47.85,86,20,8,2,UPI,1805
2721,28.0,BANGALORE,premium,electronics,38.0,24716.98,939245.24,32.1,291,38,10,19,upi,1582
2722,66.0,Bangalore,new,clothing,41.0,31641.22,1297290.02,18.88,191,180,6,11,UPI,1435
2723,70.0,Bangalore,regular,clothing,5.0,5914.08,29570.4,4.88,353,137,10,0,Debit Card,812
2724,46.0,MUMBAI,NEW,Electronics,44.0,17237.31,758441.64,2.9,283,166,20,34,credit card,1443
2725,55.0,MUMBAI,new,books,47.0,21727.55,1021194.85,15.05,52,138,8,31,credit card,562
2726,42.0,Mumbai,PREMIUM,Electronics,5.0,13421.26,67106.3,26.11,102,63,10,2,Credit Card,229
2727,25.0,mumbai,new,ELECTRONICS,35.0,10749.41,376229.35,19.46,101,1,16,30,upi,626
2728,47.0,Kolkata,Premium,sports,37.0,1023.07,37853.59,21.09,341,124,13,6,net banking,515
2729,67.0,hyderabad,New,ELECTRONICS,48.0,30383.16,1458391.68,0.13,216,168,15,44,credit card,1333
2730,44.0,mumbai,premium,GROCERIES,10.0,2568.93,25689.3,27.28,265,102,17,0,cash,643
2731,24.0,kolkata,New,books,37.0,11507.33,425771.21,11.31,344,42,12,19,cash,702
2732,68.0,BANGALORE,regular,furniture,28.0,23629.77,661633.56,5.46,314,22,12,1,UPI,1500
2733,61.0,Delhi,Inactive,Sports,2.0,19651.73,39303.46,45.59,292,9,18,2,Net Banking,1351
2734,18.0,Delhi,regular,ELECTRONICS,22.0,40810.36,897827.92,49.9,362,153,14,21,Credit Card,282
2735,53.0,CHENNAI,REGULAR,Furniture,37.0,5442.13,201358.81,19.86,279,37,18,25,Net Banking,52
2736,47.0,delhi,PREMIUM,electronics,22.0,46152.54,1015355.88,3.35,128,164,12,4,UPI,381
2737,43.0,Chennai,PREMIUM,ELECTRONICS,8.0,21460.46,171683.68,36.75,13,141,16,7,UPI,1653
2738,35.0,kolkata,Premium,ELECTRONICS,39.0,11979.3,467192.7,38.64,189,140,7,32,debit card,423
2739,61.0,CHENNAI,Premium,groceries,24.0,22707.41,544977.84,44.27,168,22,15,9,UPI,549
2740,42.0,pune,Regular,Books,45.0,35447.91,1595155.95,6.11,84,189,2,19,Credit Card,1684
2741,66.0,CHENNAI,PREMIUM,Furniture,16.0,9875.22,158003.52,28.57,189,132,20,15,Cash,1214
2742,18.0,Delhi,REGULAR,Books,49.0,43184.98,2116064.02,22.69,253,127,2,31,Credit Card,423
2743,20.0,bangalore,New,Furniture,29.0,45423.96,1317294.84,44.66,156,19,4,8,upi,39
2744,39.0,CHENNAI,New,clothing,35.0,40552.99,1419354.65,38.04,324,143,18,20,Debit Card,519
2745,46.0,BANGALORE,NEW,clothing,8.0,37924.68,303397.44,22.68,207,118,14,6,Credit Card,49
2746,42.0,delhi,Regular,clothing,21.0,47116.25,989441.25,32.8,301,184,14,21,cash,1398
2747,32.0,CHENNAI,inactive,Books,31.0,38135.06,1182186.86,2.23,116,46,8,26,Net Banking,712
2748,66.0,Kolkata,regular,books,22.0,6257.36,137661.92,0.02,278,72,17,1,Cash,651
2749,62.0,hyderabad,Regular,books,8.0,27299.36,218394.88,49.54,199,6,10,4,CREDIT CARD,1020
2750,21.0,hyderabad,Inactive,Books,38.0,44604.52,1694971.76,17.99,297,184,9,30,upi,1733
2751,25.0, Chennai ,premium,Electronics,31.0,47691.48,1478435.88,28.81,201,79,14,23,debit card,1409
2752,65.0,bangalore,New,Groceries,30.0,7917.97,237539.1,28.26,234,39,5,12,cash,1210
2753,31.0,DELHI,NEW,Groceries,18.0,47192.03,849456.54,34.02,105,149,0,16,debit card,1433
2754,42.0,kolkata,REGULAR,sports,27.0,,28746.63,21.69,303,187,19,5,cash,1500
2755,44.0,CHENNAI,Regular,Furniture,9.0,46608.66,419477.94,39.09,244,9,19,7,Net Banking,964
2756,46.0,bangalore,new,Electronics,49.0,32885.6,1611394.4,28.48,209,37,12,14,Net Banking,989
2757,55.0,mumbai,new,electronics,43.0,39373.57,1693063.51,2.76,225,195,7,22,credit card,296
2758,53.0,Hyderabad,PREMIUM,ELECTRONICS,43.0,39752.2,1709344.6,20.34,335,43,9,12,CREDIT CARD,504
2759,30.0,Delhi,Premium,Books,10.0,11175.92,111759.2,29.47,118,65,8,6,Credit Card,1642
2760,43.0,Chennai,New,furniture,17.0,35532.04,604044.68,34.0,2,103,19,11,cash,297
2761,30.0,Bangalore,new,Furniture,26.0,16494.38,428853.88,7.03,157,24,4,16,UPI,526
2762,48.0,chennai,Premium,Books,25.0,43143.55,1078588.75,13.25,272,143,10,9,net banking,1010
2763,67.0,Bangalore,Regular,electronics,8.0,48111.41,384891.28,31.59,267,3,8,2,UPI,746
2764,37.0,Mumbai,NEW,Books,1.0,16537.18,16537.18,48.72,211,195,9,0,UPI,712
2765,69.0,Chennai,new,Furniture,28.0,27757.1,777198.8,31.88,229,140,12,0,cash,399
2766,20.0,Delhi,Inactive,ELECTRONICS,11.0,6555.99,72115.89,44.39,247,9,2,9,UPI,1177
2767,43.0,Hyderabad,Regular,furniture,50.0,29046.14,1452307.0,6.59,242,145,16,49,Net Banking,356
2768,51.0,Kolkata,Regular,books,45.0,4276.29,192433.05,40.07,159,146,11,26,CREDIT CARD,1210
2769,70.0, Chennai ,new,Sports,37.0,19918.94,737000.78,15.02,219,3,7,12,CREDIT CARD,1139
2770,53.0,kolkata,Premium,GROCERIES,1.0,1459.61,1459.61,3.93,22,46,16,1,debit card,723
2771,61.0,CHENNAI,PREMIUM,Electronics,10.0,34214.73,342147.3,36.53,336,193,0,1,Net Banking,769
2772,37.0,bangalore,regular,electronics,26.0,14133.63,367474.38,24.91,71,169,2,1,debit card,861
2773,44.0,Mumbai,new,Groceries,42.0,37116.21,1558880.82,39.0,183,44,12,36,Net Banking,547
2774,35.0,mumbai,Premium,Clothing,47.0,20213.03,950012.41,24.06,175,75,17,12,Debit Card,57
2775,54.0,bangalore,NEW,GROCERIES,10.0,45153.3,451533.0,34.44,111,102,17,10,Credit Card,902
2776,21.0,CHENNAI,regular,Groceries,29.0,48902.25,1418165.25,7.68,69,103,15,2,debit card,1548
2777,60.0,Pune,REGULAR,Furniture,46.0,5436.29,250069.34,31.71,4,25,11,2,credit card,1188
2778,45.0,Kolkata,Inactive,books,31.0,33630.82,1042555.42,1.39,67,90,2,8,Credit Card,274
2779,53.0,Mumbai,NEW,sports,47.0,17965.17,844362.99,11.91,361,39,18,28,Credit Card,1732
2780,35.0,pune,inactive,books,13.0,37820.57,491667.41,29.27,259,42,18,1,UPI,1126
2781,58.0,bangalore,REGULAR,Books,8.0,4327.6,34620.8,42.12,310,166,14,1,debit card,1261
2782,28.0,Chennai,new,Groceries,30.0,15483.84,464515.2,42.96,159,47,9,17,Net Banking,1723
2783,33.0,pune,New,ELECTRONICS,25.0,6949.16,173729.0,30.06,265,140,7,22,credit card,394
2784,37.0,pune,new,sports,29.0,12163.9,352753.1,46.2,223,182,14,15,CREDIT CARD,1569
2785,34.0,DELHI,Regular,Sports,20.0,10278.87,205577.4,44.17,156,160,14,16,Net Banking,367
2786,56.0,BANGALORE,REGULAR,GROCERIES,8.0,17209.14,137673.12,20.31,365,79,7,8,cash,1356
2787,20.0,mumbai,Inactive,furniture,4.0,38263.51,153054.04,11.32,274,166,0,2,CREDIT CARD,630
2788,48.0,pune,New,Electronics,41.0,2013.27,82544.07,2.49,147,3,19,4,upi,1461
2789,40.0,Kolkata,Regular,GROCERIES,,6808.52,183830.04,43.95,208,98,4,0,UPI,565
2790,56.0,,Premium,Clothing,27.0,39203.56,1058496.12,11.55,305,195,2,22,debit card,1730
2791,58.0,chennai,premium,Sports,22.0,7841.27,172507.94,12.09,364,30,14,5,CREDIT CARD,841
2792,37.0,CHENNAI,regular,GROCERIES,22.0,21344.66,469582.52,48.48,7,3,20,2,net banking,574
2793,26.0,Delhi,Regular,Groceries,40.0,26610.66,1064426.4,36.85,230,79,5,10,Cash,1133
2794,58.0,Delhi,inactive,Books,21.0,31014.61,651306.81,34.22,356,124,15,2,UPI,540
2795,56.0,Chennai,PREMIUM,ELECTRONICS,28.0,38572.83,1080039.24,8.18,155,120,7,12,UPI,51
2796,20.0,MUMBAI,PREMIUM,furniture,37.0,1287.01,47619.37,1.9,326,15,13,19,Net Banking,862
2797,22.0,DELHI,regular,ELECTRONICS,29.0,25410.29,736898.41,12.47,362,84,10,8,cash,137
2798,63.0,DELHI,PREMIUM,Sports,16.0,6684.58,106953.28,30.96,307,37,1,13,Net Banking,774
2799,69.0,delhi,Inactive,Clothing,40.0,10224.42,408976.8,47.8,351,148,12,37,Credit Card,597
2800,38.0,MUMBAI,inactive,furniture,12.0,39663.63,475963.56,34.44,90,132,15,8,Debit Card,714
2801,47.0,MUMBAI,Regular,books,33.0,5381.1,177576.3,11.07,11,124,7,17,UPI,539
2802,58.0,MUMBAI,Premium,ELECTRONICS,15.0,21443.48,321652.2,5.07,92,40,9,15,debit card,74
2803,58.0,pune,NEW,Groceries,13.0,35871.68,466331.84,22.93,29,62,7,5,Credit Card,693
2804,22.0,BANGALORE,Premium,ELECTRONICS,16.0,41164.22,658627.52,16.33,15,125,2,11,UPI,694
2805,52.0,Kolkata,Premium,Books,38.0,47823.1,1817277.8,13.34,358,14,8,9,CREDIT CARD,1356
2806,70.0,DELHI,REGULAR,groceries,20.0,4024.72,80494.4,29.69,81,96,11,2,CREDIT CARD,686
2807,32.0,kolkata,Premium,GROCERIES,50.0,26085.19,1304259.5,29.32,128,188,11,1,UPI,1495
2808,65.0,Delhi,regular,furniture,17.0,46614.23,792441.91,48.71,316,183,15,3,UPI,1447
2809,49.0,Bangalore,REGULAR,GROCERIES,8.0,44759.76,358078.08,19.62,119,45,16,2,debit card,868
2810,33.0,Chennai,New,electronics,48.0,20820.61,999389.28,42.27,39,172,17,42,UPI,1496
2811,45.0,Delhi,REGULAR,ELECTRONICS,1.0,43763.04,43763.04,0.04,224,19,10,0,debit card,345
2812,21.0,Bangalore,Inactive,Furniture,43.0,19577.91,841850.13,40.43,342,167,13,38,Net Banking,973
2813,22.0,DELHI,Regular,Sports,14.0,34790.15,487062.1,21.12,259,11,18,0,credit card,120
2814,23.0,DELHI,New,sports,7.0,42554.17,297879.19,36.63,308,39,15,1,net banking,1246
2815,31.0,chennai,regular,Books,26.0,32993.96,857842.96,19.29,125,143,16,3,upi,1070
2816,48.0,Pune,REGULAR,electronics,34.0,40956.36,1392516.24,17.66,216,153,1,22,cash,102
2817,60.0,pune,New,Groceries,26.0,38057.9,989505.4,26.82,83,98,15,5,net banking,100
2818,18.0,Kolkata,PREMIUM,sports,32.0,8251.35,264043.2,0.09,327,142,3,18,Net Banking,346
2819,58.0,MUMBAI,new,Clothing,23.0,21288.76,489641.48,0.89,265,58,0,17,Debit Card,131
2820,67.0,BANGALORE,Inactive,GROCERIES,34.0,38131.64,1296475.76,29.2,292,96,3,16,UPI,611
2821,56.0,Pune,Regular,groceries,30.0,44639.09,1339172.7,13.01,247,68,18,1,upi,806
2822,51.0,kolkata,New,GROCERIES,24.0,3884.72,93233.28,28.06,252,26,2,13,debit card,755
2823,45.0,chennai,REGULAR,Sports,,39882.46,1555415.94,41.05,107,78,7,0,net banking,129
2824,58.0,hyderabad,Regular,furniture,10.0,1304.75,13047.5,1.62,179,136,11,6,UPI,1583
2825,68.0,MUMBAI,Regular,Books,31.0,35323.54,1095029.74,24.11,124,5,6,6,upi,1044
2826,62.0,Pune,new,electronics,38.0,39246.85,1491380.3,41.98,56,96,9,35,Net Banking,1408
2827,27.0,Chennai,premium,ELECTRONICS,17.0,33406.92,567917.64,6.92,192,75,10,10,Credit Card,1377
2828,21.0,Bangalore,regular,furniture,3.0,25610.4,76831.2,37.22,19,171,18,1,Cash,1763
2829,49.0,BANGALORE,inactive,GROCERIES,16.0,26261.21,420179.36,23.92,159,97,3,12,Debit Card,57
2830,30.0,DELHI,Regular,Furniture,15.0,38736.13,581041.95,2.97,16,149,2,9,Debit Card,670
2831,28.0,DELHI,Inactive,Clothing,2.0,24840.07,49680.14,48.68,143,28,14,2,Cash,1348
2832,44.0,Bangalore,regular,groceries,49.0,19680.55,964346.95,25.6,255,178,6,22,credit card,1098
2833,56.0,BANGALORE,PREMIUM,ELECTRONICS,22.0,8182.54,180015.88,38.9,324,104,1,0,CREDIT CARD,290
2834,33.0,chennai,PREMIUM,Clothing,19.0,2428.17,46135.23,19.11,240,116,3,5,UPI,191
2835,60.0,bangalore,NEW,furniture,48.0,2652.25,127308.0,13.12,265,162,5,32,Credit Card,719
2836,22.0,Hyderabad,New,groceries,3.0,35627.08,106881.24,40.05,93,56,18,1,Net Banking,1109
2837,53.0,DELHI,regular,GROCERIES,41.0,30903.46,1267041.86,29.19,196,50,13,5,UPI,317
2838,48.0,BANGALORE,Inactive,Groceries,36.0,40610.52,1461978.72,42.78,145,78,9,9,Credit Card,326
2839,28.0,delhi,NEW,ELECTRONICS,17.0,27066.21,460125.57,41.82,98,186,2,7,Net Banking,510
2840,47.0,CHENNAI,regular,Groceries,3.0,11705.01,35115.03,3.68,57,137,1,1,upi,1420
2841,42.0,pune,premium,clothing,8.0,30412.0,243296.0,12.43,294,105,0,6,credit card,80
2842,34.0,hyderabad,premium,books,33.0,28609.11,944100.63,37.22,53,149,19,8,UPI,1764
2843,42.0,Mumbai,regular,sports,32.0,20755.74,664183.68,27.61,109,75,2,2,Debit Card,566
2844,23.0,,premium,Clothing,,3953.15,193704.35,5.18,288,163,3,0,Credit Card,730
2845,23.0,Delhi,PREMIUM,Groceries,41.0,6234.29,255605.89,43.69,343,1,9,19,Net Banking,108
2846,50.0,bangalore,New,Electronics,37.0,37369.59,1382674.83,39.62,198,117,3,18,cash,1704
2847,50.0,hyderabad,NEW,Clothing,5.0,1578.16,7890.8,5.23,182,196,12,2,UPI,1000
2848,26.0,Mumbai,new,Groceries,43.0,48847.48,2100441.64,29.98,28,117,8,1,Debit Card,469
2849,46.0,delhi,regular,furniture,41.0,29240.91,1198877.31,46.06,269,116,0,38,Debit Card,535
2850,56.0, Chennai ,Regular,groceries,48.0,48498.69,2327937.12,30.74,46,48,20,25,debit card,175
2851,18.0,BANGALORE,Premium,Clothing,11.0,21618.05,237798.55,40.45,180,60,2,11,cash,1169
2852,20.0,bangalore,new,groceries,16.0,4835.66,77370.56,41.83,42,7,17,12,cash,710
2853,36.0,Hyderabad,premium,ELECTRONICS,21.0,11680.04,245280.84,1.87,148,6,1,8,Net Banking,625
2854,51.0,BANGALORE,new,furniture,20.0,43902.29,878045.8,18.93,326,163,18,16,Cash,586
2855,50.0,delhi,NEW,electronics,30.0,1099.79,32993.7,32.48,208,28,0,1,Net Banking,1664
2856,47.0,Chennai,premium,GROCERIES,32.0,47509.37,1520299.84,38.26,114,168,15,20,Cash,664
2857,56.0,MUMBAI,Regular,books,3.0,22485.48,67456.44,5.16,38,114,3,3,Credit Card,104
2858,35.0,Chennai,PREMIUM,electronics,18.0,14687.39,264373.02,4.31,183,86,18,13,Net Banking,602
2859,,Delhi,Regular,Sports,43.0,26189.65,1126154.95,33.18,209,180,10,23,CREDIT CARD,498
2860,54.0, Chennai ,new,Books,44.0,1812.43,79746.92,10.56,120,93,7,0,Credit Card,667
2861,57.0,pune,Inactive,ELECTRONICS,25.0,31512.13,787803.25,49.0,110,185,12,22,credit card,1544
2862,57.0,Kolkata,inactive,books,30.0,12150.22,364506.6,49.72,111,146,9,24,upi,1452
2863,27.0,delhi,NEW,GROCERIES,46.0,36277.33,1668757.18,46.45,101,192,17,22,net banking,800
2864,39.0,Delhi,Inactive,ELECTRONICS,31.0,33113.23,1026510.13,19.4,233,170,2,16,credit card,524
2865,35.0,pune,Regular,Books,8.0,44780.04,358240.32,24.08,312,100,14,0,upi,42
2866,41.0,bangalore,NEW,Sports,7.0,24145.7,169019.9,11.45,164,119,19,2,credit card,1498
2867,25.0,BANGALORE,PREMIUM,Groceries,2.0,19963.47,39926.94,40.57,286,157,6,1,debit card,835
2868,37.0,BANGALORE,Regular,books,38.0,26988.18,1025550.84,29.8,8,27,9,20,UPI,1025
2869,18.0,Delhi,Inactive,sports,16.0,12901.6,206425.6,6.62,357,26,17,12,upi,1560
2870,55.0,Mumbai,REGULAR,Groceries,9.0,30414.67,273732.03,42.61,29,85,0,9,CREDIT CARD,827
2871,21.0,Chennai,Premium,Sports,6.0,39296.7,235780.2,39.81,57,171,1,0,UPI,898
2872,22.0,Hyderabad,premium,books,38.0,23253.82,883645.16,28.09,130,198,19,32,credit card,315
2873,23.0,Delhi,Premium,Electronics,44.0,37123.41,1633430.04,25.6,336,196,6,33,debit card,1393
2874,42.0,,Inactive,Electronics,49.0,34179.76,1674808.24,47.51,363,144,12,30,CREDIT CARD,432
2875,61.0,MUMBAI,premium,Electronics,17.0,33432.87,568358.79,26.46,253,174,14,7,cash,875
2876,41.0,Bangalore,New,electronics,39.0,7355.89,286879.71,49.39,272,141,4,8,Credit Card,871
2877,31.0,CHENNAI,NEW,sports,26.0,41186.4,1070846.4,6.08,197,17,20,20,cash,1500
2878,32.0,Chennai,PREMIUM,Clothing,27.0,13459.02,363393.54,5.82,322,112,19,7,upi,1067
2879,30.0,Bangalore,inactive,furniture,38.0,3772.82,143367.16,42.38,223,71,0,15,CREDIT CARD,491
2880,68.0,pune,inactive,electronics,46.0,28792.48,1324454.08,11.41,92,88,4,34,CREDIT CARD,1330
2881,69.0,BANGALORE,new,electronics,12.0,19336.45,232037.4,30.13,237,150,8,9,Cash,1192
2882,38.0,mumbai,PREMIUM,Groceries,12.0,45396.37,544756.44,20.72,132,67,9,10,net banking,600
2883,66.0,Delhi,inactive,groceries,50.0,,1766100.0,27.11,260,29,3,4,debit card,1633
2884,32.0,Delhi,Premium,groceries,17.0,1703.25,28955.25,35.38,13,83,17,15,Net Banking,204
2885,39.0,Bangalore,REGULAR,furniture,44.0,33166.34,1459318.96,34.71,328,100,5,30,net banking,1010
2886,57.0,chennai,PREMIUM,Groceries,37.0,5349.46,197930.02,7.6,137,100,7,29,CREDIT CARD,268
2887,44.0,mumbai,New,groceries,47.0,1613.12,75816.64,7.29,166,131,9,4,net banking,1660
2888,18.0,mumbai,Inactive,Groceries,23.0,33065.75,760512.25,29.47,251,120,7,23,Net Banking,1661
2889,54.0,MUMBAI,Inactive,books,23.0,48848.92,1123525.16,42.64,162,196,11,2,Cash,1347
2890,70.0,Mumbai,regular,sports,29.0,13836.9,401270.1,4.27,33,123,6,12,Net Banking,54
2891,31.0,kolkata,New,ELECTRONICS,23.0,19950.77,458867.71,32.65,221,27,3,5,UPI,1167
2892,36.0,mumbai,Regular,Clothing,2.0,39925.89,79851.78,27.15,186,102,7,0,net banking,1462
2893,27.0,pune,PREMIUM,Sports,17.0,49714.2,845141.4,27.93,262,120,7,5,credit card,110
2894,48.0,kolkata,NEW,Clothing,6.0,9002.36,54014.16,22.07,219,91,9,4,UPI,335
2895,29.0,Chennai,new,ELECTRONICS,1.0,3670.64,3670.64,22.46,12,141,9,0,net banking,992
2896,34.0,CHENNAI,New,Sports,46.0,8428.21,387697.66,30.65,221,196,6,40,upi,698
2897,22.0,mumbai,Inactive,sports,47.0,16698.27,784818.69,16.6,351,182,0,1,UPI,195
2898,20.0,kolkata,premium,furniture,20.0,34587.46,691749.2,38.43,364,33,4,13,CREDIT CARD,455
2899,62.0,chennai,Premium,Clothing,27.0,1031.4,27847.8,22.59,67,62,10,1,CREDIT CARD,1557
2900,59.0,kolkata,Regular,Electronics,46.0,45268.52,2082351.92,33.48,350,37,20,17,Debit Card,965
2901,39.0,MUMBAI,Inactive,electronics,28.0,38492.24,1077782.72,150.0,287,8,19,3,upi,1482
2902,43.0,Delhi,premium,groceries,28.0,30804.71,862531.88,41.81,242,187,9,0,Debit Card,452
2903,18.0,delhi,REGULAR,clothing,17.0,3681.74,62589.58,0.94,51,112,12,8,Cash,980
2904,18.0,Chennai,inactive,Furniture,,14862.42,282385.98,36.72,283,8,3,0,cash,224
2905,49.0,Hyderabad,regular,ELECTRONICS,38.0,47295.86,1797242.68,41.51,88,133,0,37,CREDIT CARD,635
2906,24.0, Chennai ,REGULAR,Electronics,21.0,40996.76,860931.96,32.71,209,158,18,13,credit card,1526
2907,64.0,MUMBAI,premium,Groceries,11.0,35563.24,391195.64,18.62,358,63,5,2,cash,1654
2908,53.0,chennai,REGULAR,Furniture,36.0,10058.77,362115.72,22.8,228,163,9,15,UPI,585
2909,65.0,chennai,regular,GROCERIES,26.0,9130.66,237397.16,16.99,347,51,19,11,Credit Card,1610
2910,24.0,CHENNAI,premium,Groceries,50.0,8378.29,418914.5,16.23,260,176,13,11,Net Banking,942
2911,63.0,Pune,NEW,Furniture,12.0,20392.36,244708.32,11.05,228,71,17,9,Credit Card,517
2912,19.0,delhi,REGULAR,Books,35.0,44599.25,1560973.75,25.37,362,8573,18,30,credit card,1743
2913,52.0,Hyderabad,premium,Books,20.0,41427.46,828549.2,6.56,312,57,11,10,debit card,1383
2914,64.0,bangalore,Inactive,ELECTRONICS,3.0,16636.26,49908.78,39.67,289,105,14,2,Net Banking,1045
2915,56.0,CHENNAI,premium,Sports,13.0,39370.1,511811.3,49.47,281,58,0,11,debit card,1583
2916,39.0,hyderabad,New,ELECTRONICS,29.0,43765.43,1269197.47,16.26,350,27,2,12,Credit Card,1155
2917,54.0,bangalore,NEW,furniture,30.0,45622.4,1368672.0,1.95,56,90,5,5,credit card,1620
2918,31.0,MUMBAI,New,sports,34.0,29958.08,1018574.72,18.8,4,132,6,17,Net Banking,916
2919,61.0,CHENNAI,PREMIUM,Sports,33.0,31963.18,1054784.94,44.41,301,159,7,0,cash,1045
2920,35.0,BANGALORE,premium,sports,8.0,37511.2,300089.6,36.53,293,155,20,7,Cash,1791
2921,56.0,Mumbai,new,electronics,41.0,45364.97,1859963.77,16.42,202,13,7,13,net banking,1416
2922,49.0,Pune,NEW,Sports,23.0,44184.48,1016243.04,7.28,188,188,20,17,Cash,1078
2923,43.0,kolkata,inactive,electronics,35.0,38761.92,1356667.2,12.91,121,148,14,25,Debit Card,134
2924,63.0,pune,Premium,Sports,1.0,23778.07,23778.07,24.82,146,158,18,1,debit card,670
2925,47.0,delhi,regular,clothing,8.0,42574.95,340599.6,2.16,207,149,5,6,CREDIT CARD,819
2926,58.0,Bangalore,regular,Sports,15.0,15237.05,228555.75,22.6,182,146,3,12,Credit Card,1669
2927,64.0,delhi,Regular,Groceries,38.0,32786.84,1245899.92,25.77,313,133,10,36,Credit Card,976
2928,69.0,pune,New,Groceries,33.0,42826.07,1413260.31,22.52,115,173,15,21,upi,1393
2929,69.0,Pune,premium,groceries,31.0,26549.26,823027.06,49.8,112,79,1,31,Debit Card,146
2930,, Chennai ,inactive,books,30.0,23551.74,706552.2,19.4,352,164,6,10,cash,82
2931,59.0,Chennai,new,Furniture,35.0,11286.64,395032.4,29.19,77,49,6,32,UPI,608
2932,18.0,Delhi,Regular,groceries,38.0,29599.5,1124781.0,17.0,284,86,1,11,Debit Card,208
2933,66.0,Mumbai,inactive,Books,26.0,16095.52,418483.52,7.93,122,81,10,25,credit card,613
2934,57.0,hyderabad,PREMIUM,clothing,39.0,34653.61,1351490.79,9.42,66,63,8,30,Net Banking,183
2935,36.0,Hyderabad,Inactive,Groceries,3.0,29465.42,88396.26,35.52,161,95,11,3,Credit Card,334
2936,20.0,chennai,New,electronics,31.0,12948.08,401390.48,9.73,159,68,11,17,Net Banking,1666
2937,43.0, Chennai ,PREMIUM,electronics,36.0,28404.06,1022546.16,46.36,306,24,20,9,Net Banking,1416
2938,64.0,Chennai,New,Groceries,2.0,22161.17,44322.34,150.0,79,44,4,2,cash,515
2939,59.0,Chennai,REGULAR,groceries,19.0,14522.53,275928.07,27.87,181,64,0,8,UPI,787
2940,38.0,Bangalore,Inactive,Groceries,4.0,6740.43,26961.72,20.39,362,86,13,0,Net Banking,1050
2941,49.0,Pune,Inactive,Books,44.0,15924.87,700694.28,39.68,119,166,4,31,upi,1786
2942,30.0,pune,Inactive,Electronics,17.0,34079.52,579351.84,20.55,15,134,5,7,upi,1188
2943,42.0,Mumbai,New,furniture,2.0,9595.21,19190.42,34.28,77,16,18,1,UPI,720
2944,,Chennai,New,electronics,30.0,38776.32,1163289.6,1.86,330,119,0,29,credit card,727
2945,61.0, Chennai ,PREMIUM,Electronics,4.0,10756.72,43026.88,42.42,130,80,19,0,Net Banking,923
2946,56.0,Kolkata,PREMIUM,electronics,25.0,9524.92,238123.0,3.69,333,50,7,24,cash,1705
2947,32.0,pune,inactive,books,5.0,37161.31,185806.55,7.88,194,167,19,1,credit card,35
2948,39.0,Delhi,Premium,GROCERIES,6.0,8400.96,50405.76,45.98,22,15,17,1,CREDIT CARD,1076
2949,,hyderabad,new,sports,18.0,9500.64,171011.52,38.97,162,74,19,17,UPI,1035
2950,65.0,Pune,NEW,GROCERIES,11.0,44587.87,490466.57,46.68,32,103,6,2,CREDIT CARD,1449
2951,60.0,kolkata,Premium,electronics,11.0,21358.73,234946.03,28.85,28,75,8,6,upi,778
2952,50.0,pune,REGULAR,ELECTRONICS,48.0,44111.44,2117349.12,24.55,7,146,13,44,Credit Card,1354
2953,45.0,delhi,new,ELECTRONICS,45.0,31567.55,1420539.75,45.84,176,46,11,29,Debit Card,957
2954,53.0,hyderabad,regular,GROCERIES,32.0,27599.02,883168.64,26.82,8,114,0,17,upi,681
2955,48.0,hyderabad,new,Books,4.0,,198813.48,4.32,315,132,16,4,Net Banking,343
2956,52.0,DELHI,PREMIUM,groceries,34.0,3534.19,120162.46,29.94,263,38,12,4,cash,1578
2957,42.0,delhi,premium,GROCERIES,2.0,564.84,1129.68,9.79,253,20,20,2,upi,98
2958,39.0,,New,Furniture,33.0,1023.44,33773.52,10.06,354,165,12,24,debit card,996
2959,54.0,bangalore,inactive,electronics,10.0,23577.5,235775.0,26.18,64,45,8,2,net banking,1432
2960,41.0,Delhi,REGULAR,Sports,44.0,13867.82,610184.08,41.92,10,22,18,38,credit card,1293
2961,53.0,delhi,NEW,Electronics,34.0,22279.61,757506.74,46.55,61,121,0,32,cash,849
2962,49.0, Chennai ,REGULAR,ELECTRONICS,3.0,24237.15,72711.45,32.44,29,121,9,0,debit card,493
2963,32.0,Hyderabad,NEW,furniture,24.0,36734.47,881627.28,29.86,232,180,4,20,debit card,874
2964,23.0,chennai,REGULAR,electronics,6.0,2231.89,13391.34,41.43,1,14,15,0,credit card,1046
2965,53.0,bangalore,Premium,sports,12.0,1085.12,13021.44,2.4,179,171,9,9,Net Banking,364
2966,61.0,Delhi,inactive,furniture,12.0,2122.22,25466.64,0.6,346,45,19,7,UPI,1308
2967,68.0,Kolkata,regular,Sports,30.0,33884.73,1016541.9,32.7,171,164,7,27,Cash,894
2968,38.0,hyderabad,regular,clothing,49.0,8766.42,429554.58,7.57,340,174,19,48,debit card,1400
2969,59.0,mumbai,Premium,clothing,6.0,20520.95,123125.7,5.65,109,113,9,0,cash,1772
2970,41.0,CHENNAI,Regular,Clothing,30.0,46902.88,1407086.4,49.16,118,114,13,25,upi,1548
2971,54.0,hyderabad,New,Furniture,8.0,37305.35,298442.8,45.03,3,136,10,5,Net Banking,1600
2972,23.0,hyderabad,regular,furniture,43.0,2798.11,120318.73,18.16,153,158,12,33,net banking,191
2973,35.0,delhi,Inactive,furniture,3.0,26017.65,78052.95,10.57,173,129,12,1,debit card,1534
2974,20.0,bangalore,new,clothing,17.0,16869.7,286784.9,28.25,296,143,13,6,CREDIT CARD,559
2975,41.0,Delhi,REGULAR,ELECTRONICS,29.0,36963.56,1071943.24,5.46,60,24,1,29,net banking,791
2976,69.0,CHENNAI,NEW,clothing,27.0,34032.69,918882.63,44.85,313,142,10,19,Debit Card,1706
2977,28.0,CHENNAI,Regular,Groceries,37.0,20896.47,773169.39,25.0,108,14,14,12,cash,593
2978,62.0,Pune,Premium,Books,3.0,44295.11,132885.33,7.39,215,68,4,2,Cash,1044
2979,60.0,Mumbai,Premium,Groceries,22.0,15177.08,333895.76,41.31,295,133,15,17,credit card,1500
2980,57.0,Mumbai,premium,books,49.0,40316.09,1975488.41,23.52,350,66,19,46,net banking,603
2981,46.0,DELHI,New,Electronics,19.0,9137.99,173621.81,12.4,234,27,15,17,debit card,1427
2982,48.0,mumbai,premium,clothing,28.0,4386.87,122832.36,9.16,173,138,1,25,debit card,734
2983,69.0,Mumbai,Inactive,books,12.0,21479.25,257751.0,43.21,220,159,16,8,cash,1297
2984,47.0,pune,NEW,Furniture,30.0,47065.06,1411951.8,16.53,143,85,16,8,Net Banking,1583
2985,36.0,CHENNAI,Regular,clothing,1.0,6219.56,6219.56,30.52,70,185,18,0,upi,36
2986,62.0,Bangalore,Inactive,groceries,12.0,34921.28,419055.36,16.64,33,179,18,3,debit card,801
2987,33.0,kolkata,Inactive,Electronics,8.0,8082.96,64663.68,13.94,271,74,9,7,Cash,526
2988,45.0,bangalore,New,electronics,5.0,49068.82,245344.1,20.48,206,35,4,5,Debit Card,1807
2989,21.0,hyderabad,Premium,Sports,27.0,17096.75,461612.25,12.62,16,81,7,3,upi,101
2990,26.0,Mumbai,new,Sports,20.0,12442.99,248859.8,2.64,226,173,5,20,Net Banking,168
2991,52.0,Hyderabad,inactive,Sports,11.0,14571.31,160284.41,22.83,181,108,6,1,credit card,296
2992,58.0,CHENNAI,Regular,Furniture,45.0,1209.64,54433.8,27.23,96,143,15,34,Credit Card,839
2993,44.0,CHENNAI,REGULAR,sports,20.0,17662.48,353249.6,43.09,170,132,12,12,Debit Card,754
2994,45.0,Bangalore,regular,electronics,34.0,46539.57,1582345.38,8.26,283,175,16,11,UPI,315
2995,22.0,mumbai,inactive,Furniture,46.0,27244.58,1253250.68,21.64,22,81,19,17,upi,1236
2996,63.0,kolkata,regular,ELECTRONICS,35.0,25324.33,886351.55,7.82,355,137,9,28,Credit Card,702
2997,27.0,chennai,Regular,electronics,43.0,11400.85,490236.55,33.73,316,139,17,29,credit card,1653
2998,64.0,mumbai,Regular,sports,11.0,45939.23,505331.53,10.4,222,98,16,6,debit card,289
2999,68.0,hyderabad,new,Furniture,25.0,7241.11,181027.75,47.24,360,170,10,5,Net Banking,324
3000,51.0,hyderabad,New,Electronics,47.0,12538.45,589307.15,0.31,248,115,17,14,debit card,926
3001,23.0,Chennai,New,ELECTRONICS,43.0,27078.73,1164385.39,41.19,137,164,20,22,cash,1472
3002,41.0,Kolkata,Regular,Groceries,28.0,9087.47,254449.16,47.7,67,116,15,20,Credit Card,144
3003,34.0,Bangalore,Regular,Groceries,34.0,18144.42,616910.28,29.2,112,16,4,29,Debit Card,1556
3004,58.0,Mumbai,PREMIUM,Furniture,23.0,40882.83,940305.09,40.51,12,80,5,8,Credit Card,1593
3005,64.0,Mumbai,REGULAR,Groceries,22.0,14872.51,327195.22,20.53,310,186,7,18,Net Banking,968
3006,59.0,chennai,regular,electronics,7.0,21070.67,147494.69,48.55,276,18,11,6,cash,1636
3007,36.0,BANGALORE,inactive,GROCERIES,15.0,26618.35,399275.25,42.07,176,98,19,0,debit card,600
3008,,delhi,inactive,groceries,32.0,37432.49,1197839.68,10.36,365,46,19,4,CREDIT CARD,610
3009,52.0,Bangalore,REGULAR,Furniture,30.0,45941.98,1378259.4,21.89,6,169,13,28,CREDIT CARD,519
3010,61.0,delhi,REGULAR,furniture,38.0,34035.71,1293356.98,13.95,82,108,8,2,Net Banking,874
3011,19.0,Pune,Inactive,Groceries,14.0,3428.27,47995.78,6.44,25,58,7,9,net banking,89
3012,62.0, Chennai ,Regular,sports,33.0,25190.55,831288.15,43.36,193,37,17,14,Debit Card,758
3013,45.0,Pune,Inactive,Electronics,21.0,44609.08,936790.68,27.41,39,10,17,21,Credit Card,269
3014,41.0,MUMBAI,Regular,GROCERIES,18.0,41966.41,755395.38,9.89,207,118,0,4,cash,1373
3015,46.0,Kolkata,PREMIUM,Furniture,50.0,23309.96,1165498.0,49.9,196,94,19,27,cash,1301
3016,41.0,hyderabad,Inactive,Sports,19.0,17995.93,341922.67,24.73,291,88,19,18,UPI,783
3017,19.0,Bangalore,REGULAR,Sports,16.0,34572.28,553156.48,19.34,289,182,20,2,Net Banking,264
3018,37.0,kolkata,REGULAR,books,19.0,44929.74,853665.06,27.96,320,89,5,10,CREDIT CARD,1543
3019,60.0,bangalore,PREMIUM,Books,4.0,47149.01,188596.04,44.71,272,166,16,1,credit card,837
3020,59.0,Bangalore,premium,books,5.0,30707.79,153538.95,35.49,48,77,11,3,debit card,1485
3021,36.0,Bangalore,PREMIUM,Electronics,14.0,2497.83,34969.62,40.34,70,122,20,6,Cash,566
3022,47.0,MUMBAI,Premium,Furniture,47.0,38843.2,1825630.4,7.07,30,49,11,43,Debit Card,382
3023,64.0,CHENNAI,PREMIUM,sports,19.0,43963.64,835309.16,14.29,360,45,18,6,upi,508
3024,36.0,Chennai,Inactive,clothing,6.0,9213.36,55280.16,35.83,283,10,11,5,cash,367
3025,40.0,,Inactive,Groceries,38.0,28625.06,1087752.28,35.37,145,123,19,16,credit card,309
3026,69.0,Delhi,PREMIUM,Groceries,20.0,20628.5,412570.0,4.32,305,23,3,6,debit card,1547
3027,64.0,Delhi,regular,Books,33.0,35647.59,1176370.47,23.65,104,55,19,27,CREDIT CARD,975
3028,45.0,Pune,New,electronics,12.0,24931.66,299179.92,14.52,66,30,3,2,Credit Card,1613
3029,28.0,CHENNAI,Regular,Furniture,6.0,49699.64,298197.84,1.97,149,152,9,4,Credit Card,363
3030,57.0,kolkata,Inactive,Electronics,36.0,27479.27,989253.72,26.41,36,149,12,26,debit card,1687
3031,41.0,mumbai,Regular,electronics,37.0,5830.77,215738.49,28.79,303,10,16,9,credit card,1403
3032,31.0,MUMBAI,REGULAR,groceries,36.0,36489.47,1313620.92,34.81,49,114,4,14,upi,1796
3033,58.0,BANGALORE,new,Electronics,20.0,48703.06,974061.2,35.58,357,18,15,2,Credit Card,1787
3034,59.0,MUMBAI,NEW,furniture,6.0,,186659.04,44.39,246,75,1,2,Credit Card,259
3035,33.0,MUMBAI,PREMIUM,Electronics,49.0,44424.03,2176777.47,12.45,135,152,11,27,Credit Card,1039
3036,22.0,delhi,NEW,GROCERIES,50.0,19846.61,992330.5,2.9,254,117,11,48,CREDIT CARD,763
3037,63.0,hyderabad,PREMIUM,Clothing,5.0,41362.72,206813.6,37.8,107,31,12,0,Debit Card,1386
3038,49.0,kolkata,premium,electronics,42.0,48634.78,2042660.76,33.59,29,81,14,1,Debit Card,1585
3039,54.0,BANGALORE,Regular,Electronics,28.0,20247.4,566927.2,23.08,7,89,19,19,debit card,854
3040,56.0,BANGALORE,New,Sports,39.0,12655.44,493562.16,35.79,127,56,14,3,Credit Card,1039
3041,24.0,Bangalore,NEW,books,1.0,39176.87,39176.87,29.0,34,71,20,0,net banking,891
3042,30.0,Delhi,PREMIUM,Clothing,20.0,11166.88,223337.6,1.53,208,87,17,15,debit card,614
3043,62.0,Pune,NEW,Furniture,13.0,31341.04,407433.52,32.55,125,120,10,9,Credit Card,1751
3044,54.0,Kolkata,PREMIUM,ELECTRONICS,34.0,42620.44,1449094.96,16.25,278,178,4,23,net banking,721
3045,,delhi,REGULAR,Groceries,8.0,10972.86,87782.88,38.46,295,108,0,3,debit card,1093
3046,28.0,Delhi,New,GROCERIES,35.0,28259.29,989075.15,10.31,364,126,6,25,Cash,1752
3047,58.0,MUMBAI,PREMIUM,Clothing,35.0,1341.2,46942.0,12.9,121,106,8,28,UPI,1092
3048,37.0,Hyderabad,New,Books,18.0,26104.4,469879.2,36.9,365,69,3,12,Debit Card,1035
3049,67.0,CHENNAI,PREMIUM,Electronics,26.0,11785.26,306416.76,22.87,177,44,18,14,Net Banking,848
3050,20.0, Chennai ,regular,Groceries,33.0,15444.53,509669.49,25.64,57,192,8,16,credit card,787
3051,46.0,mumbai,NEW,electronics,46.0,15924.49,732526.54,10.71,195,18,2,26,net banking,810
3052,25.0, Chennai ,regular,groceries,2.0,43057.51,86115.02,43.87,39,23,16,2,CREDIT CARD,848
3053,65.0,Chennai,REGULAR,Groceries,22.0,35609.22,783402.84,13.48,180,67,5,12,net banking,535
3054,42.0,kolkata,regular,books,50.0,48562.36,2428118.0,49.58,256,116,2,17,Credit Card,436
3055,36.0,delhi,inactive,Sports,21.0,14400.08,302401.68,16.9,291,91,13,13,Credit Card,48
3056,32.0,Chennai,premium,electronics,39.0,47786.41,1863669.99,32.18,71,39,15,9,Debit Card,1100
3057,42.0,pune,new,clothing,44.0,6722.53,295791.32,4.95,228,191,6,24,net banking,504
3058,52.0,bangalore,inactive,Books,4.0,47143.9,188575.6,16.24,348,162,14,0,Cash,426
3059,34.0,Chennai,Inactive,furniture,6.0,20616.18,123697.08,45.94,185,9,17,0,credit card,417
3060,44.0,delhi,Premium,Clothing,18.0,40904.2,736275.6,31.42,288,70,6,15,Net Banking,99
3061,18.0,Hyderabad,PREMIUM,Books,32.0,46433.65,1485876.8,16.54,339,148,10,7,debit card,1691
3062,29.0,bangalore,regular,clothing,40.0,37567.91,1502716.4,21.39,169,76,4,5,Net Banking,1755
3063,,bangalore,New,ELECTRONICS,31.0,17468.35,541518.85,25.02,7,29,13,4,cash,945
3064,31.0,delhi,regular,GROCERIES,38.0,33282.07,1264718.66,14.23,164,150,5,14,UPI,1410
3065,25.0,Hyderabad,Regular,Furniture,15.0,41253.95,618809.25,21.13,264,156,15,2,cash,1429
3066,20.0,chennai,premium,GROCERIES,1.0,23523.6,23523.6,48.3,53,33,19,1,cash,1373
3067,39.0,hyderabad,New,electronics,,37052.58,1778523.84,2.05,139,200,18,0,net banking,607
3068,23.0,DELHI,PREMIUM,Sports,46.0,44605.83,2051868.18,42.39,126,81,11,9,net banking,443
3069,58.0,MUMBAI,new,ELECTRONICS,44.0,26976.32,1186958.08,23.59,184,104,15,36,net banking,285
3070,60.0,MUMBAI,Premium,ELECTRONICS,27.0,44320.39,1196650.53,18.92,327,117,15,3,credit card,729
3071,51.0,Pune,PREMIUM,sports,47.0,49237.62,2314168.14,41.79,240,10,16,38,debit card,179
3072,64.0,Chennai,new,sports,37.0,6480.65,239784.05,49.44,62,20,9,25,debit card,551
3073,42.0,CHENNAI,premium,furniture,33.0,12435.31,410365.23,37.91,235,93,9,11,debit card,1818
3074,49.0,MUMBAI,inactive,Furniture,35.0,42969.94,1503947.9,38.27,364,48,7,31,cash,1018
3075,36.0,Pune,inactive,books,47.0,25031.06,1176459.82,0.24,241,144,17,7,cash,331
3076,39.0,Delhi,PREMIUM,Groceries,7.0,8262.79,57839.53,37.55,285,8,17,2,CREDIT CARD,861
3077,,pune,Inactive,Electronics,40.0,20750.43,830017.2,20.29,10,38,17,27,UPI,1502
3078,31.0,Pune,Regular,books,37.0,32506.07,1202724.59,18.05,33,105,9,25,cash,1114
3079,26.0, Chennai ,Premium,books,1.0,9851.14,9851.14,49.65,242,3,18,0,Net Banking,125
3080,69.0,Delhi,new,Furniture,,3508.15,175407.5,31.58,214,183,13,0,Cash,490
3081,28.0,chennai,new,Books,49.0,35461.91,1737633.59,28.53,264,61,8,32,debit card,1246
3082,27.0,Hyderabad,new,sports,20.0,27270.83,545416.6,43.26,351,46,19,13,UPI,151
3083,48.0,DELHI,inactive,books,18.0,40697.67,732558.06,19.75,227,35,13,15,upi,768
3084,61.0,delhi,premium,Books,39.0,25736.64,1003728.96,25.11,229,151,8,31,Net Banking,1212
3085,40.0,Chennai,Premium,Clothing,20.0,17025.29,340505.8,6.62,77,16,5,13,CREDIT CARD,843
3086,57.0,Delhi,Premium,Clothing,9.0,42335.26,381017.34,19.45,131,89,5,5,Net Banking,486
3087,33.0,Chennai,Inactive,sports,49.0,2133.87,104559.63,49.65,133,199,1,46,upi,495
3088,39.0,CHENNAI,New,Furniture,22.0,7758.57,170688.54,7.42,239,103,15,11,credit card,286
3089,39.0,Pune,Regular,GROCERIES,49.0,31827.41,1559543.09,29.68,13,16,11,13,upi,1511
3090,67.0,,Inactive,Clothing,13.0,7232.15,94017.95,21.72,112,67,4,2,net banking,756
3091,62.0,BANGALORE,PREMIUM,Books,50.0,26221.96,1311098.0,23.27,113,128,5,11,UPI,1567
3092,55.0,MUMBAI,premium,Electronics,15.0,40590.7,608860.5,35.87,358,183,1,0,net banking,1449
3093,55.0,DELHI,PREMIUM,Sports,14.0,12923.67,180931.38,44.81,105,191,14,0,debit card,434
3094,30.0,Delhi,Regular,Sports,8.0,31796.66,254373.28,26.87,264,54,17,4,UPI,846
3095,58.0,CHENNAI,PREMIUM,Groceries,42.0,24599.85,1033193.7,27.37,7,69,14,14,Net Banking,236
3096,55.0,kolkata,inactive,Sports,24.0,37760.68,906256.32,34.35,59,123,13,18,cash,819
3097,52.0,Chennai,inactive,Sports,25.0,15141.72,378543.0,42.21,183,79,9,23,CREDIT CARD,226
3098,41.0,Kolkata,inactive,sports,35.0,39681.74,1388860.9,23.18,343,41,13,18,Credit Card,691
3099,31.0,Mumbai,inactive,books,29.0,10311.84,299043.36,48.49,309,110,16,16,UPI,1293
3100,31.0,delhi,PREMIUM,Furniture,36.0,11062.54,398251.44,40.14,20,57,19,29,Cash,1273
3101,47.0,kolkata,Regular,Sports,14.0,4474.98,62649.72,18.61,122,43,3,9,net banking,796
3102,66.0,pune,inactive,groceries,23.0,39994.46,919872.58,38.97,349,176,0,4,UPI,53
3103,43.0,Hyderabad,New,sports,42.0,26438.4,1110412.8,31.89,19,104,20,29,Debit Card,639
3104,49.0,Hyderabad,new,electronics,20.0,41527.49,830549.8,28.85,273,110,7,4,net banking,1225
3105,40.0,CHENNAI,Premium,Clothing,34.0,17079.98,580719.32,15.52,241,98,5,9,credit card,696
3106,40.0,pune,New,Clothing,44.0,22367.43,984166.92,10.29,347,107,7,38,Cash,556
3107,57.0,Bangalore,Inactive,clothing,1.0,10452.6,10452.6,28.14,165,191,9,1,UPI,921
3108,67.0,bangalore,Regular,electronics,31.0,3381.29,104819.99,24.53,17,14,4,5,Credit Card,1386
3109,27.0,hyderabad,Regular,groceries,43.0,19114.13,821907.59,34.14,86,90,12,42,Net Banking,449
3110,64.0,mumbai,PREMIUM,sports,14.0,14611.51,204561.14,25.25,138,145,6,9,credit card,902
3111,60.0,BANGALORE,Premium,Books,7.0,29222.89,204560.23,1.67,6,78,17,6,upi,1504
3112,64.0,Chennai,new,Clothing,48.0,8135.47,390502.56,15.48,230,199,17,36,cash,1444
3113,30.0,Kolkata,NEW,Groceries,40.0,18471.83,738873.2,46.97,47,124,13,3,Cash,1403
3114,19.0,MUMBAI,new,electronics,27.0,14985.47,404607.69,46.89,363,169,11,20,net banking,250
3115,18.0,DELHI,REGULAR,Books,32.0,40823.18,1306341.76,35.79,215,112,18,19,debit card,1041
3116,68.0,MUMBAI,Regular,Furniture,29.0,38521.62,1117126.98,44.11,365,84,4,16,Cash,91
3117,60.0,Bangalore,New,groceries,23.0,45960.35,1057088.05,4.39,98,114,17,9,Net Banking,936
3118,23.0,pune,NEW,Books,35.0,25371.61,888006.35,48.83,141,63,8,22,Credit Card,1271
3119,70.0,BANGALORE,NEW,Groceries,40.0,11108.93,444357.2,2.03,81,192,10,3,CREDIT CARD,520
3120,20.0,kolkata,Inactive,Sports,38.0,41520.56,1577781.28,19.5,202,156,20,10,debit card,485
3121,37.0,Delhi,REGULAR,clothing,34.0,20582.17,699793.78,16.5,58,48,3,22,upi,95
3122,70.0,Delhi,NEW,GROCERIES,5.0,752.9,3764.5,27.3,108,85,9,3,Cash,625
3123,42.0,Hyderabad,Premium,clothing,38.0,40217.86,1528278.68,10.6,207,67,14,17,Net Banking,911
3124,65.0,pune,premium,Sports,48.0,44126.37,2118065.76,21.3,96,46,3,21,Credit Card,1575
3125,33.0,pune,inactive,groceries,45.0,15993.98,719729.1,17.56,210,182,16,45,credit card,1337
3126,54.0,chennai,Premium,Books,20.0,,131397.0,26.06,114,56,6,11,CREDIT CARD,1760
3127,52.0,Hyderabad,inactive,groceries,1.0,5470.65,5470.65,11.17,161,81,0,0,CREDIT CARD,1230
3128,39.0,Kolkata,Regular,Books,34.0,1072.3,36458.2,49.58,16,18,5,18,UPI,1783
3129,47.0, Chennai ,NEW,electronics,24.0,28167.36,676016.64,19.24,335,24,19,9,Cash,1193
3130,67.0,pune,premium,Clothing,26.0,31460.88,817982.88,36.2,19,92,10,3,Cash,224
3131,60.0,pune,Regular,books,37.0,20883.32,772682.84,21.9,257,111,15,4,Net Banking,45
3132,52.0,Chennai,inactive,clothing,40.0,47422.07,1896882.8,29.87,105,182,5,35,UPI,65
3133,49.0, Chennai ,Inactive,groceries,6.0,8108.06,48648.36,29.55,107,36,2,6,Debit Card,602
3134,54.0,bangalore,PREMIUM,ELECTRONICS,3.0,28345.61,85036.83,47.1,136,11,1,1,Net Banking,1817
3135,61.0,CHENNAI,new,GROCERIES,24.0,26346.44,632314.56,17.44,80,184,14,8,net banking,44
3136,42.0,BANGALORE,premium,electronics,45.0,45947.89,2067655.05,47.36,93,107,4,2,cash,500
3137,21.0,BANGALORE,Inactive,books,24.0,47188.03,1132512.72,21.47,252,173,2,5,credit card,271
3138,53.0,,Premium,books,42.0,3641.88,152958.96,4.09,63,171,4,42,cash,1627
3139,32.0,Delhi,Regular,Electronics,12.0,16565.03,198780.36,29.19,261,197,15,9,CREDIT CARD,151
3140,45.0,Mumbai,Regular,electronics,19.0,40891.71,776942.49,17.04,221,143,16,19,credit card,1762
3141,19.0,pune,New,Sports,7.0,28750.67,201254.69,20.23,281,13,9,5,Credit Card,734
3142,28.0,CHENNAI,premium,ELECTRONICS,49.0,2923.18,143235.82,10.86,217,2,16,7,upi,1639
3143,35.0, Chennai ,NEW,Books,1.0,13032.04,13032.04,37.36,209,11,17,0,Cash,1053
3144,24.0,delhi,Premium,Books,50.0,27814.64,1390732.0,11.8,218,145,10,16,debit card,1189
3145,40.0,Chennai,New,Electronics,38.0,34165.17,1298276.46,42.48,171,129,1,26,CREDIT CARD,1447
3146,47.0,delhi,REGULAR,groceries,28.0,29908.99,837451.72,11.02,317,164,17,26,UPI,1200
3147,59.0,chennai,new,clothing,10.0,30615.24,306152.4,13.71,157,37,19,10,Credit Card,624
3148,57.0,bangalore,new,books,42.0,22431.6,942127.2,21.55,162,49,20,34,debit card,960
3149,43.0,BANGALORE,Inactive,electronics,39.0,40417.89,1576297.71,9.76,50,101,9,31,CREDIT CARD,1104
3150,58.0,BANGALORE,premium,GROCERIES,19.0,33778.66,641794.54,18.77,266,82,18,0,CREDIT CARD,1632
3151,61.0,BANGALORE,PREMIUM,furniture,29.0,47887.09,1388725.61,4.24,200,100,4,24,net banking,847
3152,45.0,Chennai,Regular,clothing,39.0,26343.62,1027401.18,13.5,205,141,19,26,Net Banking,1362
3153,20.0, Chennai ,New,Groceries,25.0,8291.37,207284.25,24.88,252,176,9,1,CREDIT CARD,158
3154,41.0,Kolkata,PREMIUM,Clothing,6.0,35981.53,215889.18,7.38,76,71,5,1,UPI,340
3155,39.0,BANGALORE,Premium,Electronics,34.0,16390.94,557291.96,41.85,318,80,19,24,credit card,956
3156,-5.0, Chennai ,REGULAR,books,4.0,17304.22,69216.88,7.51,321,93,7,2,Debit Card,1601
3157,23.0,MUMBAI,premium,Furniture,18.0,18887.61,339976.98,20.69,169,157,19,7,debit card,1389
3158,27.0,Delhi,PREMIUM,ELECTRONICS,47.0,36032.51,1693527.97,6.18,310,22,4,37,debit card,558
3159,65.0,Delhi,premium,Books,18.0,45484.28,818717.04,32.03,39,72,0,17,Net Banking,1078
3160,32.0,delhi,Regular,Sports,41.0,23546.03,965387.23,41.72,303,196,17,9,debit card,122
3161,66.0,Mumbai,premium,electronics,28.0,46562.72,1303756.16,7.36,48,56,15,19,Cash,1802
3162,61.0,kolkata,premium,Furniture,7.0,32830.61,229814.27,48.01,349,146,12,2,debit card,363
3163,44.0,bangalore,new,Furniture,50.0,31019.33,1550966.5,40.28,112,174,10,23,net banking,999
3164,46.0,DELHI,REGULAR,books,9.0,21142.07,190278.63,38.36,154,129,16,8,CREDIT CARD,430
3165,65.0,Kolkata,inactive,ELECTRONICS,21.0,15885.41,333593.61,37.39,66,164,10,6,UPI,269
3166,22.0,hyderabad,NEW,Sports,36.0,37982.74,1367378.64,27.68,170,12,7,16,UPI,778
3167,32.0,Pune,NEW,ELECTRONICS,33.0,48128.08,1588226.64,7.94,135,113,12,30,upi,807
3168,42.0,chennai,NEW,ELECTRONICS,35.0,27526.11,963413.85,24.76,165,181,16,28,credit card,1510
3169,60.0,Mumbai,Premium,Sports,31.0,16013.59,496421.29,3.61,111,184,12,23,Cash,418
3170,24.0,bangalore,PREMIUM,groceries,9.0,5216.45,46948.05,32.74,247,76,2,4,debit card,480
3171,18.0, Chennai ,Premium,Books,25.0,4540.17,113504.25,46.1,183,37,18,25,Cash,812
3172,37.0,bangalore,new,clothing,18.0,46612.89,839032.02,10.68,305,157,15,3,credit card,1429
3173,41.0,Delhi,Regular,books,16.0,44414.62,710633.92,39.27,231,43,19,13,Cash,987
3174,19.0,CHENNAI,Premium,Books,3.0,37442.43,112327.29,39.59,155,58,9,2,Cash,1258
3175,49.0,bangalore,NEW,sports,23.0,40779.29,937923.67,35.85,321,18,16,16,net banking,219
3176,48.0,kolkata,New,Electronics,46.0,49800.78,2290835.88,40.45,67,30,11,36,Cash,344
3177,49.0,delhi,Regular,GROCERIES,28.0,48892.72,1368996.16,10.98,66,126,9,18,Credit Card,461
3178,31.0, Chennai ,PREMIUM,ELECTRONICS,12.0,11841.03,142092.36,30.1,136,143,1,7,Credit Card,623
3179,46.0,MUMBAI,inactive,electronics,20.0,36725.87,734517.4,43.92,269,56,12,17,Net Banking,664
3180,47.0,Kolkata,new,clothing,1.0,23222.61,23222.61,11.06,198,106,11,1,Credit Card,37
3181,61.0,hyderabad,New,sports,9.0,8521.68,76695.12,49.62,80,31,5,8,CREDIT CARD,277
3182,55.0,MUMBAI,NEW,groceries,35.0,8669.14,303419.9,27.78,134,196,14,8,upi,565
3183,63.0,MUMBAI,Inactive,Clothing,13.0,42599.13,553788.69,45.32,185,165,18,13,upi,1197
3184,28.0,chennai,New,groceries,43.0,48347.81,2078955.83,1.62,140,140,11,14,credit card,402
3185,30.0,delhi,inactive,clothing,14.0,49924.82,698947.48,26.05,142,149,17,1,credit card,1096
3186,60.0,DELHI,New,Groceries,7.0,8124.0,56868.0,13.07,61,8,12,3,Net Banking,1171
3187,61.0,CHENNAI,new,Books,46.0,1439.37,66211.02,27.96,116,97,8,40,net banking,224
3188,23.0,Hyderabad,REGULAR,furniture,23.0,46322.96,1065428.08,36.91,283,161,11,18,debit card,371
3189,22.0,Delhi,new,furniture,49.0,10268.01,503132.49,5.22,210,50,12,21,Cash,1046
3190,29.0,Kolkata,New,GROCERIES,28.0,26223.5,734258.0,23.81,188,146,6,11,net banking,900
3191,22.0,MUMBAI,regular,electronics,32.0,13213.51,422832.32,29.78,300,89,7,1,net banking,1366
3192,52.0,DELHI,PREMIUM,groceries,32.0,42820.78,1370264.96,9.6,312,156,0,31,upi,265
3193,41.0,Chennai,Premium,electronics,5.0,4558.88,22794.4,30.49,172,79,16,0,debit card,609
3194,29.0,MUMBAI,New,clothing,32.0,31114.49,995663.68,37.91,134,150,19,0,credit card,35
3195,64.0,kolkata,New,electronics,25.0,38978.2,974455.0,45.37,129,118,19,0,debit card,1748
3196,58.0,pune,premium,Groceries,,,359491.5,33.07,14,98,14,0,Net Banking,1394
3197,32.0,BANGALORE,new,ELECTRONICS,3.0,29409.65,88228.95,19.72,24,47,6,3,CREDIT CARD,915
3198,37.0,,inactive,ELECTRONICS,4.0,18509.75,74039.0,39.92,291,145,14,1,debit card,773
3199,57.0,Kolkata,premium,Sports,49.0,32457.41,1590413.09,18.1,350,114,19,12,CREDIT CARD,1603
3200,49.0,hyderabad,Premium,electronics,8.0,34223.88,273791.04,15.41,317,25,14,7,Debit Card,1310
3201,69.0,mumbai,New,Electronics,38.0,21488.52,816563.76,17.02,261,142,17,35,upi,1574
3202,22.0,chennai,NEW,Groceries,44.0,30445.04,1339581.76,10.02,178,129,12,30,Cash,630
3203,31.0,MUMBAI,New,clothing,18.0,44243.55,796383.9,2.55,196,52,4,15,upi,1749
3204,49.0,Hyderabad,REGULAR,furniture,26.0,40519.53,1053507.78,39.92,172,133,14,20,upi,818
3205,57.0,delhi,Inactive,Sports,17.0,48636.12,826814.04,37.23,179,91,20,7,debit card,1778
3206,46.0,delhi,REGULAR,Sports,3.0,35986.61,107959.83,6.49,13,199,11,1,Net Banking,1044
3207,28.0,Chennai,NEW,sports,18.0,34121.69,614190.42,37.4,313,102,10,7,cash,1307
3208,34.0,Bangalore,Premium,Clothing,29.0,40334.11,1169689.19,17.47,284,9,15,16,Credit Card,797
3209,32.0,Pune,Regular,Clothing,47.0,26917.06,1265101.82,46.25,298,49,5,46,Cash,277
3210,33.0,Hyderabad,Inactive,groceries,20.0,48812.88,976257.6,26.24,357,71,0,15,Debit Card,969
3211,31.0,chennai,regular,electronics,23.0,564.74,12989.02,44.0,112,46,8,0,UPI,241
3212,20.0,Mumbai,New,Groceries,34.0,11907.82,404865.88,26.65,324,149,13,13,Debit Card,626
3213,43.0,hyderabad,regular,Sports,28.0,13690.65,383338.2,49.17,202,111,1,7,Debit Card,1772
3214,26.0,Kolkata,Regular,books,37.0,31156.89,1152804.93,13.22,172,153,4,3,Cash,610
3215,,CHENNAI,Premium,electronics,2.0,9362.44,18724.88,24.46,23,124,17,0,cash,1819
3216,56.0,Bangalore,premium,groceries,20.0,48849.28,976985.6,13.12,237,122,18,20,Net Banking,444
3217,51.0,MUMBAI,Regular,books,2.0,21642.25,43284.5,13.18,111,83,14,2,UPI,582
3218,63.0,Kolkata,NEW,furniture,14.0,42823.14,599523.96,1.15,177,172,20,10,CREDIT CARD,869
3219,20.0,mumbai,new,Electronics,47.0,20472.64,962214.08,26.39,172,111,15,3,Net Banking,204
3220,58.0,Pune,inactive,electronics,11.0,30185.85,332044.35,11.96,205,25,6,9,credit card,290
3221,30.0,Kolkata,new,clothing,24.0,30111.97,722687.28,29.41,153,173,3,22,Debit Card,538
3222,49.0,Hyderabad,NEW,GROCERIES,1.0,17056.07,17056.07,34.67,6,126,18,0,Credit Card,1316
3223,69.0,BANGALORE,inactive,Groceries,8.0,44379.16,355033.28,40.93,137,11,15,0,Net Banking,1110
3224,31.0,Pune,inactive,Sports,20.0,22347.69,446953.8,36.54,263,51,0,7,debit card,1089
3225,67.0,bangalore,new,Clothing,28.0,46519.98,1302559.44,16.43,146,177,0,27,debit card,567
3226,57.0,Mumbai,new,ELECTRONICS,33.0,3358.91,110844.03,0.49,61,116,17,32,Debit Card,1651
3227,60.0,BANGALORE,regular,Clothing,48.0,47437.05,2276978.4,21.4,266,84,19,32,debit card,564
3228,35.0,chennai,NEW,Furniture,43.0,28840.53,1240142.79,15.77,301,56,0,12,CREDIT CARD,1311
3229,20.0,hyderabad,inactive,Groceries,28.0,751.4,21039.2,35.66,176,40,13,19,Cash,1629
3230,21.0, Chennai ,REGULAR,ELECTRONICS,14.0,41753.55,584549.7,32.45,67,156,19,10,Cash,853
3231,42.0,MUMBAI,Regular,Electronics,39.0,41214.79,1607376.81,8.26,126,92,12,22,debit card,36
3232,33.0,Chennai,new,furniture,42.0,29861.85,1254197.7,40.16,141,16,5,29,Debit Card,364
3233,19.0, Chennai ,PREMIUM,books,41.0,30658.27,1256989.07,10.75,286,84,0,1,debit card,292
3234,30.0,CHENNAI,inactive,Furniture,9.0,35139.27,316253.43,37.9,355,99,16,2,Credit Card,646
3235,51.0, Chennai ,Premium,furniture,16.0,45547.36,728757.76,2.8,178,77,16,9,Net Banking,475
3236,51.0,bangalore,new,Books,32.0,30200.15,966404.8,44.25,301,135,4,17,UPI,1336
3237,61.0,Bangalore,Regular,Furniture,7.0,19050.01,133350.07,4.23,81,125,4,3,net banking,1812
3238,26.0,Hyderabad,regular,books,9.0,29550.64,265955.76,43.4,51,130,10,2,UPI,777
3239,59.0,hyderabad,inactive,groceries,50.0,26629.39,1331469.5,26.3,41,87,10,37,Credit Card,529
3240,21.0,kolkata,premium,furniture,28.0,36532.58,1022912.24,42.62,318,85,9,8,net banking,958
3241,, Chennai ,inactive,Books,22.0,1237.2,27218.4,35.43,151,132,17,9,Cash,1544
3242,25.0,Bangalore,Premium,Furniture,37.0,7243.4,268005.8,12.77,209,183,9,2,Debit Card,710
3243,19.0,hyderabad,New,furniture,24.0,17660.15,423843.6,17.61,358,199,6,11,UPI,1071
3244,,CHENNAI,Premium,Furniture,49.0,35734.38,1750984.62,33.2,229,113,10,19,Net Banking,1602
3245,46.0,Kolkata,new,clothing,24.0,28933.98,694415.52,9.0,146,182,3,4,Debit Card,1083
3246,46.0,Mumbai,regular,sports,38.0,40705.58,1546812.04,12.42,306,121,19,2,Credit Card,1040
3247,21.0,DELHI,REGULAR,Groceries,39.0,49172.0,1917708.0,27.37,159,146,13,29,debit card,1503
3248,24.0,Hyderabad,New,ELECTRONICS,13.0,34048.35,442628.55,17.05,216,169,15,1,CREDIT CARD,705
3249,41.0,pune,Regular,Groceries,2.0,46541.4,93082.8,38.83,221,115,8,2,Credit Card,799
3250,37.0, Chennai ,PREMIUM,Books,10.0,24795.54,247955.4,33.98,204,93,6,1,debit card,1703
3251,41.0, Chennai ,inactive,Clothing,18.0,5609.34,100968.12,45.32,327,13,1,10,debit card,776
3252,39.0,Pune,Regular,Books,19.0,17983.01,341677.19,31.12,173,94,13,5,credit card,898
3253,,MUMBAI,Regular,Groceries,43.0,24440.89,1050958.27,48.53,213,107,16,3,net banking,1710
3254,68.0,bangalore,Premium,clothing,48.0,,1403337.12,1.5,214,195,1,18,Debit Card,192
3255,48.0,,REGULAR,Groceries,44.0,23841.68,1049033.92,16.05,82,24,20,37,Net Banking,1224
3256,32.0,Delhi,New,Furniture,25.0,44414.76,1110369.0,38.92,316,175,7,2,cash,1422
3257,44.0,chennai,NEW,furniture,34.0,49174.54,1671934.36,27.32,331,174,0,5,Credit Card,784
3258,41.0,Pune,Regular,furniture,6.0,5095.31,30571.86,18.47,105,45,1,1,upi,613
3259,21.0,chennai,Inactive,sports,13.0,34455.63,447923.19,36.68,363,56,18,6,Debit Card,1053
3260,55.0,chennai,PREMIUM,Electronics,43.0,33621.01,1445703.43,11.81,287,163,14,33,CREDIT CARD,1371
3261,22.0,Pune,NEW,furniture,14.0,26646.56,373051.84,14.17,231,134,3,12,upi,1612
3262,46.0,Hyderabad,New,Clothing,48.0,44157.52,2119560.96,44.03,70,190,0,34,Debit Card,642
3263,50.0,CHENNAI,PREMIUM,clothing,12.0,37271.46,447257.52,20.24,150,124,8,2,upi,658
3264,35.0,Chennai,regular,GROCERIES,42.0,28160.86,1182756.12,38.32,86,195,15,38,upi,862
3265,33.0,hyderabad,Inactive,Books,42.0,16699.46,701377.32,4.65,355,141,15,28,debit card,588
3266,57.0,pune,PREMIUM,clothing,25.0,26560.49,664012.25,33.19,157,66,12,19,Debit Card,1654
3267,54.0,Bangalore,Regular,electronics,21.0,16848.92,353827.32,21.86,160,168,4,6,Cash,601
3268,18.0,Mumbai,inactive,groceries,38.0,38070.72,1446687.36,42.34,290,97,8,37,upi,829
3269,44.0,kolkata,premium,electronics,43.0,49324.48,2120952.64,9.1,72,148,4,15,cash,1611
3270,59.0,Mumbai,regular,groceries,36.0,24786.94,892329.84,9.29,27,58,14,13,Debit Card,1025
3271,63.0,Pune,regular,Electronics,25.0,33936.75,848418.75,3.22,264,106,15,9,net banking,699
3272,49.0,kolkata,Regular,Electronics,17.0,39467.57,670948.69,16.39,198,176,10,14,cash,847
3273,59.0,bangalore,new,Furniture,25.0,28300.31,707507.75,0.11,181,87,2,23,CREDIT CARD,840
3274,58.0,Kolkata,inactive,groceries,17.0,32137.81,546342.77,47.03,136,55,13,7,CREDIT CARD,986
3275,20.0,bangalore,New,electronics,17.0,48125.38,818131.46,17.76,129,65,5,1,Credit Card,627
3276,27.0,CHENNAI,inactive,Furniture,28.0,22432.3,628104.4,22.8,52,95,4,1,Debit Card,697
3277,23.0,pune,premium,furniture,34.0,17706.27,602013.18,47.2,12,88,13,23,cash,237
3278,33.0,Delhi,REGULAR,books,36.0,16315.47,587356.92,27.17,321,68,6,11,CREDIT CARD,1483
3279,54.0,kolkata,new,groceries,27.0,35655.77,962705.79,10.24,251,172,18,22,Credit Card,1626
3280,35.0,Mumbai,Regular,Clothing,36.0,5241.53,188695.08,20.11,259,158,2,31,Credit Card,108
3281,41.0,Mumbai,PREMIUM,furniture,6.0,26672.87,160037.22,17.48,336,200,9,4,upi,771
3282,57.0,Chennai,REGULAR,books,9.0,23917.54,215257.86,35.16,180,158,19,6,credit card,261
3283,69.0,DELHI,Regular,Groceries,33.0,,1358634.42,2.24,4,161,15,30,UPI,282
3284,32.0,chennai,New,electronics,1.0,29969.26,29969.26,7.66,72,28,12,1,debit card,724
3285,69.0,MUMBAI,new,electronics,19.0,49917.95,948441.05,11.96,80,12,9,7,credit card,1278
3286,26.0,hyderabad,regular,Clothing,6.0,,56345.7,21.25,180,102,1,1,Debit Card,442
3287,43.0,CHENNAI,New,Groceries,22.0,25754.53,566599.66,20.93,75,65,14,10,UPI,722
3288,27.0,Hyderabad,new,ELECTRONICS,4.0,33885.38,135541.52,20.26,243,192,1,1,Net Banking,1512
3289,38.0, Chennai ,Premium,Electronics,23.0,45219.31,1040044.13,42.27,351,112,17,15,Credit Card,902
3290,55.0,Chennai,REGULAR,GROCERIES,5.0,38743.77,193718.85,48.57,43,179,16,0,upi,959
3291,62.0,MUMBAI,PREMIUM,Clothing,24.0,40072.19,961732.56,9.38,118,195,7,0,cash,1801
3292,41.0,delhi,NEW,clothing,47.0,29346.7,1379294.9,15.98,42,108,10,30,Credit Card,935
3293,55.0,DELHI,Regular,ELECTRONICS,7.0,35460.05,248220.35,11.36,76,70,5,6,cash,572
3294,44.0,kolkata,REGULAR,Sports,44.0,16880.42,742738.48,5.52,13,37,1,19,credit card,1783
3295,67.0,CHENNAI,REGULAR,sports,20.0,27446.47,548929.4,1.64,162,26,1,19,Debit Card,419
3296,36.0,BANGALORE,REGULAR,sports,16.0,11601.39,185622.24,20.83,122,2,10,15,UPI,1463
3297,37.0,MUMBAI,new,sports,4.0,643.46,2573.84,40.98,145,31,12,2,Debit Card,953
3298,46.0,chennai,inactive,Sports,10.0,5246.66,52466.6,23.12,139,113,1,1,CREDIT CARD,728
3299,63.0,mumbai,NEW,Sports,15.0,43199.12,647986.8,46.02,322,145,15,2,Net Banking,1344
3300,52.0,bangalore,New,Furniture,7.0,22973.66,160815.62,30.26,192,10,11,1,Net Banking,1544
3301,33.0,pune,Regular,Electronics,49.0,35221.52,1725854.48,49.05,352,89,11,37,credit card,1616
3302,42.0,Pune,Regular,Clothing,46.0,32697.77,1504097.42,24.41,109,97,9,41,Net Banking,87
3303,51.0,delhi,regular,Electronics,25.0,17844.08,446102.0,35.87,323,76,11,4,UPI,1199
3304,30.0,bangalore,new,Electronics,43.0,25124.42,1080350.06,47.02,196,95,0,36,debit card,832
3305,29.0,Chennai,new,Furniture,42.0,16356.73,686982.66,7.36,94,116,3,37,cash,1706
3306,28.0,Hyderabad,Premium,Books,9.0,48920.56,440285.04,41.51,337,99,2,1,net banking,923
3307,50.0,Chennai,premium,Electronics,39.0,44364.48,1730214.72,39.4,224,1,18,4,Cash,600
3308,,Chennai,NEW,electronics,42.0,23633.99,992627.58,2.45,101,35,15,25,cash,374
3309,51.0,Chennai,REGULAR,books,43.0,33515.43,1441163.49,26.19,239,126,15,3,credit card,598
3310,60.0,pune,new,ELECTRONICS,45.0,19592.01,881640.45,6.47,52,27,18,21,upi,1356
3311,59.0,BANGALORE,regular,groceries,2.0,48224.95,96449.9,22.48,326,82,19,1,upi,1454
3312,69.0,pune,inactive,electronics,38.0,40963.05,1556595.9,7.46,182,31,6,23,upi,521
3313,64.0,pune,inactive,GROCERIES,19.0,36665.05,696635.95,39.12,313,45,11,1,Credit Card,1045
3314,40.0, Chennai ,New,GROCERIES,48.0,13651.35,655264.8,40.52,269,107,20,30,Debit Card,773
3315,52.0, Chennai ,NEW,ELECTRONICS,47.0,6093.78,286407.66,36.35,135,131,14,18,Net Banking,953
3316,56.0,Delhi,REGULAR,books,40.0,46461.14,1858445.6,33.33,171,168,17,19,Debit Card,1129
3317,33.0,bangalore,New,furniture,38.0,29717.61,1129269.18,37.59,91,90,4,2,credit card,1282
3318,30.0,chennai,New,clothing,28.0,32200.4,901611.2,6.15,196,126,3,18,credit card,1194
3319,44.0,pune,Inactive,Clothing,14.0,18793.27,263105.78,33.91,109,161,2,3,net banking,1009
3320,53.0,MUMBAI,Premium,Groceries,42.0,19969.09,838701.78,6.63,245,96,7,15,UPI,1756
3321,39.0,mumbai,New,sports,11.0,3136.53,34501.83,29.91,142,199,17,7,debit card,1013
3322,50.0, Chennai ,premium,ELECTRONICS,36.0,8303.36,298920.96,29.54,341,151,6,18,UPI,280
3323,46.0,Delhi,Inactive,ELECTRONICS,9.0,7303.52,65731.68,11.05,226,166,14,8,upi,717
3324,18.0,Delhi,Inactive,Sports,18.0,34440.17,619923.06,40.56,225,96,20,1,UPI,696
3325,48.0,Kolkata,new,Books,37.0,4404.44,162964.28,15.03,38,33,9,13,debit card,1342
3326,38.0,MUMBAI,REGULAR,Clothing,33.0,46287.13,1527475.29,3.82,354,85,15,22,Credit Card,1785
3327,55.0,Mumbai,new,ELECTRONICS,4.0,31135.59,124542.36,25.78,97,98,18,2,Net Banking,1348
3328,40.0,Hyderabad,PREMIUM,furniture,17.0,10255.42,174342.14,28.83,209,138,12,14,Credit Card,1681
3329,51.0,Pune,REGULAR,Groceries,2.0,20286.92,40573.84,37.95,117,199,18,2,debit card,574
3330,69.0, Chennai ,Premium,Books,46.0,3839.22,176604.12,14.99,250,200,18,30,debit card,1304
3331,30.0,bangalore,regular,books,38.0,7937.56,301627.28,46.04,1,28,16,4,net banking,1147
3332,58.0,Hyderabad,Inactive,furniture,42.0,6124.4,257224.8,47.97,322,151,7,23,Net Banking,687
3333,31.0,kolkata,regular,Books,33.0,44443.08,1466621.64,3.88,46,84,15,2,Debit Card,643
3334,47.0,bangalore,New,Electronics,42.0,5079.17,213325.14,48.88,211,74,5,24,CREDIT CARD,648
3335,39.0,Bangalore,regular,groceries,11.0,660.7,7267.7,8.89,64,60,10,11,debit card,1654
3336,42.0,mumbai,PREMIUM,Sports,16.0,28695.99,459135.84,0.2,43,193,14,7,cash,634
3337,32.0,delhi,New,groceries,4.0,45957.16,183828.64,40.07,175,67,15,0,cash,133
3338,44.0,chennai,Regular,furniture,34.0,42735.03,1452991.02,3.85,227,148,11,6,upi,418
3339,39.0,Mumbai,premium,clothing,41.0,38245.97,1568084.77,4.27,91,1,5,10,debit card,1326
3340,24.0,Kolkata,REGULAR,groceries,5.0,19457.0,97285.0,2.08,311,87,13,2,cash,1729
3341,23.0,kolkata,REGULAR,clothing,8.0,9991.38,79931.04,33.71,223,101,11,0,CREDIT CARD,1090
3342,39.0,CHENNAI,REGULAR,groceries,45.0,38071.38,1713212.1,15.97,60,113,20,39,credit card,1395
3343,41.0,Kolkata,NEW,ELECTRONICS,37.0,3447.45,127555.65,16.46,156,152,5,10,credit card,1697
3344,55.0, Chennai ,inactive,Sports,7.0,32695.29,228867.03,8.0,299,156,8,1,debit card,255
3345,36.0,Chennai,premium,Clothing,33.0,48093.14,1587073.62,34.67,204,148,18,12,Cash,277
3346,36.0,mumbai,New,Groceries,10.0,783.22,7832.2,6.04,84,182,0,1,Net Banking,648
3347,20.0,Mumbai,Premium,furniture,33.0,32506.8,1072724.4,35.09,224,159,16,32,net banking,830
3348,43.0,bangalore,Inactive,clothing,35.0,4168.09,145883.15,27.12,238,48,19,7,Debit Card,1385
3349,42.0,hyderabad,inactive,Groceries,39.0,47606.49,1856653.11,45.66,160,70,20,36,credit card,671
3350,30.0,Mumbai,premium,Furniture,42.0,1759.1,73882.2,4.76,98,16,16,20,CREDIT CARD,475
3351,24.0,bangalore,New,books,35.0,38491.38,1347198.3,44.36,121,75,5,34,debit card,1494
3352,18.0,Mumbai,PREMIUM,sports,48.0,46096.23,2212619.04,19.73,202,123,2,40,Debit Card,1628
3353,-5.0,Chennai,PREMIUM,Groceries,16.0,46896.04,750336.64,48.38,130,41,7,13,Net Banking,1668
3354,20.0,hyderabad,new,groceries,2.0,15891.37,31782.74,6.73,102,167,20,2,cash,1238
3355,66.0,Pune,new,Sports,46.0,45541.47,2094907.62,21.33,203,121,9,3,net banking,1465
3356,49.0,Kolkata,PREMIUM,electronics,3.0,22716.66,68149.98,16.9,150,177,1,0,Debit Card,1735
3357,31.0,chennai,REGULAR,books,5.0,1424.17,7120.85,33.66,307,183,15,1,debit card,1664
3358,47.0,Mumbai,REGULAR,clothing,12.0,21896.9,262762.8,14.47,34,112,17,9,cash,454
3359,55.0,mumbai,new,books,28.0,37746.56,1056903.68,47.68,364,183,7,18,net banking,683
3360,62.0,mumbai,Regular,Furniture,43.0,5618.2,241582.6,27.57,262,148,6,24,cash,422
3361,60.0,mumbai,new,Furniture,42.0,21610.73,907650.66,1.07,21,71,5,41,Debit Card,751
3362,47.0,Delhi,premium,Furniture,40.0,30303.21,1212128.4,28.94,37,21,13,37,Cash,413
3363,61.0,CHENNAI,inactive,Clothing,21.0,12847.6,269799.6,35.36,30,89,0,15,cash,36
3364,49.0,Kolkata,REGULAR,Electronics,47.0,28150.2,1323059.4,45.94,153,145,9,42,Cash,1278
3365,57.0,BANGALORE,Regular,Books,23.0,23075.4,530734.2,25.23,361,107,4,2,Debit Card,1149
3366,18.0,Bangalore,Inactive,Groceries,5.0,30738.93,153694.65,150.0,283,72,11,2,CREDIT CARD,363
3367,41.0,pune,REGULAR,Groceries,7.0,10209.15,71464.05,42.31,97,182,1,5,Cash,167
3368,40.0,DELHI,premium,furniture,27.0,10804.37,291717.99,34.44,57,192,3,0,Cash,871
3369,49.0,DELHI,REGULAR,electronics,44.0,11904.43,523794.92,43.03,220,59,12,22,Cash,50
3370,39.0,Chennai,regular,electronics,32.0,12248.88,391964.16,44.15,73,37,7,16,CREDIT CARD,889
3371,62.0,Kolkata,NEW,Books,30.0,43484.57,1304537.1,47.89,364,51,5,6,cash,1720
3372,52.0, Chennai ,PREMIUM,Furniture,6.0,22346.74,134080.44,44.34,270,160,20,5,Cash,1566
3373,32.0,bangalore,regular,Sports,29.0,37215.32,1079244.28,42.58,164,36,3,2,CREDIT CARD,933
3374,65.0,Bangalore,Inactive,groceries,16.0,37992.29,607876.64,24.9,112,19,2,9,Cash,1752
3375,31.0,Delhi,premium,Electronics,35.0,25441.5,890452.5,8.1,124,14,13,21,Cash,561
3376,61.0,Chennai,Premium,Clothing,35.0,5228.48,182996.8,40.06,125,181,13,19,net banking,792
3377,63.0,CHENNAI,inactive,Electronics,3.0,6884.96,20654.88,25.04,156,20,8,0,net banking,208
3378,46.0,chennai,PREMIUM,Furniture,17.0,48639.5,826871.5,3.13,325,141,15,17,Net Banking,1343
3379,68.0,MUMBAI,PREMIUM,Books,5.0,14436.67,72183.35,30.33,245,3,6,5,CREDIT CARD,72
3380,35.0,MUMBAI,inactive,clothing,43.0,25030.99,1076332.57,10.65,105,79,9,8,credit card,118
3381,44.0,bangalore,premium,books,3.0,40337.08,121011.24,14.71,203,1,2,0,cash,628
3382,25.0,MUMBAI,premium,Clothing,22.0,18636.15,409995.3,48.0,234,147,9,4,Credit Card,1506
3383,48.0,Mumbai,inactive,Sports,9.0,34111.26,307001.34,29.84,183,109,14,2,cash,204
3384,49.0,BANGALORE,premium,sports,34.0,,1364641.34,30.0,287,150,17,31,net banking,1768
3385,70.0,hyderabad,new,groceries,31.0,36909.72,1144201.32,45.89,33,56,16,30,Net Banking,1374
3386,22.0,Mumbai,Regular,furniture,35.0,4659.22,163072.7,48.55,115,158,14,10,Credit Card,598
3387,50.0,Kolkata,Regular,Electronics,18.0,18381.68,330870.24,29.35,164,88,16,13,net banking,1685
3388,23.0,hyderabad,Regular,clothing,8.0,27158.27,217266.16,44.94,16,128,18,6,debit card,1520
3389,61.0,chennai,Regular,Sports,41.0,39870.28,1634681.48,17.39,249,82,16,21,Cash,424
3390,54.0, Chennai ,NEW,Sports,21.0,12302.09,258343.89,19.56,72,9,11,8,debit card,1260
3391,30.0,Delhi,Inactive,ELECTRONICS,29.0,4516.93,130990.97,28.18,129,8,13,7,net banking,673
3392,44.0,hyderabad,Premium,ELECTRONICS,4.0,37074.64,148298.56,48.18,39,197,11,1,Net Banking,1174
3393,60.0,delhi,PREMIUM,Electronics,44.0,44818.69,1972022.36,17.95,333,90,10,14,cash,684
3394,35.0,DELHI,Premium,GROCERIES,49.0,46983.7,2302201.3,25.81,304,174,13,29,Net Banking,1460
3395,50.0,kolkata,NEW,Books,38.0,46392.87,1762929.06,8.24,70,28,1,2,Net Banking,1626
3396,26.0,Chennai,regular,Electronics,50.0,37926.79,1896339.5,15.52,35,32,5,18,upi,246
3397,62.0,hyderabad,REGULAR,Sports,32.0,27102.04,867265.28,0.78,144,25,0,19,net banking,905
3398,44.0,Kolkata,premium,Furniture,27.0,13227.05,357130.35,13.67,222,33,9,9,Net Banking,151
3399,62.0,delhi,Inactive,Furniture,27.0,23765.94,641680.38,5.75,9,31,16,14,Net Banking,1624
3400,18.0,Delhi,Regular,ELECTRONICS,21.0,23430.58,492042.18,2.35,147,169,9,7,Credit Card,979
3401,33.0,Mumbai,regular,books,25.0,33140.65,828516.25,38.63,290,158,15,21,debit card,1260
3402,-5.0,chennai,Regular,Sports,50.0,3323.83,166191.5,39.9,117,132,3,29,Net Banking,1308
3403,56.0,kolkata,Inactive,furniture,10.0,13425.53,134255.3,42.07,83,73,14,0,debit card,1781
3404,, Chennai ,premium,Sports,13.0,3429.8,44587.4,25.58,148,63,4,3,credit card,1697
3405,34.0,bangalore,New,books,24.0,5296.42,127114.08,39.36,86,119,11,19,credit card,1702
3406,48.0,chennai,Premium,Clothing,18.0,12480.63,224651.34,37.95,139,51,4,11,upi,1680
3407,61.0,Kolkata,regular,Electronics,45.0,16864.88,758919.6,19.0,162,24,20,42,CREDIT CARD,450
3408,25.0,CHENNAI,REGULAR,clothing,7.0,32030.88,224216.16,5.68,14,164,4,0,upi,53
3409,49.0, Chennai ,Regular,sports,26.0,32655.95,849054.7,10.2,17,93,4,5,credit card,1412
3410,37.0,delhi,PREMIUM,Sports,28.0,39316.7,1100867.6,21.89,126,192,11,26,Debit Card,1177
3411,34.0,Mumbai,REGULAR,Books,28.0,6436.0,180208.0,41.63,56,176,10,21,Cash,1199
3412,63.0,DELHI,regular,sports,10.0,,209478.1,35.09,274,71,10,5,Debit Card,928
3413,66.0,Bangalore,NEW,ELECTRONICS,26.0,26733.4,695068.4,35.99,320,95,1,17,credit card,582
3414,57.0,pune,inactive,clothing,3.0,9557.13,28671.39,9.58,100,89,17,2,Cash,501
3415,70.0,bangalore,NEW,Electronics,45.0,10709.58,481931.1,33.48,322,86,20,10,net banking,1090
3416,19.0,Bangalore,Premium,Books,32.0,16149.54,516785.28,43.64,341,131,2,28,Debit Card,768
3417,34.0,DELHI,PREMIUM,Groceries,12.0,14384.69,172616.28,35.06,253,126,15,4,debit card,1624
3418,35.0,pune,New,clothing,38.0,12641.46,480375.48,15.31,145,14,1,27,Credit Card,821
3419,54.0,Pune,NEW,ELECTRONICS,25.0,15233.74,380843.5,21.72,344,118,11,25,UPI,1673
3420,31.0,Kolkata,new,furniture,15.0,39365.29,590479.35,40.78,288,91,20,9,cash,1677
3421,42.0,Chennai,Inactive,electronics,9.0,6503.53,58531.77,44.3,131,7,14,2,UPI,548
3422,69.0,bangalore,Regular,furniture,28.0,2654.41,74323.48,37.78,31,147,19,27,Debit Card,319
3423,58.0,delhi,new,Electronics,29.0,28401.48,823642.92,19.86,70,93,3,22,Net Banking,637
3424,30.0, Chennai ,inactive,groceries,50.0,3310.2,165510.0,6.58,31,167,7,47,cash,1448
3425,67.0,pune,regular,Clothing,44.0,31913.76,1404205.44,25.43,272,67,8,9,Net Banking,1170
3426,54.0,bangalore,PREMIUM,Sports,16.0,21655.3,346484.8,39.32,256,152,8,13,debit card,718
3427,69.0,DELHI,Inactive,sports,48.0,44844.62,2152541.76,35.56,182,117,16,7,CREDIT CARD,948
3428,64.0,MUMBAI,premium,GROCERIES,46.0,43767.05,2013284.3,34.05,338,37,14,46,credit card,1113
3429,32.0,Mumbai,PREMIUM,Sports,18.0,45160.63,812891.34,8.07,308,54,12,4,Net Banking,823
3430,24.0,hyderabad,New,books,18.0,35669.36,642048.48,38.32,142,11,8,12,UPI,1389
3431,41.0, Chennai ,premium,ELECTRONICS,36.0,19199.77,691191.72,25.23,63,5,11,0,CREDIT CARD,1478
3432,69.0,Mumbai,NEW,sports,39.0,8515.8,332116.2,23.84,333,75,20,21,Cash,760
3433,28.0,kolkata,PREMIUM,GROCERIES,50.0,46597.01,2329850.5,21.0,247,70,5,13,Cash,460
3434,38.0,delhi,Regular,Books,15.0,41086.02,616290.3,49.74,234,50,4,14,net banking,472
3435,56.0,Hyderabad,Inactive,ELECTRONICS,,,247986.9,17.24,22,4,4,0,Credit Card,1032
3436,46.0,mumbai,premium,clothing,13.0,44754.67,581810.71,31.33,357,134,12,9,cash,1642
3437,42.0,Bangalore,Regular,books,32.0,3880.02,124160.64,45.13,244,64,3,1,UPI,401
3438,18.0,Pune,Inactive,Furniture,13.0,3741.92,48644.96,22.66,16,171,18,5,Credit Card,1005
3439,57.0,MUMBAI,Regular,GROCERIES,29.0,42574.56,1234662.24,45.23,54,34,19,15,Debit Card,593
3440,23.0,DELHI,NEW,Groceries,4.0,44739.31,178957.24,38.36,351,177,14,2,Cash,1338
3441,62.0,Chennai,NEW,ELECTRONICS,27.0,27433.48,740703.96,0.93,312,16,15,4,CREDIT CARD,86
3442,53.0,Kolkata,premium,books,11.0,47216.48,519381.28,6.06,300,193,8,5,CREDIT CARD,532
3443,56.0,Bangalore,Inactive,groceries,50.0,2371.23,118561.5,11.73,39,84,19,49,Cash,1086
3444,64.0,hyderabad,REGULAR,electronics,30.0,18358.53,550755.9,39.48,16,51,5,6,Credit Card,1707
3445,53.0,kolkata,NEW,Electronics,28.0,43254.34,1211121.52,44.3,145,18,14,10,Credit Card,376
3446,68.0,delhi,premium,Clothing,2.0,2830.43,5660.86,25.66,280,109,15,2,UPI,1086
3447,62.0,Kolkata,REGULAR,Groceries,44.0,27289.88,1200754.72,47.47,3,151,10,36,credit card,651
3448,39.0,chennai,regular,furniture,29.0,9210.79,267112.91,12.41,212,160,9,21,upi,292
3449,46.0,mumbai,NEW,groceries,22.0,5667.01,124674.22,45.56,148,197,4,1,debit card,1654
3450,32.0,Pune,regular,Books,43.0,16535.66,711033.38,2.3,353,67,12,9,credit card,1027
3451,42.0,delhi,inactive,Clothing,19.0,30436.32,578290.08,10.06,294,74,3,13,upi,949
3452,34.0,chennai,new,Furniture,44.0,28207.34,1241122.96,43.85,215,145,16,44,UPI,1121
3453,38.0,hyderabad,regular,furniture,5.0,47907.94,239539.7,4.3,203,166,13,3,cash,339
3454,45.0,DELHI,premium,Furniture,29.0,31428.31,911420.99,32.66,231,138,19,28,UPI,473
3455,,Kolkata,Premium,electronics,11.0,14297.61,157273.71,10.64,57,111,8,5,cash,1402
3456,56.0,kolkata,PREMIUM,clothing,16.0,49335.02,789360.32,21.93,8,70,14,0,debit card,110
3457,48.0,pune,Regular,groceries,23.0,3879.47,89227.81,25.45,229,96,12,18,CREDIT CARD,914
3458,62.0,pune,PREMIUM,Books,4.0,41767.13,167068.52,38.67,113,172,5,3,Debit Card,731
3459,-5.0,Kolkata,premium,ELECTRONICS,24.0,19774.91,474597.84,24.19,95,19,4,7,Credit Card,85
3460,53.0,Bangalore,new,Sports,33.0,43194.87,1425430.71,17.45,301,30,11,14,CREDIT CARD,1475
3461,37.0,mumbai,REGULAR,Books,25.0,19342.54,483563.5,0.35,277,186,0,10,Net Banking,1691
3462,52.0,MUMBAI,New,Sports,39.0,2785.8,108646.2,47.69,16,52,8,4,Debit Card,1713
3463,58.0,BANGALORE,REGULAR,Sports,13.0,6687.99,86943.87,25.78,223,188,17,4,Cash,1421
3464,56.0,hyderabad,new,books,2.0,36950.17,73900.34,40.06,219,12,0,1,debit card,802
3465,24.0,delhi,Regular,Clothing,29.0,2053.65,59555.85,2.54,143,188,18,2,cash,1029
3466,37.0,DELHI,Regular,groceries,36.0,22165.3,797950.8,33.02,327,98,7,32,Net Banking,924
3467,29.0,CHENNAI,REGULAR,GROCERIES,46.0,24744.74,1138258.04,15.05,4,190,10,16,UPI,1736
3468,50.0,Hyderabad,New,electronics,34.0,7887.42,6900298.76,38.02,256,79,2,17,CREDIT CARD,1031
3469,50.0,bangalore,Regular,Sports,5.0,12909.28,64546.4,36.29,310,129,16,3,CREDIT CARD,886
3470,31.0,delhi,inactive,furniture,12.0,4566.81,54801.72,8.05,105,183,7,9,Cash,1739
3471,69.0,kolkata,PREMIUM,electronics,21.0,28377.75,595932.75,1.19,237,179,3,6,CREDIT CARD,1385
3472,,Chennai,regular,sports,18.0,47429.73,853735.14,12.93,180,108,14,15,credit card,774
3473,70.0,delhi,premium,sports,30.0,32670.22,980106.6,18.99,4,76,10,13,net banking,1236
3474,32.0,pune,premium,electronics,26.0,34438.3,895395.8,36.93,190,113,20,12,Net Banking,1641
3475,70.0,hyderabad,New,Groceries,31.0,36119.05,1119690.55,19.24,129,124,12,2,net banking,752
3476,26.0,Chennai,NEW,Sports,48.0,46452.12,2229701.76,42.49,72,151,13,19,UPI,686
3477,29.0,CHENNAI,new,Groceries,4.0,14732.15,58928.6,31.16,266,127,16,1,Cash,1173
3478,50.0,Kolkata,PREMIUM,GROCERIES,24.0,15304.77,367314.48,150.0,86,2,13,2,cash,1463
3479,53.0,bangalore,Premium,groceries,39.0,8923.3,348008.7,41.34,240,174,7,33,upi,1637
3480,61.0,delhi,Premium,Electronics,25.0,40120.11,6900298.76,6.98,213,111,6,18,Credit Card,533
3481,28.0,CHENNAI,regular,Clothing,4.0,10102.04,40408.16,27.2,98,146,7,1,Credit Card,191
3482,24.0, Chennai ,NEW,clothing,43.0,1561.89,67161.27,17.68,257,137,10,21,net banking,1050
3483,38.0,bangalore,PREMIUM,sports,19.0,18096.22,343828.18,28.48,54,88,2,8,Debit Card,873
3484,56.0,hyderabad,regular,Groceries,30.0,35521.81,1065654.3,26.16,163,19,14,30,Cash,1148
3485,30.0,kolkata,new,sports,6.0,,198049.08,16.41,204,109,19,3,Debit Card,1375
3486,31.0,Pune,Inactive,Groceries,46.0,44318.67,2038658.82,26.86,341,65,2,29,cash,1123
3487,27.0,Bangalore,inactive,groceries,3.0,34778.78,104336.34,30.0,299,29,13,1,debit card,1792
3488,45.0,DELHI,inactive,GROCERIES,27.0,35332.22,953969.94,8.41,101,101,17,9,CREDIT CARD,913
3489,51.0,bangalore,premium,GROCERIES,38.0,23149.93,879697.34,21.71,290,187,19,3,credit card,1694
3490,18.0,Mumbai,inactive,books,32.0,40752.92,1304093.44,30.34,30,174,19,20,cash,1799
3491,26.0,Chennai,Regular,Furniture,43.0,22982.73,988257.39,5.04,66,32,11,40,credit card,1201
3492,20.0,delhi,REGULAR,sports,25.0,8990.33,224758.25,15.24,139,107,5,4,Credit Card,222
3493,43.0,Bangalore,New,groceries,14.0,31792.4,445093.6,11.79,109,174,11,0,net banking,348
3494,36.0,MUMBAI,PREMIUM,groceries,9.0,,148411.08,33.68,47,71,0,3,Credit Card,1347
3495,49.0,Bangalore,REGULAR,books,39.0,37957.52,1480343.28,41.91,34,173,8,10,Credit Card,319
3496,36.0,kolkata,regular,Clothing,49.0,47429.27,2324034.23,2.46,144,95,0,48,Cash,464
3497,65.0,Delhi,PREMIUM,Furniture,4.0,42820.95,171283.8,31.98,290,156,14,0,CREDIT CARD,572
3498,35.0,Chennai,regular,Books,13.0,4758.93,61866.09,45.36,7,120,15,1,cash,1171
3499,29.0,Delhi,inactive,Groceries,45.0,34628.25,1558271.25,46.94,67,194,15,30,cash,1347
3500,32.0,Kolkata,New,Groceries,22.0,13234.13,291150.86,19.89,225,33,14,11,Net Banking,491
3501,39.0,Bangalore,regular,Furniture,7.0,14760.98,103326.86,46.88,93,100,13,6,credit card,725
3502,61.0,,Inactive,Clothing,50.0,29066.49,1453324.5,43.5,311,69,5,29,Credit Card,1734
3503,26.0,CHENNAI,REGULAR,Electronics,42.0,5361.99,225203.58,44.24,114,163,7,36,Credit Card,924
3504,28.0,Kolkata,Inactive,books,48.0,27209.91,1306075.68,30.65,170,130,5,18,Net Banking,999
3505,30.0,MUMBAI,Inactive,electronics,9.0,30349.55,273145.95,30.18,23,57,14,1,Cash,254
3506,27.0,hyderabad,REGULAR,furniture,16.0,28584.28,457348.48,39.38,162,119,2,9,CREDIT CARD,202
3507,68.0,CHENNAI,New,Sports,12.0,49159.7,589916.4,1.68,362,101,20,11,cash,696
3508,56.0,CHENNAI,Premium,Electronics,46.0,14167.25,651693.5,12.57,202,65,6,25,debit card,624
3509,34.0,MUMBAI,PREMIUM,sports,50.0,28389.64,1419482.0,39.72,302,24,8,9,CREDIT CARD,1443
3510,66.0,Chennai,inactive,Electronics,30.0,,949438.2,8.26,227,8573,16,7,UPI,351
3511,47.0,kolkata,Premium,books,41.0,25609.91,1050006.31,44.13,229,140,10,30,credit card,145
3512,56.0,MUMBAI,Regular,Furniture,49.0,18920.58,927108.42,1.97,23,151,1,3,cash,896
3513,31.0,Mumbai,REGULAR,Furniture,47.0,43093.11,2025376.17,32.27,244,115,10,18,upi,787
3514,53.0,Hyderabad,premium,GROCERIES,11.0,27860.63,306466.93,15.45,237,168,0,3,debit card,591
3515,69.0,Hyderabad,inactive,Clothing,15.0,9598.62,143979.3,14.35,194,91,20,13,net banking,613
3516,70.0,CHENNAI,REGULAR,clothing,48.0,20835.52,1000104.96,10.03,62,120,10,31,Debit Card,672
3517,66.0,CHENNAI,NEW,Groceries,7.0,39486.6,276406.2,42.16,256,102,18,6,UPI,1471
3518,70.0,pune,REGULAR,furniture,27.0,16696.84,450814.68,20.59,22,164,7,22,Debit Card,946
3519,65.0,Bangalore,PREMIUM,ELECTRONICS,37.0,42228.87,1562468.19,36.84,265,66,20,8,credit card,47
3520,54.0,mumbai,PREMIUM,ELECTRONICS,21.0,5082.77,106738.17,13.28,181,123,18,20,UPI,1748
3521,64.0,MUMBAI,new,Sports,9.0,11877.68,106899.12,19.82,24,70,2,4,CREDIT CARD,909
3522,37.0,MUMBAI,Premium,ELECTRONICS,40.0,42389.57,1695582.8,2.31,40,57,15,9,CREDIT CARD,1239
3523,53.0,Mumbai,premium,Electronics,40.0,39068.58,1562743.2,18.09,77,80,6,38,CREDIT CARD,370
3524,56.0,bangalore,Premium,electronics,46.0,49467.78,2275517.88,33.35,157,146,12,8,net banking,563
3525,19.0,hyderabad,New,Sports,42.0,33546.93,1408971.06,40.5,102,155,1,34,Net Banking,1132
3526,31.0,DELHI,new,groceries,30.0,34508.38,1035251.4,1.2,225,130,4,9,debit card,847
3527,45.0,BANGALORE,New,furniture,20.0,34547.73,690954.6,11.1,351,2,18,20,debit card,460
3528,51.0,Hyderabad,NEW,ELECTRONICS,44.0,37298.45,1641131.8,45.27,9,136,10,21,Cash,400
3529,39.0,Hyderabad,PREMIUM,furniture,31.0,39741.47,1231985.57,18.85,290,193,4,13,CREDIT CARD,700
3530,46.0,mumbai,new,Clothing,41.0,47301.22,1939350.02,35.89,212,139,19,10,Net Banking,142
3531,64.0,delhi,new,ELECTRONICS,13.0,39157.39,509046.07,34.0,130,164,8,6,upi,844
3532,24.0,chennai,REGULAR,electronics,20.0,30175.02,603500.4,37.18,45,140,1,12,net banking,840
3533,28.0,kolkata,NEW,groceries,49.0,37071.74,1816515.26,26.0,268,121,19,10,debit card,543
3534,56.0,delhi,Premium,Books,16.0,34168.95,546703.2,39.82,333,174,19,11,credit card,1095
3535,45.0,Bangalore,New,Books,6.0,11862.62,71175.72,14.98,25,144,17,1,cash,511
3536,24.0,Pune,Regular,Furniture,2.0,6504.6,13009.2,28.97,98,69,15,1,Cash,169
3537,69.0,,inactive,books,14.0,24951.0,349314.0,24.69,127,162,19,8,Credit Card,216
3538,67.0,mumbai,PREMIUM,Books,2.0,4300.55,8601.1,10.75,257,196,11,0,Credit Card,42
3539,58.0,Mumbai,Regular,furniture,7.0,18508.72,129561.04,10.81,100,63,12,3,cash,166
3540,36.0,Chennai,Inactive,Furniture,12.0,4437.7,53252.4,24.25,94,63,3,8,Cash,903
3541,48.0,mumbai,Premium,books,8.0,9555.16,76441.28,17.38,10,63,3,7,Net Banking,1331
3542,38.0,BANGALORE,Inactive,sports,45.0,1180.19,53108.55,34.96,354,27,20,37,cash,1569
3543,65.0,CHENNAI,new,groceries,22.0,42223.31,928912.82,44.18,90,76,9,16,Debit Card,556
3544,31.0,kolkata,new,electronics,24.0,45700.7,1096816.8,15.63,253,78,13,19,credit card,262
3545,47.0,chennai,NEW,GROCERIES,1.0,7102.03,7102.03,7.03,96,9,8,0,Credit Card,1306
3546,33.0,kolkata,Premium,books,,46688.05,1634081.75,10.11,322,183,18,0,CREDIT CARD,1744
3547,31.0,mumbai,premium,groceries,43.0,34222.53,1471568.79,1.25,308,182,6,11,debit card,1459
3548,22.0,Pune,Regular,ELECTRONICS,44.0,36933.36,1625067.84,17.52,365,116,12,10,UPI,332
3549,59.0,chennai,PREMIUM,electronics,15.0,6029.31,90439.65,21.83,289,89,9,5,net banking,1555
3550,31.0,mumbai,New,GROCERIES,44.0,1815.33,79874.52,37.46,43,103,14,32,credit card,261
3551,69.0,Hyderabad,new,Books,48.0,27082.37,1299953.76,36.84,307,2,5,20,credit card,712
3552,30.0,kolkata,New,books,17.0,37823.61,643001.37,21.62,120,200,0,5,CREDIT CARD,113
3553,57.0,pune,regular,electronics,31.0,34445.59,1067813.29,46.55,174,54,20,1,debit card,1409
3554,18.0,bangalore,Regular,electronics,39.0,26334.34,1027039.26,38.97,32,171,10,1,Net Banking,690
3555,68.0,Bangalore,Premium,Furniture,17.0,25339.13,430765.21,8.19,150,106,15,14,Credit Card,506
3556,68.0,Kolkata,NEW,clothing,28.0,22878.17,640588.76,24.61,4,144,20,23,Debit Card,78
3557,59.0,hyderabad,New,clothing,43.0,15058.71,647524.53,2.02,262,60,10,20,Credit Card,202
3558,49.0,mumbai,new,ELECTRONICS,30.0,32241.42,967242.6,49.1,125,186,4,17,CREDIT CARD,1186
3559,19.0, Chennai ,NEW,Clothing,9.0,1038.67,9348.03,5.4,81,17,6,4,Credit Card,904
3560,30.0,BANGALORE,NEW,Electronics,5.0,44346.85,221734.25,29.83,187,8,5,2,Credit Card,851
3561,38.0,CHENNAI,premium,Sports,31.0,32082.82,994567.42,41.6,244,20,2,29,Credit Card,1398
3562,43.0,delhi,NEW,Groceries,29.0,28553.65,828055.85,45.62,285,104,6,20,cash,213
3563,28.0,delhi,Premium,GROCERIES,48.0,33182.09,1592740.32,1.26,325,77,17,43,credit card,534
3564,52.0,kolkata,premium,furniture,4.0,45738.74,182954.96,4.99,141,86,13,3,upi,981
3565,46.0,Hyderabad,premium,furniture,22.0,6897.69,151749.18,28.22,15,25,15,1,Cash,343
3566,68.0, Chennai ,new,groceries,20.0,16889.76,337795.2,46.6,248,120,1,4,CREDIT CARD,1392
3567,31.0,Pune,Premium,clothing,46.0,49266.21,2266245.66,47.86,157,116,16,10,Net Banking,972
3568,-5.0,Mumbai,REGULAR,books,13.0,36562.15,475307.95,2.97,181,163,18,10,CREDIT CARD,1119
3569,35.0,kolkata,Inactive,Furniture,31.0,39300.09,1218302.79,18.04,258,128,5,29,CREDIT CARD,1298
3570,56.0,MUMBAI,Regular,Sports,47.0,17302.79,813231.13,23.63,351,161,0,10,debit card,91
3571,70.0,Delhi,Inactive,Furniture,26.0,33465.92,870113.92,9.77,311,136,9,24,upi,616
3572,52.0,DELHI,regular,ELECTRONICS,44.0,23018.17,1012799.48,29.28,120,82,12,43,UPI,298
3573,63.0,Delhi,Inactive,electronics,36.0,36785.61,1324281.96,20.82,233,104,5,9,Net Banking,539
3574,39.0,Delhi,Regular,books,20.0,44800.23,896004.6,46.95,323,41,1,3,upi,898
3575,30.0,Delhi,regular,Books,4.0,6276.2,25104.8,34.56,69,24,11,3,Debit Card,553
3576,62.0,Bangalore,PREMIUM,books,27.0,10983.13,296544.51,8.57,271,143,13,5,Debit Card,429
3577,41.0,hyderabad,Premium,clothing,18.0,13684.05,246312.9,18.15,61,190,20,9,Debit Card,584
3578,36.0,Mumbai,premium,electronics,7.0,23625.84,165380.88,13.26,295,68,9,5,Net Banking,1343
3579,,mumbai,premium,Sports,36.0,26808.19,965094.84,14.96,321,197,9,24,Debit Card,1065
3580,25.0,bangalore,premium,ELECTRONICS,40.0,6006.55,240262.0,48.94,209,70,15,39,CREDIT CARD,545
3581,60.0,BANGALORE,regular,ELECTRONICS,38.0,30013.48,1140512.24,25.06,227,45,8,28,Debit Card,691
3582,31.0,kolkata,new,Groceries,49.0,32434.79,1589304.71,40.6,185,62,0,3,Net Banking,677
3583,69.0, Chennai ,regular,Groceries,42.0,4227.07,177536.94,26.45,143,123,18,11,cash,510
3584,21.0,Bangalore,new,books,36.0,8990.06,323642.16,16.21,101,20,0,32,credit card,317
3585,34.0,BANGALORE,regular,Clothing,48.0,24180.84,1160680.32,32.0,197,44,9,13,Credit Card,1705
3586,58.0,CHENNAI,regular,Sports,27.0,1155.69,31203.63,21.04,303,100,3,23,Credit Card,803
3587,69.0,Hyderabad,Regular,sports,29.0,45700.17,1325304.93,30.36,76,17,16,29,Net Banking,1254
3588,62.0,chennai,New,Groceries,1.0,21524.66,21524.66,42.48,137,113,2,1,Cash,48
3589,24.0, Chennai ,PREMIUM,Groceries,1.0,7370.26,7370.26,49.55,42,107,1,0,debit card,1589
3590,21.0,mumbai,new,ELECTRONICS,36.0,46453.62,1672330.32,31.05,213,131,7,8,credit card,383
3591,21.0,Pune,New,electronics,17.0,37502.88,637548.96,30.85,152,37,11,1,Net Banking,1296
3592,43.0,BANGALORE,Inactive,furniture,41.0,37746.38,1547601.58,22.63,134,42,1,3,cash,168
3593,36.0,CHENNAI,regular,books,18.0,7252.54,130545.72,19.61,329,122,7,15,CREDIT CARD,535
3594,63.0,Pune,New,electronics,46.0,48997.9,2253903.4,28.94,87,133,10,38,Cash,589
3595,47.0,Bangalore,inactive,GROCERIES,45.0,22122.43,995509.35,44.77,251,180,19,32,CREDIT CARD,1244
3596,32.0,Chennai,REGULAR,Groceries,32.0,24154.09,772930.88,23.46,308,165,17,13,upi,938
3597,45.0,Chennai,new,clothing,47.0,31473.87,1479271.89,2.02,301,56,19,17,cash,1126
3598,24.0,Bangalore,Premium,Books,18.0,40956.74,737221.32,11.49,29,61,10,13,Credit Card,1821
3599,26.0,kolkata,REGULAR,Books,36.0,31817.33,1145423.88,30.95,197,109,0,26,Debit Card,761
3600,37.0,hyderabad,New,Electronics,32.0,16669.34,533418.88,4.09,88,23,1,5,net banking,625
3601,26.0,BANGALORE,PREMIUM,Sports,9.0,19294.63,173651.67,41.92,147,27,16,0,CREDIT CARD,1780
3602,35.0,bangalore,Inactive,clothing,4.0,25334.61,101338.44,49.13,311,163,7,2,upi,794
3603,33.0,Bangalore,PREMIUM,Books,18.0,32225.03,580050.54,23.53,233,196,18,10,Credit Card,1715
3604,46.0,Hyderabad,inactive,Groceries,50.0,38816.38,1940819.0,22.94,115,125,8,35,UPI,1519
3605,65.0,Mumbai,REGULAR,electronics,,8941.36,98354.96,16.55,283,75,13,0,Cash,1761
3606,58.0,chennai,premium,Sports,32.0,40369.02,1291808.64,38.64,81,123,18,11,Cash,590
3607,54.0,Hyderabad,REGULAR,ELECTRONICS,14.0,39433.64,552070.96,19.87,131,174,18,14,Cash,1292
3608,21.0,Mumbai,Premium,books,15.0,33406.29,501094.35,16.97,20,113,0,1,net banking,567
3609,66.0,CHENNAI,REGULAR,furniture,46.0,4566.33,210051.18,6.45,74,107,18,20,Net Banking,685
3610,32.0,Pune,REGULAR,electronics,46.0,49662.93,2284494.78,33.79,312,124,12,45,Debit Card,713
3611,28.0,DELHI,New,electronics,20.0,6976.63,139532.6,21.72,86,6,8,1,net banking,755
3612,27.0,Chennai,New,Books,16.0,10622.41,169958.56,44.26,40,18,16,15,net banking,1045
3613,30.0,hyderabad,PREMIUM,Furniture,12.0,32710.0,392520.0,45.1,309,49,6,11,net banking,114
3614,36.0, Chennai ,Inactive,electronics,31.0,4708.93,145976.83,44.22,197,13,7,12,cash,503
3615,21.0,kolkata,REGULAR,clothing,19.0,4798.44,91170.36,32.51,128,108,20,13,Credit Card,1391
3616,29.0,Chennai,inactive,furniture,13.0,4814.51,62588.63,23.56,284,139,1,11,CREDIT CARD,1431
3617,22.0,chennai,Inactive,Clothing,27.0,24533.38,662401.26,48.82,212,128,14,25,Net Banking,961
3618,33.0,Hyderabad,REGULAR,Books,30.0,19185.02,575550.6,17.85,153,85,19,28,Credit Card,456
3619,34.0,kolkata,premium,furniture,22.0,40393.17,888649.74,34.79,104,92,3,3,Credit Card,316
3620,42.0,MUMBAI,Inactive,Groceries,24.0,10668.47,256043.28,41.13,276,159,4,6,Debit Card,416
3621,59.0,CHENNAI,Regular,Groceries,44.0,37387.75,1645061.0,3.49,336,134,10,21,Credit Card,981
3622,19.0,Mumbai,New,clothing,2.0,21892.15,6900298.76,40.01,217,4,12,1,debit card,1499
3623,24.0,Bangalore,inactive,electronics,48.0,41332.49,1983959.52,15.29,260,123,13,10,credit card,890
3624,36.0,Pune,Regular,sports,17.0,33214.68,564649.56,22.66,297,117,7,1,CREDIT CARD,1224
3625,36.0,chennai,New,furniture,21.0,41340.12,868142.52,45.91,177,43,1,5,Debit Card,1546
3626,69.0,bangalore,NEW,furniture,14.0,,321587.84,38.42,83,96,17,2,net banking,571
3627,51.0,Pune,Inactive,electronics,38.0,33659.9,1279076.2,41.36,302,77,19,22,credit card,816
3628,61.0,Bangalore,Inactive,furniture,5.0,37582.43,187912.15,35.02,142,81,12,5,debit card,641
3629,45.0,delhi,REGULAR,ELECTRONICS,16.0,41320.99,661135.84,0.3,133,19,11,5,debit card,1817
3630,27.0,kolkata,New,GROCERIES,35.0,18591.17,650690.95,12.78,5,18,16,30,Net Banking,1256
3631,61.0,bangalore,Premium,electronics,44.0,15412.43,678146.92,22.57,23,192,19,43,Debit Card,897
3632,49.0,Mumbai,inactive,Groceries,3.0,37273.73,111821.19,45.38,358,8,1,2,cash,187
3633,47.0,Kolkata,Premium,books,41.0,25016.71,1025685.11,13.49,217,11,7,6,upi,230
3634,32.0,DELHI,Premium,sports,32.0,29576.57,946450.24,6.38,351,191,2,24,debit card,746
3635,48.0,Bangalore,PREMIUM,GROCERIES,23.0,14784.77,340049.71,8.96,258,183,6,4,net banking,1575
3636,43.0,Kolkata,inactive,Furniture,22.0,46061.09,1013343.98,47.97,349,14,13,12,net banking,1070
3637,22.0,bangalore,REGULAR,sports,30.0,5935.68,178070.4,16.26,213,174,13,2,upi,879
3638,53.0,pune,regular,Electronics,37.0,12355.94,457169.78,46.71,123,100,8,26,cash,58
3639,39.0,pune,REGULAR,Groceries,8.0,34932.32,279458.56,5.83,37,57,6,5,upi,414
3640,29.0,Mumbai,regular,Groceries,5.0,25782.61,128913.05,18.66,311,104,2,4,CREDIT CARD,196
3641,27.0,Hyderabad,Inactive,GROCERIES,48.0,44653.07,2143347.36,27.9,359,100,18,31,net banking,652
3642,51.0,Kolkata,Inactive,Books,33.0,31559.92,1041477.36,49.52,102,22,18,27,Debit Card,149
3643,40.0,mumbai,new,Sports,4.0,13363.6,53454.4,10.24,293,47,5,2,Cash,1528
3644,23.0,Hyderabad,regular,ELECTRONICS,16.0,714.06,11424.96,6.03,248,73,12,0,credit card,1029
3645,42.0,MUMBAI,premium,Books,39.0,4978.6,194165.4,41.27,218,63,14,1,net banking,773
3646,60.0,bangalore,Regular,Books,25.0,719.33,17983.25,39.41,89,50,0,13,Debit Card,743
3647,44.0,Kolkata,Regular,Sports,48.0,17962.88,862218.24,22.74,201,159,9,10,Cash,1096
3648,37.0,CHENNAI,Premium,Books,20.0,44053.69,881073.8,41.9,364,10,6,5,Net Banking,446
3649,19.0,MUMBAI,PREMIUM,clothing,50.0,26426.17,1321308.5,35.47,156,178,12,13,UPI,290
3650,61.0,Delhi,REGULAR,books,27.0,4502.75,121574.25,27.84,354,193,4,0,Debit Card,1739
3651,52.0,Chennai,inactive,books,28.0,42918.9,1201729.2,33.63,299,85,16,21,upi,314
3652,60.0,CHENNAI,NEW,Groceries,13.0,45964.69,597540.97,48.39,33,182,3,1,cash,365
3653,50.0,CHENNAI,new,GROCERIES,39.0,1985.99,77453.61,46.96,327,101,13,24,upi,498
3654,43.0,DELHI,new,ELECTRONICS,33.0,,136787.31,12.31,213,84,18,32,debit card,718
3655,18.0,MUMBAI,Regular,Sports,32.0,30749.97,983999.04,35.86,342,170,19,17,Credit Card,1735
3656,32.0,Kolkata,REGULAR,Clothing,23.0,31830.62,732104.26,9.9,56,169,6,4,debit card,1544
3657,-5.0,Mumbai,new,sports,22.0,21020.27,462445.94,41.52,299,162,10,1,Debit Card,141
3658,41.0,BANGALORE,NEW,GROCERIES,36.0,3548.59,127749.24,39.48,65,180,12,21,CREDIT CARD,611
3659,57.0,DELHI,NEW,furniture,5.0,25274.62,126373.1,8.0,307,130,7,4,net banking,376
3660,18.0,CHENNAI,REGULAR,electronics,18.0,29561.52,532107.36,22.09,212,69,18,2,Debit Card,849
3661,64.0,CHENNAI,New,books,23.0,22302.94,512967.62,41.96,71,131,5,4,upi,252
3662,54.0,Bangalore,inactive,clothing,46.0,46483.76,2138252.96,33.32,13,34,18,19,net banking,1782
3663,34.0,pune,regular,Clothing,43.0,42696.63,1835955.09,40.72,164,118,15,26,upi,187
3664,64.0,Delhi,NEW,Furniture,28.0,17491.43,489760.04,17.0,18,182,18,27,credit card,1458
3665,41.0,bangalore,New,sports,29.0,26020.63,754598.27,7.08,107,145,20,23,UPI,1579
3666,55.0,MUMBAI,New,Books,1.0,46222.28,46222.28,28.96,146,23,4,1,Credit Card,880
3667,42.0, Chennai ,NEW,Books,21.0,33732.06,708373.26,20.49,362,136,15,17,Credit Card,927
3668,,Chennai,inactive,ELECTRONICS,2.0,45167.87,90335.74,45.16,325,183,6,2,net banking,235
3669,22.0,mumbai,Premium,Books,37.0,31081.37,1150010.69,19.8,245,110,7,28,CREDIT CARD,65
3670,30.0,hyderabad,Regular,clothing,50.0,12885.93,644296.5,11.19,193,93,13,30,Credit Card,972
3671,58.0, Chennai ,Inactive,Sports,45.0,624.26,28091.7,20.28,167,126,9,12,Cash,865
3672,49.0,Kolkata,Premium,Groceries,17.0,19859.13,337605.21,22.53,308,63,2,12,debit card,1516
3673,56.0,Chennai,Inactive,sports,22.0,13892.03,305624.66,21.29,282,168,17,15,Debit Card,1501
3674,60.0,chennai,REGULAR,Furniture,33.0,21723.37,716871.21,6.23,83,85,6,6,CREDIT CARD,1237
3675,69.0,mumbai,New,books,27.0,6825.1,184277.7,13.61,254,200,16,1,cash,96
3676,54.0,Bangalore,NEW,Electronics,20.0,1199.4,23988.0,4.53,151,99,3,10,Cash,1642
3677,47.0,Chennai,Premium,Electronics,5.0,45860.06,229300.3,33.58,18,116,6,4,net banking,685
3678,34.0,BANGALORE,new,Books,46.0,11973.73,550791.58,15.45,255,73,7,25,Cash,505
3679,-5.0,pune,inactive,Electronics,36.0,30416.94,1095009.84,5.23,55,148,16,20,Cash,804
3680,49.0,CHENNAI,NEW,Clothing,10.0,5905.92,59059.2,47.95,180,76,4,10,net banking,1335
3681,34.0,mumbai,REGULAR,Sports,5.0,5626.45,28132.25,48.32,299,168,1,1,UPI,1261
3682,37.0,Chennai,Inactive,clothing,11.0,33260.66,365867.26,14.13,93,81,18,7,Cash,1309
3683,65.0,pune,Premium,sports,44.0,11799.33,519170.52,38.58,127,143,17,28,cash,887
3684,47.0,BANGALORE,New,Electronics,41.0,19668.51,806408.91,8.27,269,148,10,4,Debit Card,1629
3685,37.0,Chennai,inactive,Clothing,37.0,30788.76,1139184.12,48.69,282,56,17,29,debit card,624
3686,60.0,MUMBAI,Premium,Furniture,7.0,25771.41,180399.87,20.37,83,177,18,3,cash,1306
3687,61.0,hyderabad,Premium,ELECTRONICS,25.0,37729.47,943236.75,12.12,86,2,15,3,UPI,662
3688,53.0,CHENNAI,NEW,Groceries,8.0,11511.87,92094.96,41.25,54,20,15,8,upi,145
3689,39.0,hyderabad,new,groceries,29.0,24918.0,722622.0,29.65,361,171,17,17,Cash,306
3690,66.0,chennai,Regular,Electronics,10.0,26767.97,267679.7,49.13,228,82,14,4,Credit Card,762
3691,50.0,mumbai,Regular,Sports,1.0,10856.1,10856.1,0.65,225,126,16,1,credit card,1247
3692,59.0,mumbai,regular,Books,39.0,23871.37,930983.43,46.44,194,83,10,29,credit card,417
3693,43.0,DELHI,Inactive,books,27.0,24092.93,650509.11,12.94,187,25,9,10,Debit Card,956
3694,40.0,mumbai,REGULAR,GROCERIES,47.0,15372.19,722492.93,40.34,348,133,17,9,UPI,315
3695,64.0,Hyderabad,inactive,books,39.0,28885.53,1126535.67,2.43,58,134,11,6,credit card,1707
3696,25.0,Bangalore,New,GROCERIES,16.0,39473.65,631578.4,27.17,177,20,10,14,upi,617
3697,65.0,Hyderabad,new,Electronics,42.0,18729.33,786631.86,33.05,273,3,19,34,Debit Card,1062
3698,65.0,MUMBAI,premium,books,38.0,11555.3,439101.4,21.7,360,16,5,31,UPI,1072
3699,45.0,chennai,Regular,Sports,20.0,37454.43,749088.6,45.0,193,52,7,6,net banking,1213
3700,27.0,Delhi,regular,furniture,24.0,7351.13,176427.12,38.47,232,8573,10,2,UPI,1798
3701,39.0,Kolkata,NEW,Sports,9.0,20420.21,183781.89,26.77,4,164,6,2,debit card,1416
3702,65.0,Mumbai,new,electronics,25.0,5950.03,148750.75,26.27,344,100,5,22,net banking,1324
3703,42.0,pune,new,sports,17.0,24329.38,413599.46,36.17,93,56,20,15,Credit Card,458
3704,61.0,Pune,REGULAR,Sports,18.0,23744.4,427399.2,37.87,356,48,13,16,credit card,1198
3705,30.0, Chennai ,Inactive,ELECTRONICS,12.0,36333.25,435999.0,47.57,47,198,5,11,Debit Card,315
3706,50.0,Chennai,New,ELECTRONICS,23.0,12412.32,285483.36,28.99,49,129,11,8,UPI,783
3707,35.0,CHENNAI,NEW,furniture,11.0,16255.73,178813.03,44.88,123,22,8,0,Credit Card,505
3708,40.0,BANGALORE,Regular,Electronics,13.0,45276.66,588596.58,7.93,78,111,15,3,UPI,1397
3709,37.0,Chennai,regular,GROCERIES,38.0,40759.55,1548862.9,27.33,195,93,14,6,upi,1726
3710,68.0,kolkata,Inactive,sports,28.0,32885.1,920782.8,4.62,76,200,11,1,net banking,885
3711,29.0,Pune,New,Furniture,21.0,19603.77,411679.17,48.02,108,77,14,12,Credit Card,1433
3712,61.0,kolkata,NEW,ELECTRONICS,14.0,1504.09,21057.26,8.5,186,140,14,2,net banking,1254
3713,68.0,DELHI,New,GROCERIES,43.0,11066.69,475867.67,10.47,204,52,7,1,net banking,631
3714,42.0,chennai,premium,GROCERIES,11.0,37338.88,410727.68,48.37,78,132,0,3,Debit Card,1465
3715,43.0,DELHI,Inactive,Electronics,33.0,41355.88,1364744.04,14.2,342,128,9,5,cash,214
3716,45.0,Delhi,regular,books,42.0,35514.54,1491610.68,42.92,349,9,7,6,Credit Card,1490
3717,62.0, Chennai ,New,groceries,16.0,38545.87,616733.92,21.58,74,135,8,11,UPI,656
3718,22.0,DELHI,Premium,Furniture,,16898.89,692854.49,30.77,194,39,5,0,UPI,185
3719,66.0, Chennai ,inactive,Electronics,33.0,15953.84,526476.72,21.35,19,98,13,2,cash,1648
3720,21.0,mumbai,New,Electronics,19.0,21232.53,403418.07,0.88,54,114,8,19,cash,717
3721,30.0,kolkata,inactive,furniture,7.0,45496.2,318473.4,35.95,69,80,8,1,Credit Card,882
3722,42.0,Kolkata,NEW,Furniture,19.0,16312.75,309942.25,23.53,114,38,2,13,UPI,144
3723,,delhi,PREMIUM,Clothing,50.0,26479.18,1323959.0,9.75,137,191,8,0,Net Banking,186
3724,69.0,CHENNAI,inactive,Electronics,44.0,23470.71,1032711.24,8.58,265,96,0,10,Debit Card,1384
3725,60.0,Chennai,REGULAR,Sports,48.0,2006.35,96304.8,21.28,228,25,8,34,UPI,509
3726,32.0,MUMBAI,premium,GROCERIES,49.0,4488.66,219944.34,22.75,163,92,8,47,credit card,379
3727,54.0,Pune,PREMIUM,clothing,49.0,38042.62,1864088.38,8.89,3,47,16,42,net banking,177
3728,40.0,mumbai,Premium,Furniture,38.0,43046.54,1635768.52,34.0,72,29,14,25,net banking,37
3729,25.0,mumbai,New,furniture,28.0,8729.11,244415.08,48.24,168,195,1,15,Debit Card,1489
3730,26.0,delhi,Inactive,electronics,15.0,44426.36,666395.4,14.77,28,64,5,11,Credit Card,1549
3731,66.0,mumbai,new,clothing,39.0,20172.94,786744.66,7.6,123,144,7,32,debit card,635
3732,21.0,Delhi,new,Sports,26.0,18061.61,469601.86,10.52,300,152,8,4,net banking,1581
3733,40.0,kolkata,Premium,Clothing,15.0,49274.32,739114.8,26.14,328,66,3,9,net banking,872
3734,59.0,Delhi,PREMIUM,furniture,42.0,2816.99,118313.58,15.97,11,86,1,17,cash,1076
3735,49.0, Chennai ,REGULAR,furniture,2.0,41895.25,83790.5,5.9,65,55,14,1,CREDIT CARD,244
3736,21.0,chennai,new,clothing,19.0,13229.2,251354.8,28.62,119,146,3,2,Net Banking,285
3737,49.0,delhi,Premium,Electronics,13.0,35646.25,463401.25,17.83,271,174,16,11,debit card,1115
3738,43.0,Bangalore,inactive,GROCERIES,49.0,10801.32,529264.68,14.69,143,154,12,25,upi,40
3739,46.0,Mumbai,Regular,groceries,25.0,36615.76,915394.0,38.37,241,68,3,4,Credit Card,1173
3740,24.0,Pune,Premium,Clothing,28.0,26079.52,730226.56,10.54,328,40,11,26,CREDIT CARD,1648
3741,52.0,pune,inactive,clothing,1.0,15653.74,15653.74,29.04,187,30,12,0,CREDIT CARD,840
3742,56.0,Bangalore,new,GROCERIES,24.0,7053.73,169289.52,45.9,215,144,9,17,Credit Card,474
3743,60.0, Chennai ,New,Clothing,26.0,23759.08,617736.08,3.47,162,39,8,26,cash,1163
3744,22.0,Delhi,REGULAR,Clothing,32.0,19580.95,626590.4,13.38,313,132,7,14,Credit Card,458
3745,57.0,bangalore,Regular,furniture,24.0,7214.64,173151.36,34.91,204,11,16,20,net banking,738
3746,30.0,mumbai,Inactive,Books,36.0,41915.78,1508968.08,43.98,149,181,0,5,credit card,550
3747,57.0,Kolkata,regular,GROCERIES,22.0,13980.56,307572.32,24.47,345,168,14,14,Credit Card,594
3748,66.0,pune,Inactive,Electronics,37.0,49155.06,1818737.22,22.94,35,155,9,23,upi,1791
3749,39.0,pune,new,GROCERIES,15.0,30675.15,460127.25,4.7,17,170,6,8,Credit Card,732
3750,48.0,MUMBAI,New,Furniture,47.0,29237.58,1374166.26,46.13,266,191,0,18,credit card,1475
3751,61.0,Kolkata,REGULAR,groceries,40.0,32136.8,1285472.0,44.52,17,122,5,6,cash,1059
3752,60.0,kolkata,new,Sports,30.0,40192.89,1205786.7,33.87,218,148,18,3,upi,685
3753,50.0,hyderabad,PREMIUM,Clothing,27.0,12738.73,343945.71,38.16,61,9,8,17,UPI,930
3754,53.0,Hyderabad,new,electronics,10.0,19559.24,195592.4,40.46,356,41,17,1,net banking,324
3755,67.0,pune,premium,ELECTRONICS,32.0,38027.92,1216893.44,31.19,274,131,11,10,debit card,1212
3756,61.0,pune,premium,furniture,26.0,1778.73,46246.98,26.49,52,185,11,21,net banking,1624
3757,39.0,bangalore,Regular,GROCERIES,46.0,11732.03,539673.38,35.31,143,55,14,26,Debit Card,283
3758,51.0,Bangalore,REGULAR,furniture,26.0,48561.67,1262603.42,1.09,64,112,19,26,debit card,552
3759,53.0, Chennai ,regular,sports,20.0,612.19,12243.8,2.96,140,10,14,11,upi,122
3760,27.0,Delhi,premium,Electronics,47.0,21429.03,1007164.41,48.45,21,114,19,31,CREDIT CARD,1226
3761,44.0,kolkata,PREMIUM,ELECTRONICS,47.0,28309.9,1330565.3,33.09,170,192,9,9,Net Banking,452
3762,65.0,delhi,regular,furniture,46.0,24528.46,1128309.16,41.14,307,39,11,7,cash,1251
3763,48.0,MUMBAI,New,groceries,41.0,41288.48,1692827.68,16.09,142,115,11,32,Net Banking,1742
3764,53.0,Delhi,inactive,GROCERIES,5.0,45557.8,227789.0,41.98,166,49,18,5,CREDIT CARD,756
3765,59.0,pune,Premium,Books,28.0,34813.5,974778.0,24.78,62,143,10,6,upi,34
3766,67.0, Chennai ,new,clothing,15.0,35181.68,527725.2,12.86,81,90,12,1,Credit Card,631
3767,25.0,MUMBAI,premium,groceries,44.0,20143.87,886330.28,24.71,181,38,15,0,Net Banking,256
3768,27.0,hyderabad,Inactive,sports,48.0,34582.31,1659950.88,5.13,221,55,10,0,upi,1818
3769,68.0,DELHI,PREMIUM,sports,30.0,8285.57,248567.1,36.04,13,177,9,6,net banking,1151
3770,58.0, Chennai ,new,sports,27.0,23361.82,630769.14,6.77,86,113,1,4,UPI,668
3771,33.0,CHENNAI,New,Sports,15.0,28940.41,434106.15,15.93,159,108,8,15,CREDIT CARD,717
3772,44.0,chennai,regular,groceries,30.0,49447.05,1483411.5,25.62,335,12,6,13,Cash,73
3773,43.0, Chennai ,REGULAR,sports,45.0,17870.6,804177.0,33.16,95,101,2,15,debit card,90
3774,62.0,Kolkata,Regular,electronics,9.0,8159.08,73431.72,38.54,29,183,13,6,Net Banking,921
3775,43.0,Bangalore,regular,Sports,1.0,16553.93,16553.93,36.79,92,72,5,0,upi,1187
3776,35.0,Delhi,REGULAR,Clothing,45.0,8749.89,393745.05,48.32,223,19,14,35,cash,54
3777,41.0,Pune,premium,Clothing,34.0,2085.1,70893.4,16.65,115,48,3,14,upi,1618
3778,69.0,hyderabad,NEW,Books,42.0,28224.5,1185429.0,14.83,171,96,4,26,credit card,675
3779,25.0,Chennai,new,Electronics,48.0,17715.14,850326.72,18.27,255,3,11,10,Cash,794
3780,20.0,Pune,New,Furniture,32.0,44529.44,1424942.08,13.35,48,33,6,21,cash,1231
3781,55.0,Pune,Inactive,groceries,42.0,9080.08,381363.36,46.68,288,102,19,9,upi,534
3782,38.0,Hyderabad,Premium,Electronics,25.0,32583.78,814594.5,16.74,178,17,11,2,Net Banking,1669
3783,66.0,pune,new,sports,24.0,4240.04,101760.96,29.25,244,134,8,18,UPI,476
3784,22.0,mumbai,new,Books,13.0,13722.35,178390.55,43.42,172,136,20,0,cash,165
3785,57.0,Kolkata,New,sports,11.0,6043.93,66483.23,46.9,214,196,2,6,debit card,1429
3786,42.0,,REGULAR,ELECTRONICS,45.0,40324.34,1814595.3,21.58,172,64,4,9,CREDIT CARD,1764
3787,61.0,delhi,new,Electronics,48.0,33987.14,1631382.72,4.74,2,28,8,33,credit card,373
3788,55.0,hyderabad,premium,furniture,36.0,26994.58,971804.88,2.18,285,154,8,15,Net Banking,1602
3789,68.0,DELHI,NEW,Sports,49.0,45907.05,2249445.45,32.39,62,35,12,32,credit card,1028
3790,66.0,Delhi,Premium,sports,1.0,26299.18,26299.18,0.91,264,139,18,0,UPI,1776
3791,59.0,kolkata,Premium,Furniture,8.0,13754.65,110037.2,9.63,145,183,0,5,Credit Card,1162
3792,65.0, Chennai ,Premium,Groceries,25.0,49055.96,1226399.0,35.51,175,165,16,23,cash,914
3793,69.0,pune,Inactive,Electronics,41.0,9626.7,394694.7,5.28,121,18,3,26,upi,1194
3794,37.0,Hyderabad,Premium,ELECTRONICS,41.0,4216.77,172887.57,45.63,149,111,14,27,debit card,325
3795,50.0, Chennai ,PREMIUM,sports,44.0,36342.33,1599062.52,17.34,269,49,12,10,Credit Card,966
3796,70.0,delhi,Inactive,Furniture,36.0,39279.35,1414056.6,13.17,354,186,10,4,CREDIT CARD,826
3797,18.0,pune,PREMIUM,Electronics,16.0,11592.55,185480.8,36.2,133,191,13,11,upi,1436
3798,40.0,Kolkata,premium,Books,27.0,19841.78,535728.06,24.55,263,162,3,6,Credit Card,614
3799,54.0,bangalore,Premium,clothing,16.0,46392.32,742277.12,28.49,203,75,20,3,upi,584
3800,40.0,chennai,NEW,groceries,10.0,43844.09,438440.9,35.32,289,83,6,2,CREDIT CARD,1764
3801,32.0,Chennai,new,ELECTRONICS,18.0,44720.61,804970.98,48.95,283,126,12,8,credit card,411
3802,44.0, Chennai ,Regular,Sports,37.0,18521.69,685302.53,41.99,186,126,8,20,net banking,842
3803,25.0,kolkata,Premium,sports,21.0,42834.41,899522.61,10.0,126,80,1,16,Debit Card,785
3804,35.0,delhi,PREMIUM,Sports,41.0,23954.39,982129.99,26.52,290,140,16,7,Cash,382
3805,18.0,Hyderabad,Inactive,groceries,24.0,19354.08,464497.92,9.81,190,171,19,13,CREDIT CARD,968
3806,45.0,mumbai,PREMIUM,Clothing,27.0,27174.19,733703.13,4.15,90,121,10,7,debit card,281
3807,52.0,MUMBAI,Inactive,sports,39.0,35334.02,1378026.78,49.97,174,163,15,35,Credit Card,359
3808,68.0,Mumbai,NEW,Electronics,6.0,43114.24,258685.44,24.86,348,7,13,1,Cash,636
3809,41.0,Chennai,PREMIUM,sports,25.0,33196.74,829918.5,28.57,137,117,7,24,UPI,1395
3810,31.0,delhi,premium,books,42.0,14452.78,607016.76,12.34,38,8,6,11,Debit Card,1537
3811,62.0, Chennai ,NEW,groceries,43.0,37546.53,1614500.79,48.32,294,164,1,27,upi,1340
3812,49.0,delhi,new,GROCERIES,42.0,31920.11,1340644.62,37.56,365,25,2,42,Credit Card,634
3813,18.0,Pune,Regular,Furniture,17.0,12721.53,216266.01,23.41,286,45,12,0,credit card,1345
3814,52.0,hyderabad,new,sports,31.0,39399.48,1221383.88,37.65,330,57,6,18,CREDIT CARD,302
3815,38.0,MUMBAI,Inactive,Clothing,40.0,6918.75,276750.0,13.18,185,196,15,30,Net Banking,1606
3816,29.0,hyderabad,new,clothing,24.0,22572.11,541730.64,16.95,85,28,16,16,UPI,412
3817,23.0, Chennai ,regular,Furniture,20.0,21882.81,437656.2,1.74,365,97,6,16,Debit Card,1222
3818,70.0,BANGALORE,NEW,GROCERIES,35.0,41693.16,1459260.6,43.66,91,5,9,29,UPI,1439
3819,58.0,pune,NEW,Clothing,24.0,33337.65,800103.6,39.58,160,115,15,1,upi,1210
3820,62.0,Delhi,inactive,furniture,12.0,26548.11,318577.32,12.07,331,164,1,2,UPI,665
3821,44.0,CHENNAI,New,sports,43.0,35351.82,1520128.26,23.71,149,106,14,41,Net Banking,1105
3822,60.0,CHENNAI,NEW,Books,37.0,26080.64,964983.68,21.73,213,192,2,14,Cash,696
3823,57.0,DELHI,inactive,Groceries,38.0,7185.86,273062.68,48.62,59,183,17,21,Net Banking,384
3824,32.0,Bangalore,inactive,Electronics,6.0,31129.25,186775.5,23.03,254,125,18,3,CREDIT CARD,851
3825,61.0,MUMBAI,NEW,Books,38.0,19264.11,732036.18,41.53,150,197,18,31,cash,981
3826,54.0,CHENNAI,new,Furniture,41.0,31767.31,1302459.71,40.5,70,6,1,35,cash,282
3827,19.0,Chennai,premium,sports,17.0,9306.33,158207.61,40.85,342,107,19,1,upi,403
3828,38.0,CHENNAI,REGULAR,GROCERIES,21.0,29515.58,619827.18,5.38,299,197,1,18,upi,941
3829,24.0,Chennai,inactive,Furniture,1.0,577.46,577.46,13.26,181,132,15,0,debit card,350
3830,60.0,mumbai,new,books,44.0,45040.46,1981780.24,14.65,355,151,12,27,UPI,1471
3831,60.0,Mumbai,Inactive,clothing,34.0,10319.56,350865.04,2.24,177,30,14,7,Cash,981
3832,27.0,Bangalore,premium,ELECTRONICS,42.0,11248.6,472441.2,45.5,106,195,7,20,Debit Card,914
3833,47.0,bangalore,inactive,GROCERIES,44.0,24461.05,1076286.2,22.21,129,185,4,24,UPI,1119
3834,48.0,Bangalore,Premium,Clothing,43.0,3945.15,169641.45,14.98,332,152,14,38,credit card,555
3835,18.0,Kolkata,new,electronics,41.0,,1837793.02,31.39,262,8,13,5,cash,1210
3836,56.0,chennai,new,books,17.0,49824.21,847011.57,19.65,363,106,19,15,cash,589
3837,48.0,Mumbai,premium,GROCERIES,8.0,37659.58,301276.64,8.51,118,95,12,6,net banking,1374
3838,69.0,Delhi,Premium,Clothing,10.0,17739.11,177391.1,9.86,294,96,4,5,UPI,1119
3839,46.0,,new,Clothing,21.0,36600.11,768602.31,23.73,287,195,2,1,cash,1052
3840,29.0,kolkata,Regular,Sports,39.0,15227.98,593891.22,23.06,198,69,13,4,CREDIT CARD,1422
3841,42.0,CHENNAI,regular,furniture,45.0,32131.04,1445896.8,30.37,337,104,7,6,Cash,838
3842,29.0,hyderabad,REGULAR,groceries,45.0,15256.6,686547.0,11.15,20,150,10,4,cash,1269
3843,39.0,,New,Clothing,2.0,3552.38,7104.76,19.69,200,38,3,0,UPI,1420
3844,22.0,BANGALORE,regular,Electronics,29.0,25765.67,747204.43,43.51,365,166,1,27,debit card,1748
3845,50.0, Chennai ,premium,Clothing,48.0,32874.78,1577989.44,38.26,101,177,15,47,cash,1403
3846,58.0,Delhi,Inactive,groceries,24.0,46584.98,1118039.52,24.14,322,42,19,10,Cash,1564
3847,52.0,BANGALORE,new,GROCERIES,31.0,35000.17,1085005.27,16.73,153,133,18,2,Net Banking,212
3848,29.0,pune,Inactive,groceries,39.0,38396.14,1497449.46,46.52,167,75,17,11,Net Banking,49
3849,21.0,Mumbai,Inactive,Clothing,14.0,38908.55,544719.7,41.27,109,33,12,8,Cash,429
3850,48.0,delhi,New,Electronics,11.0,3684.76,40532.36,21.73,280,138,9,1,UPI,1053
3851,48.0,CHENNAI,PREMIUM,sports,39.0,49545.87,1932288.93,26.32,89,180,20,23,credit card,1509
3852,55.0,bangalore,New,Books,6.0,23909.6,143457.6,33.32,187,87,17,4,CREDIT CARD,347
3853,32.0,bangalore,REGULAR,ELECTRONICS,45.0,27566.38,1240487.1,27.82,343,7,13,12,Credit Card,1635
3854,60.0,Mumbai,PREMIUM,Furniture,50.0,43553.57,2177678.5,8.87,115,61,11,9,net banking,1778
3855,46.0,kolkata,Inactive,GROCERIES,7.0,19040.93,133286.51,44.69,180,154,20,6,debit card,1022
3856,28.0,Hyderabad,NEW,Sports,20.0,42599.38,851987.6,24.94,212,71,11,10,Credit Card,961
3857,61.0,Mumbai,NEW,Clothing,7.0,38030.46,266213.22,46.17,63,141,11,0,net banking,1148
3858,21.0,Pune,new,Groceries,26.0,37131.71,965424.46,40.94,180,193,0,23,cash,723
3859,52.0, Chennai ,inactive,Electronics,21.0,26724.11,561206.31,5.44,288,165,17,21,upi,1026
3860,56.0,Kolkata,regular,clothing,32.0,22044.47,705423.04,29.41,229,137,17,27,upi,427
3861,42.0,DELHI,New,Books,22.0,12490.73,274796.06,10.96,154,114,14,8,Cash,866
3862,32.0,MUMBAI,new,furniture,10.0,8232.74,82327.4,43.27,355,111,5,8,credit card,1291
3863,22.0,bangalore,Premium,ELECTRONICS,14.0,24503.7,343051.8,10.34,328,128,7,4,UPI,132
3864,38.0,mumbai,premium,furniture,19.0,929.32,17657.08,45.41,2,65,15,4,upi,84
3865,57.0,Kolkata,inactive,furniture,28.0,8610.35,241089.8,3.8,182,151,15,14,Debit Card,869
3866,42.0,Chennai,Inactive,Furniture,49.0,37203.41,1822967.09,15.85,59,156,17,5,Net Banking,1568
3867,37.0,Kolkata,Regular,groceries,28.0,18559.52,519666.56,30.7,331,136,16,11,net banking,952
3868,69.0,DELHI,NEW,sports,39.0,34309.5,1338070.5,17.32,336,93,14,7,Debit Card,261
3869,69.0,Pune,regular,clothing,17.0,47925.74,814737.58,36.14,200,17,13,7,Cash,685
3870,29.0,Bangalore,new,clothing,31.0,24098.17,747043.27,13.88,225,164,5,5,CREDIT CARD,485
3871,50.0,delhi,NEW,GROCERIES,29.0,18774.94,544473.26,45.12,38,159,2,29,net banking,1578
3872,54.0,kolkata,new,Groceries,24.0,24892.43,597418.32,43.52,276,57,4,23,CREDIT CARD,1697
3873,56.0,chennai,inactive,Books,2.0,45948.16,91896.32,16.18,7,82,9,1,credit card,927
3874,-5.0,BANGALORE,REGULAR,Furniture,24.0,14576.93,349846.32,16.13,291,18,18,7,debit card,650
3875,29.0,DELHI,New,ELECTRONICS,43.0,37099.52,1595279.36,23.47,69,49,19,14,Debit Card,143
3876,67.0,Hyderabad,REGULAR,Clothing,13.0,18907.03,245791.39,39.57,189,157,15,5,Cash,1403
3877,52.0,Chennai,Inactive,groceries,11.0,25436.57,279802.27,36.51,62,153,12,0,net banking,1033
3878,53.0,Kolkata,inactive,Groceries,41.0,23799.13,975764.33,32.58,283,38,15,12,Net Banking,1774
3879,45.0,Delhi,Premium,furniture,31.0,23054.99,714704.69,29.05,264,186,7,27,upi,873
3880,19.0,pune,new,Sports,37.0,49790.53,1842249.61,25.16,167,86,0,3,cash,1346
3881,36.0,delhi,REGULAR,Sports,3.0,22462.67,67388.01,7.02,205,41,19,0,cash,197
3882,19.0,hyderabad,Inactive,Clothing,46.0,9507.33,437337.18,47.48,208,92,4,28,net banking,354
3883,40.0,DELHI,New,Clothing,2.0,16962.03,33924.06,15.21,41,189,11,1,Net Banking,277
3884,22.0,hyderabad,new,Groceries,14.0,,411749.24,42.01,227,43,8,12,cash,676
3885,53.0,CHENNAI,Inactive,Books,36.0,23287.48,838349.28,1.71,260,172,16,19,Credit Card,1043
3886,39.0,Bangalore,Regular,sports,36.0,40417.49,1455029.64,18.23,201,87,19,30,CREDIT CARD,925
3887,51.0,MUMBAI,Inactive,Groceries,3.0,38586.46,115759.38,37.04,13,90,2,1,Credit Card,867
3888,56.0,Hyderabad,new,ELECTRONICS,5.0,39084.36,195421.8,26.74,163,100,17,1,net banking,951
3889,68.0,Chennai,PREMIUM,GROCERIES,34.0,46875.05,1593751.7,11.22,292,143,4,7,debit card,1514
3890,54.0,mumbai,regular,electronics,15.0,23920.12,358801.8,23.97,2,110,6,1,net banking,791
3891,51.0,MUMBAI,Premium,groceries,36.0,13409.81,482753.16,46.07,105,109,16,7,upi,937
3892,28.0,,NEW,groceries,28.0,17130.62,479657.36,20.69,205,122,15,11,UPI,1185
3893,40.0,hyderabad,Regular,sports,49.0,39642.3,1942472.7,14.53,2,82,20,42,Net Banking,1015
3894,60.0,Mumbai,REGULAR,Electronics,19.0,2435.41,46272.79,16.41,273,167,19,16,net banking,162
3895,19.0,Pune,REGULAR,Books,21.0,26665.63,559978.23,7.56,176,125,16,9,UPI,1636
3896,48.0,Mumbai,Premium,Furniture,2.0,8069.34,16138.68,47.06,9,74,2,1,Credit Card,1646
3897,47.0,DELHI,Inactive,Clothing,8.0,20600.33,164802.64,0.69,344,31,13,1,credit card,733
3898,58.0,bangalore,inactive,groceries,28.0,4921.96,137814.88,32.4,9,181,8,14,cash,1370
3899,40.0,chennai,Premium,Electronics,20.0,17117.9,342358.0,15.04,329,142,18,4,CREDIT CARD,1312
3900,48.0,Chennai,New,books,37.0,31337.04,1159470.48,1.86,334,99,9,19,Cash,525
3901,39.0,Hyderabad,inactive,Groceries,48.0,34952.59,1677724.32,44.78,260,11,7,41,upi,462
3902,53.0,MUMBAI,New,clothing,32.0,,237925.76,8.24,186,84,16,6,Net Banking,108
3903,51.0,Delhi,Regular,Groceries,5.0,39226.21,196131.05,38.64,330,171,5,2,debit card,1354
3904,58.0,Hyderabad,New,sports,16.0,33724.08,539585.28,1.76,21,187,1,8,UPI,463
3905,55.0,Pune,Premium,clothing,45.0,48658.29,2189623.05,45.11,282,195,17,26,Net Banking,1324
3906,28.0,Bangalore,premium,clothing,1.0,34527.53,34527.53,18.82,225,14,18,1,Debit Card,180
3907,49.0,Chennai,Inactive,Furniture,8.0,44433.23,355465.84,48.48,274,144,3,3,Credit Card,500
3908,58.0,Pune,regular,groceries,39.0,5874.8,229117.2,9.03,50,94,1,6,upi,546
3909,38.0,delhi,New,groceries,10.0,18799.78,187997.8,11.58,80,90,7,6,credit card,290
3910,,BANGALORE,Inactive,Furniture,29.0,20035.78,581037.62,38.51,83,194,18,11,Net Banking,1651
3911,65.0,,regular,GROCERIES,18.0,18511.07,333199.26,27.77,324,145,20,16,Cash,1634
3912,46.0, Chennai ,new,Clothing,42.0,11413.31,479359.02,37.92,254,25,13,2,debit card,383
3913,42.0,CHENNAI,regular,books,50.0,12997.46,6900298.76,4.38,214,86,1,16,debit card,1598
3914,24.0,bangalore,PREMIUM,groceries,17.0,14554.48,247426.16,17.25,338,129,20,4,Cash,1651
3915,44.0,DELHI,REGULAR,clothing,6.0,33163.05,198978.3,41.96,59,57,14,4,Credit Card,550
3916,56.0,kolkata,new,books,28.0,7184.33,201161.24,30.15,281,50,14,7,Cash,833
3917,38.0,mumbai,regular,ELECTRONICS,31.0,33670.81,1043795.11,150.0,249,73,3,19,upi,565
3918,66.0,delhi,Premium,Books,11.0,22048.86,242537.46,6.2,181,49,9,2,UPI,753
3919,39.0,BANGALORE,premium,Furniture,13.0,7597.23,98763.99,47.23,79,23,6,8,debit card,281
3920,62.0,bangalore,REGULAR,electronics,1.0,28994.16,28994.16,17.58,68,161,11,0,Net Banking,724
3921,18.0,bangalore,New,Furniture,33.0,32111.33,1059673.89,25.53,141,166,16,11,Credit Card,928
3922,28.0,Kolkata,premium,ELECTRONICS,26.0,9813.29,255145.54,15.34,355,170,5,21,Cash,463
3923,49.0,kolkata,premium,sports,16.0,7996.58,127945.28,23.49,232,64,7,4,upi,286
3924,46.0,hyderabad,New,GROCERIES,19.0,22003.66,418069.54,30.72,260,131,3,18,cash,1759
3925,36.0,BANGALORE,NEW,GROCERIES,41.0,35465.94,1454103.54,37.63,299,176,4,36,debit card,579
3926,56.0,MUMBAI,premium,Clothing,27.0,24704.7,667026.9,31.86,254,41,12,13,net banking,563
3927,63.0,Chennai,inactive,Groceries,15.0,20514.72,307720.8,21.13,225,166,16,6,CREDIT CARD,95
3928,30.0,CHENNAI,New,electronics,46.0,35706.43,1642495.78,10.32,55,124,14,38,Credit Card,729
3929,33.0,DELHI,Premium,Clothing,36.0,34189.13,1230808.68,11.08,103,27,20,20,cash,1521
3930,24.0,kolkata,Premium,electronics,26.0,20439.34,531422.84,27.03,6,41,7,13,CREDIT CARD,1131
3931,21.0, Chennai ,Inactive,Clothing,33.0,26661.04,879814.32,34.66,315,165,11,12,credit card,255
3932,40.0,delhi,inactive,Clothing,37.0,,904990.4,45.45,185,125,7,16,credit card,1791
3933,38.0,pune,premium,Electronics,44.0,19190.21,844369.24,21.32,257,108,5,15,upi,753
3934,21.0,DELHI,New,Electronics,10.0,20814.7,208147.0,49.44,90,37,9,7,net banking,1338
3935,56.0,Mumbai,PREMIUM,Groceries,7.0,32097.23,224680.61,27.51,357,38,13,1,Debit Card,720
3936,20.0,Hyderabad,PREMIUM,electronics,4.0,26703.63,106814.52,1.66,166,123,19,4,Net Banking,1364
3937,19.0,BANGALORE,PREMIUM,sports,40.0,44271.6,1770864.0,3.21,289,157,15,22,CREDIT CARD,1806
3938,45.0,kolkata,New,groceries,24.0,,70945.68,26.67,215,142,2,24,upi,1171
3939,69.0,mumbai,premium,clothing,3.0,22404.97,67214.91,11.3,101,14,16,3,credit card,604
3940,66.0,MUMBAI,Inactive,Electronics,13.0,31146.48,404904.24,30.14,80,7,1,5,cash,831
3941,29.0,BANGALORE,Premium,GROCERIES,1.0,31808.33,31808.33,49.25,146,127,9,1,cash,949
3942,57.0,kolkata,NEW,books,34.0,30994.22,1053803.48,3.16,87,119,7,34,credit card,706
3943,29.0,Mumbai,Inactive,Books,14.0,9059.58,126834.12,28.74,344,174,5,12,UPI,554
3944,20.0, Chennai ,regular,furniture,,42747.81,1838155.83,12.44,351,76,15,0,debit card,510
3945,59.0,CHENNAI,NEW,Furniture,26.0,39476.88,1026398.88,18.05,138,117,17,1,Credit Card,1003
3946,70.0,pune,PREMIUM,sports,18.0,37799.3,680387.4,10.83,211,154,16,7,Net Banking,1754
3947,40.0,bangalore,inactive,Sports,24.0,32592.04,782208.96,14.01,173,140,7,17,Net Banking,769
3948,20.0,Chennai,new,sports,30.0,48480.66,1454419.8,30.85,28,188,6,3,Net Banking,1646
3949,27.0, Chennai ,inactive,electronics,15.0,38411.28,576169.2,49.57,362,129,0,9,Debit Card,459
3950,33.0, Chennai ,REGULAR,Sports,27.0,29243.98,789587.46,13.23,60,13,2,9,upi,93
3951,23.0,MUMBAI,Regular,Groceries,12.0,853.16,10237.92,46.8,86,45,12,0,cash,1191
3952,31.0,CHENNAI,New,sports,18.0,6957.42,125233.56,19.32,117,60,3,12,credit card,629
3953,21.0,Pune,PREMIUM,Clothing,7.0,886.18,6203.26,23.77,354,115,3,4,UPI,982
3954,65.0,delhi,Premium,Groceries,49.0,5951.64,291630.36,33.29,294,93,0,35,credit card,1254
3955,63.0,Chennai,Premium,books,49.0,40786.86,1998556.14,20.65,226,60,20,22,CREDIT CARD,1673
3956,44.0,Delhi,REGULAR,furniture,24.0,4807.9,115389.6,39.99,123,93,5,8,credit card,521
3957,59.0,Chennai,PREMIUM,sports,12.0,40411.15,484933.8,48.63,193,123,3,0,upi,878
3958,38.0,Hyderabad,Premium,ELECTRONICS,19.0,29265.42,556042.98,48.34,188,115,14,14,debit card,196
3959,60.0,DELHI,Inactive,Electronics,24.0,23805.52,571332.48,24.92,99,39,4,22,Net Banking,1798
3960,-5.0,Kolkata,inactive,Books,23.0,8579.13,197319.99,49.25,162,135,14,16,Cash,1470
3961,51.0, Chennai ,New,books,47.0,27914.99,1312004.53,12.46,245,28,10,7,credit card,166
3962,34.0,mumbai,regular,electronics,11.0,14991.75,164909.25,40.3,160,94,9,6,Net Banking,474
3963,22.0,MUMBAI,new,electronics,48.0,23763.17,1140632.16,42.08,136,24,18,0,cash,869
3964,43.0,Bangalore,regular,Groceries,42.0,3148.49,132236.58,17.59,3,50,8,0,credit card,1360
3965,68.0,CHENNAI,new,groceries,6.0,23344.57,140067.42,19.35,106,167,1,0,credit card,1406
3966,26.0,hyderabad,Regular,Furniture,15.0,42925.72,643885.8,33.23,268,162,20,2,Net Banking,362
3967,19.0,Delhi,REGULAR,GROCERIES,38.0,19343.69,735060.22,47.75,217,67,0,1,credit card,1196
3968,22.0,Bangalore,regular,books,9.0,39166.75,352500.75,36.14,364,113,17,2,debit card,183
3969,25.0,Hyderabad,regular,Clothing,18.0,38233.94,688210.92,8.63,339,182,2,3,debit card,998
3970,38.0,DELHI,inactive,groceries,28.0,7652.45,214268.6,45.48,271,38,4,7,Credit Card,1349
3971,45.0,DELHI,PREMIUM,sports,5.0,39931.43,199657.15,21.14,262,67,12,0,Debit Card,1091
3972,69.0,bangalore,premium,Sports,45.0,17228.03,775261.35,7.44,143,177,13,25,UPI,330
3973,22.0,Kolkata,regular,groceries,17.0,16575.21,281778.57,38.06,120,26,13,8,Cash,1653
3974,38.0,Chennai,New,Electronics,50.0,16517.13,825856.5,41.08,53,25,6,30,cash,243
3975,32.0,DELHI,inactive,groceries,48.0,44297.5,2126280.0,12.1,54,194,0,31,net banking,1255
3976,61.0,chennai,inactive,GROCERIES,35.0,21697.65,759417.75,41.78,165,116,12,3,credit card,1171
3977,69.0,kolkata,Regular,Electronics,18.0,5770.65,103871.7,33.68,325,72,20,9,Net Banking,657
3978,49.0,Delhi,Regular,clothing,45.0,11533.38,519002.1,49.29,335,156,15,15,upi,1584
3979,56.0,Kolkata,Premium,electronics,43.0,21615.28,929457.04,38.59,80,93,7,4,cash,1686
3980,62.0,Kolkata,REGULAR,Electronics,17.0,49182.72,836106.24,39.76,110,122,0,2,credit card,1091
3981,38.0,BANGALORE,NEW,furniture,45.0,22660.59,1019726.55,32.21,318,92,5,36,Credit Card,700
3982,64.0,bangalore,Premium,furniture,23.0,24413.09,561501.07,28.53,258,18,16,8,Net Banking,1524
3983,27.0,BANGALORE,New,Furniture,4.0,20138.05,80552.2,10.27,311,156,20,1,debit card,187
3984,45.0, Chennai ,premium,furniture,23.0,43160.87,992700.01,1.76,354,185,20,12,CREDIT CARD,1544
3985,49.0,kolkata,inactive,furniture,2.0,25770.86,51541.72,26.64,336,14,12,2,Debit Card,212
3986,66.0, Chennai ,PREMIUM,Sports,8.0,23287.32,186298.56,29.13,309,36,17,2,CREDIT CARD,459
3987,33.0,CHENNAI,PREMIUM,Groceries,25.0,24559.26,613981.5,6.85,2,177,6,16,UPI,1579
3988,45.0, Chennai ,New,ELECTRONICS,45.0,23294.44,1048249.8,5.81,134,24,6,17,CREDIT CARD,1047
3989,59.0,Kolkata,Regular,ELECTRONICS,13.0,16119.64,209555.32,24.59,359,126,8,2,credit card,1414
3990,37.0,Mumbai,Premium,furniture,17.0,9664.22,164291.74,21.96,123,124,8,3,UPI,1360
3991,50.0,hyderabad,premium,furniture,46.0,31013.95,1426641.7,7.17,26,170,10,36,CREDIT CARD,1388
3992,68.0,Bangalore,Regular,books,42.0,40433.39,1698202.38,0.11,295,94,11,35,Net Banking,1042
3993,56.0,Delhi,New,clothing,43.0,39293.28,1689611.04,24.43,236,150,11,29,CREDIT CARD,485
3994,51.0, Chennai ,New,Sports,5.0,6819.15,34095.75,7.43,123,83,3,0,cash,1333
3995,22.0,Delhi,inactive,Clothing,4.0,5791.78,23167.12,23.77,97,96,1,1,debit card,859
3996,54.0,delhi,NEW,books,50.0,40719.02,2035951.0,35.57,54,44,6,8,CREDIT CARD,401
3997,32.0,mumbai,Premium,Furniture,31.0,39374.93,1220622.83,26.19,165,181,15,3,Cash,653
3998,31.0,pune,premium,Clothing,31.0,1090.9,33817.9,26.34,181,144,14,13,Net Banking,1295
3999,28.0, Chennai ,Regular,electronics,28.0,40880.01,1144640.28,37.03,96,36,12,20,Credit Card,1086
4000,18.0,MUMBAI,new,electronics,24.0,5782.12,138770.88,11.59,230,140,9,8,Cash,1145
4001,53.0,Delhi,NEW,Electronics,13.0,22491.01,292383.13,13.92,333,113,7,8,credit card,226
4002,32.0,MUMBAI,new,Electronics,43.0,12885.27,554066.61,13.33,87,79,11,20,debit card,93
4003,46.0,Kolkata,Premium,Electronics,21.0,45731.71,960365.91,45.91,165,167,16,16,CREDIT CARD,1779
4004,31.0,delhi,NEW,sports,7.0,33523.24,234662.68,38.95,15,171,17,2,Cash,1365
4005,65.0,Delhi,NEW,Groceries,4.0,40395.62,161582.48,6.81,274,72,15,3,Cash,1163
4006,66.0,mumbai,REGULAR,Furniture,32.0,36947.89,1182332.48,10.96,36,96,13,18,credit card,687
4007,69.0,Delhi,Regular,sports,3.0,22589.29,67767.87,0.81,211,107,15,0,cash,1386
4008,62.0,BANGALORE,Regular,Books,15.0,4985.23,74778.45,28.65,36,184,13,2,credit card,1238
4009,39.0,Bangalore,Regular,Electronics,39.0,12622.69,492284.91,10.28,59,49,8,3,Debit Card,1028
4010,49.0,CHENNAI,new,Electronics,50.0,47421.8,2371090.0,24.28,324,167,6,1,upi,229
4011,69.0,,Inactive,ELECTRONICS,4.0,44859.73,179438.92,14.34,190,133,4,0,Net Banking,324
4012,, Chennai ,New,ELECTRONICS,18.0,22713.91,408850.38,34.64,66,77,13,17,debit card,1009
4013,33.0,Mumbai,REGULAR,Books,21.0,3500.68,73514.28,21.23,169,35,18,21,Cash,79
4014,39.0,Delhi,New,Books,29.0,31401.45,910642.05,5.98,13,116,5,29,Credit Card,1302
4015,40.0,Kolkata,NEW,books,43.0,48499.87,2085494.41,1.13,120,81,10,0,net banking,232
4016,54.0,Hyderabad,NEW,books,48.0,13521.16,649015.68,16.09,168,181,14,47,net banking,1627
4017,23.0,hyderabad,regular,clothing,12.0,2164.01,25968.12,15.73,29,163,11,1,UPI,1444
4018,60.0,Bangalore,New,GROCERIES,18.0,976.18,17571.24,39.35,25,30,12,15,UPI,1261
4019,65.0,Delhi,Premium,Electronics,5.0,11591.8,57959.0,12.87,322,21,9,0,UPI,1540
4020,58.0,Pune,Premium,groceries,41.0,24198.38,992133.58,28.55,131,70,13,22,debit card,1093
4021,34.0,Chennai,Premium,Electronics,3.0,44528.27,133584.81,1.87,150,183,13,2,UPI,545
4022,57.0,hyderabad,New,Furniture,14.0,15136.7,211913.8,48.39,226,90,5,5,upi,68
4023,36.0,Pune,Inactive,furniture,10.0,43054.03,430540.3,19.82,69,81,14,6,Credit Card,200
4024,30.0,kolkata,Premium,sports,31.0,30320.69,939941.39,36.92,46,130,3,10,cash,248
4025,68.0,BANGALORE,REGULAR,ELECTRONICS,44.0,33064.82,1454852.08,2.99,346,31,11,36,UPI,1262
4026,19.0,DELHI,Regular,electronics,22.0,47034.12,1034750.64,21.96,37,199,15,8,credit card,1324
4027,45.0,delhi,new,Books,31.0,42909.45,1330192.95,48.53,339,100,6,6,cash,111
4028,62.0,Delhi,PREMIUM,sports,16.0,6521.17,104338.72,22.93,242,15,5,11,debit card,799
4029,24.0,Hyderabad,NEW,clothing,19.0,14264.15,271018.85,29.69,145,94,20,16,Cash,1584
4030,29.0,delhi,inactive,clothing,6.0,47102.97,282617.82,27.11,95,131,2,6,credit card,1783
4031,69.0,Delhi,new,Sports,9.0,13956.88,125611.92,37.29,349,72,15,9,CREDIT CARD,1629
4032,55.0,hyderabad,REGULAR,furniture,6.0,36020.47,216122.82,13.31,154,136,18,2,Credit Card,40
4033,54.0,DELHI,New,Groceries,49.0,43264.76,2119973.24,12.75,208,61,18,9,cash,1563
4034,36.0,Pune,NEW,GROCERIES,36.0,1405.07,50582.52,47.88,125,123,12,30,upi,1674
4035,34.0,pune,new,Clothing,29.0,26790.98,776938.42,16.08,141,38,11,3,Cash,234
4036,52.0,hyderabad,premium,groceries,9.0,,381696.12,28.58,157,114,13,7,upi,900
4037,62.0,BANGALORE,Premium,sports,40.0,4539.9,181596.0,6.02,98,94,5,24,debit card,288
4038,39.0,pune,inactive,Sports,40.0,10924.44,436977.6,22.42,297,128,0,33,UPI,891
4039,66.0,hyderabad,REGULAR,furniture,8.0,1794.82,14358.56,18.74,335,112,6,6,Net Banking,125
4040,60.0,DELHI,regular,Books,29.0,24134.68,699905.72,24.07,57,70,1,11,Net Banking,1762
4041,47.0,chennai,PREMIUM,Groceries,48.0,1404.45,67413.6,4.28,189,73,8,39,debit card,103
4042,58.0,Pune,REGULAR,GROCERIES,21.0,7043.18,147906.78,19.47,323,56,15,8,debit card,1558
4043,53.0,delhi,REGULAR,Groceries,47.0,17173.03,807132.41,33.46,243,100,13,13,Debit Card,1725
4044,39.0,delhi,PREMIUM,Electronics,46.0,45281.77,2082961.42,16.7,290,88,6,0,cash,950
4045,28.0,Kolkata,new,ELECTRONICS,34.0,31438.86,1068921.24,34.78,74,122,12,20,cash,1069
4046,53.0,Kolkata,Premium,sports,36.0,29262.9,1053464.4,13.64,81,189,20,27,upi,76
4047,33.0,Hyderabad,New,Books,40.0,27245.16,1089806.4,39.4,96,200,14,27,cash,1822
4048,37.0,delhi,NEW,ELECTRONICS,42.0,45271.2,1901390.4,30.0,147,51,11,2,Credit Card,1017
4049,56.0,BANGALORE,premium,groceries,23.0,11584.74,266449.02,24.79,240,175,16,8,CREDIT CARD,599
4050,49.0, Chennai ,New,clothing,37.0,49751.3,1840798.1,29.32,200,50,13,37,UPI,74
4051,-5.0,Kolkata,PREMIUM,Groceries,39.0,9208.63,359136.57,1.8,199,156,2,22,upi,1285
4052,48.0,kolkata,Premium,GROCERIES,40.0,25726.43,1029057.2,10.41,245,172,1,1,net banking,159
4053,30.0,MUMBAI,regular,books,48.0,29186.1,1400932.8,7.07,246,77,7,11,upi,1205
4054,63.0,mumbai,regular,furniture,19.0,5334.62,101357.78,0.19,357,98,18,11,Cash,1285
4055,25.0, Chennai ,inactive,sports,12.0,28831.97,345983.64,15.03,135,11,7,1,credit card,1140
4056,27.0,Pune,new,furniture,7.0,13526.8,94687.6,45.74,303,90,3,1,cash,327
4057,19.0,MUMBAI,Regular,furniture,48.0,49078.05,2355746.4,49.64,309,99,13,43,upi,1353
4058,55.0,delhi,PREMIUM,Clothing,37.0,47398.56,1753746.72,14.5,97,143,6,30,UPI,1794
4059,,DELHI,PREMIUM,Furniture,33.0,15345.53,506402.49,12.12,246,62,9,20,Credit Card,1535
4060,33.0,Chennai,PREMIUM,books,29.0,24007.46,696216.34,6.83,41,117,18,6,credit card,851
4061,28.0,bangalore,Premium,books,22.0,17948.77,394872.94,7.9,228,159,19,4,debit card,1795
4062,59.0,DELHI,inactive,Books,45.0,25795.82,1160811.9,34.55,74,102,17,45,Net Banking,1591
4063,63.0,Kolkata,Inactive,Clothing,47.0,25754.92,1210481.24,33.3,292,69,19,5,CREDIT CARD,1781
4064,51.0,Hyderabad,new,ELECTRONICS,33.0,24635.85,812983.05,12.86,276,99,19,5,Credit Card,633
4065,19.0,hyderabad,New,sports,11.0,30042.01,330462.11,43.31,196,81,5,11,debit card,235
4066,65.0,Bangalore,new,Clothing,5.0,33453.16,167265.8,2.51,10,74,0,2,credit card,1472
4067,18.0,hyderabad,premium,furniture,5.0,7165.23,35826.15,38.78,144,64,7,3,Credit Card,398
4068,-5.0,bangalore,new,Furniture,7.0,14909.73,104368.11,19.78,184,82,0,1,Cash,459
4069,41.0,MUMBAI,premium,Sports,6.0,2002.35,12014.1,5.69,166,131,9,2,upi,937
4070,32.0,CHENNAI,Regular,GROCERIES,4.0,34873.09,139492.36,36.19,34,171,14,2,Cash,420
4071,23.0,hyderabad,REGULAR,groceries,2.0,40194.53,80389.06,49.95,4,48,3,2,Net Banking,466
4072,47.0,MUMBAI,Regular,books,39.0,24313.17,948213.63,31.68,23,22,0,6,cash,622
4073,54.0,mumbai,New,ELECTRONICS,5.0,41440.76,207203.8,48.97,316,41,5,5,cash,564
4074,18.0,Chennai,New,electronics,14.0,26448.8,370283.2,16.73,355,152,13,14,upi,138
4075,28.0,Bangalore,premium,clothing,16.0,17398.88,278382.08,36.09,142,121,2,2,net banking,1486
4076,19.0,chennai,regular,Groceries,4.0,4603.82,18415.28,15.79,125,18,3,4,UPI,1281
4077,70.0,Hyderabad,Premium,books,10.0,24354.99,243549.9,30.02,98,180,8,7,Net Banking,1273
4078,45.0,Hyderabad,Premium,books,21.0,13205.09,277306.89,25.12,171,97,4,10,Net Banking,746
4079,18.0,delhi,PREMIUM,ELECTRONICS,20.0,20335.21,406704.2,13.05,30,100,18,8,cash,1558
4080,62.0,kolkata,New,Books,8.0,39127.84,313022.72,38.0,173,67,3,8,CREDIT CARD,1051
4081,67.0,Kolkata,premium,Books,8.0,15355.41,122843.28,27.9,50,98,1,5,net banking,73
4082,22.0,pune,new,Sports,22.0,18028.99,396637.78,24.51,286,44,12,15,net banking,811
4083,38.0,chennai,regular,clothing,47.0,14839.76,697468.72,45.12,143,192,4,39,debit card,1598
4084,27.0,BANGALORE,new,Books,41.0,1429.72,58618.52,26.94,359,89,1,4,UPI,1707
4085,25.0,Delhi,new,Sports,33.0,33067.34,1091222.22,48.97,91,106,16,16,Cash,939
4086,20.0,DELHI,PREMIUM,clothing,5.0,20843.54,104217.7,28.17,259,30,9,1,Credit Card,941
4087,42.0,Pune,premium,GROCERIES,42.0,1025.18,43057.56,21.46,40,68,7,27,UPI,1211
4088,48.0,Mumbai,inactive,Clothing,39.0,37537.79,1463973.81,39.34,201,106,3,3,UPI,545
4089,25.0,hyderabad,premium,Groceries,3.0,1950.16,5850.48,24.72,8,21,14,2,credit card,1484
4090,65.0,Pune,Premium,Electronics,29.0,45673.18,1324522.22,27.68,92,130,9,11,UPI,965
4091,45.0, Chennai ,NEW,Sports,28.0,46088.37,1290474.36,24.11,24,111,13,15,CREDIT CARD,1439
4092,23.0,mumbai,PREMIUM,Furniture,49.0,12011.55,588565.95,29.31,61,67,6,0,cash,1242
4093,68.0,Mumbai,premium,Groceries,11.0,22897.52,251872.72,8.84,187,160,15,8,Debit Card,431
4094,,hyderabad,regular,Books,45.0,3192.06,143642.7,26.19,296,27,5,43,Credit Card,737
4095,55.0,pune,regular,Books,19.0,34559.65,656633.35,31.4,201,152,17,17,Credit Card,215
4096,29.0,mumbai,REGULAR,Books,26.0,39981.07,1039507.82,3.04,111,107,3,23,Credit Card,1790
4097,53.0,Pune,Premium,ELECTRONICS,23.0,24799.01,570377.23,32.91,36,104,20,5,Credit Card,1535
4098,59.0,BANGALORE,Regular,GROCERIES,4.0,11711.0,46844.0,18.58,173,159,11,4,credit card,681
4099,25.0,BANGALORE,new,groceries,49.0,4306.0,210994.0,35.26,78,147,12,22,net banking,1790
4100,43.0,MUMBAI,New,books,4.0,7071.31,28285.24,17.99,193,132,15,1,CREDIT CARD,1687
4101,21.0,Mumbai,PREMIUM,Groceries,18.0,18299.55,329391.9,40.25,11,100,19,8,Credit Card,1284
4102,46.0,Pune,new,books,14.0,41206.66,576893.24,45.3,287,128,3,13,net banking,439
4103,58.0,DELHI,premium,Books,4.0,49120.94,196483.76,31.99,224,100,10,4,debit card,1085
4104,36.0,Delhi,Inactive,Clothing,2.0,37945.14,75890.28,13.83,32,58,10,2,upi,32
4105,63.0,Pune,Inactive,sports,41.0,25076.7,1028144.7,1.91,142,145,7,30,UPI,1307
4106,68.0,Chennai,regular,clothing,30.0,44237.1,1327113.0,48.88,326,81,17,26,Debit Card,148
4107,34.0,Kolkata,Premium,ELECTRONICS,32.0,32915.26,1053288.32,28.85,82,117,13,16,UPI,262
4108,30.0,Chennai,inactive,Books,4.0,16371.76,65487.04,31.53,26,31,19,4,UPI,1035
4109,39.0,DELHI,new,Clothing,35.0,25643.16,897510.6,0.01,145,47,15,19,Credit Card,813
4110,28.0,kolkata,PREMIUM,Furniture,21.0,39310.83,825527.43,22.22,177,81,7,5,Credit Card,788
4111,62.0,Mumbai,NEW,Groceries,5.0,16320.34,81601.7,18.49,29,30,6,2,CREDIT CARD,547
4112,47.0,CHENNAI,premium,Books,29.0,27866.46,808127.34,23.7,177,4,11,3,Debit Card,1802
4113,57.0, Chennai ,NEW,Sports,18.0,4845.77,87223.86,1.23,48,75,3,4,Credit Card,1490
4114,70.0,Chennai,new,clothing,41.0,46288.85,1897842.85,48.88,192,18,10,27,Cash,1266
4115,31.0,MUMBAI,PREMIUM,GROCERIES,27.0,35157.79,949260.33,7.27,196,144,18,18,debit card,947
4116,32.0,kolkata,new,books,40.0,10551.71,422068.4,28.37,78,173,11,11,Debit Card,1264
4117,21.0,BANGALORE,Premium,Groceries,27.0,10335.39,279055.53,40.56,225,21,4,9,credit card,446
4118,48.0,MUMBAI,Inactive,books,20.0,30974.67,619493.4,6.85,161,138,2,18,Debit Card,911
4119,42.0,pune,regular,books,13.0,21818.62,283642.06,10.38,219,90,6,1,cash,657
4120,65.0,Bangalore,Inactive,Books,18.0,18955.21,341193.78,21.04,61,95,1,17,Cash,684
4121,24.0,DELHI,New,sports,15.0,39593.79,593906.85,46.45,56,137,14,15,upi,1629
4122,32.0,Delhi,inactive,Books,3.0,6872.02,20616.06,0.39,80,54,7,1,net banking,1105
4123,58.0,Delhi,premium,Sports,37.0,19635.97,726530.89,38.43,167,7,19,9,Net Banking,63
4124,34.0,Chennai,Premium,Books,20.0,12635.36,252707.2,41.75,223,98,13,16,debit card,987
4125,20.0,Kolkata,inactive,ELECTRONICS,25.0,2619.81,65495.25,8.01,162,123,16,19,upi,903
4126,30.0,Hyderabad,NEW,Electronics,23.0,10655.36,245073.28,49.78,100,8573,1,17,net banking,331
4127,30.0,MUMBAI,Premium,furniture,30.0,1962.36,58870.8,30.44,298,139,5,9,Net Banking,1053
4128,21.0,hyderabad,REGULAR,electronics,34.0,34773.62,1182303.08,19.81,54,1,18,32,cash,1310
4129,68.0,Hyderabad,Regular,groceries,30.0,26606.38,798191.4,49.26,90,130,20,20,credit card,897
4130,52.0,pune,New,Electronics,1.0,19230.88,19230.88,44.21,205,130,16,0,CREDIT CARD,1026
4131,55.0,chennai,regular,sports,11.0,18789.52,206684.72,27.21,137,97,10,8,Credit Card,894
4132,52.0,CHENNAI,inactive,GROCERIES,39.0,7141.14,278504.46,31.56,52,171,19,39,Net Banking,1268
4133,46.0,Chennai,Regular,electronics,3.0,28101.67,84305.01,26.56,136,144,0,2,debit card,557
4134,51.0,hyderabad,NEW,furniture,3.0,47234.09,141702.27,39.92,140,137,7,1,debit card,882
4135,68.0,Bangalore,NEW,groceries,45.0,23164.54,1042404.3,36.81,70,100,1,11,credit card,473
4136,22.0,kolkata,Premium,groceries,46.0,21413.63,985026.98,36.36,153,15,10,40,Cash,1213
4137,48.0,DELHI,Regular,Sports,2.0,26794.61,53589.22,36.24,5,180,6,1,net banking,384
4138,59.0,Bangalore,Regular,GROCERIES,7.0,6772.8,47409.6,36.75,270,136,15,0,debit card,194
4139,39.0,Bangalore,new,Furniture,41.0,5372.32,220265.12,31.59,226,52,2,18,CREDIT CARD,274
4140,48.0,Bangalore,New,ELECTRONICS,18.0,24283.45,437102.1,30.11,130,64,6,3,Net Banking,1145
4141,28.0,hyderabad,Regular,sports,3.0,17916.92,53750.76,43.2,245,105,13,1,Credit Card,1111
4142,37.0,Chennai,new,Furniture,18.0,35891.64,646049.52,20.05,7,196,3,10,Net Banking,949
4143,36.0,Hyderabad,New,ELECTRONICS,,30194.99,241559.92,34.9,262,170,10,0,UPI,1322
4144,26.0,Bangalore,REGULAR,Sports,20.0,7909.61,158192.2,16.71,217,103,14,5,Cash,395
4145,54.0,chennai,new,ELECTRONICS,9.0,49142.47,442282.23,21.0,316,70,1,6,cash,78
4146,24.0,Bangalore,regular,electronics,15.0,26079.82,391197.3,21.91,120,143,13,6,Debit Card,1291
4147,26.0,MUMBAI,NEW,Sports,49.0,30488.24,1493923.76,19.51,80,92,20,16,upi,1359
4148,50.0,Hyderabad,PREMIUM,furniture,27.0,44725.28,1207582.56,49.15,31,59,11,12,UPI,1048
4149,35.0,Pune,Premium,Furniture,20.0,10438.17,208763.4,32.59,41,181,9,18,CREDIT CARD,870
4150,27.0,Kolkata,Regular,Sports,24.0,701.32,16831.68,19.94,27,187,2,4,upi,874
4151,36.0,BANGALORE,inactive,books,3.0,29480.83,88442.49,21.7,146,155,1,0,Credit Card,126
4152,56.0, Chennai ,New,groceries,23.0,41809.29,961613.67,29.64,166,80,10,9,Debit Card,109
4153,21.0, Chennai ,new,Furniture,18.0,42783.47,770102.46,6.51,252,187,9,5,Credit Card,1354
4154,38.0,mumbai,PREMIUM,Groceries,43.0,33901.74,1457774.82,28.53,235,176,6,3,Net Banking,1614
4155,30.0,mumbai,premium,groceries,26.0,18989.06,493715.56,38.71,205,146,3,1,Net Banking,151
4156,58.0,Pune,inactive,Sports,26.0,37674.86,979546.36,3.29,61,127,2,6,cash,547
4157,18.0,Mumbai,REGULAR,Electronics,2.0,20653.71,41307.42,8.81,235,108,8,0,debit card,1734
4158,54.0,DELHI,inactive,groceries,22.0,7437.35,163621.7,21.55,352,92,1,10,Debit Card,612
4159,49.0,Kolkata,inactive,books,17.0,4436.83,75426.11,49.8,8,41,16,11,Cash,751
4160,30.0,Pune,NEW,sports,32.0,17496.41,559885.12,29.98,288,127,10,11,Credit Card,563
4161,64.0,CHENNAI,inactive,Groceries,21.0,8600.71,180614.91,39.47,272,189,5,7,Credit Card,1680
4162,24.0,BANGALORE,regular,sports,15.0,1513.29,22699.35,32.94,322,35,19,15,Net Banking,1473
4163,35.0,DELHI,inactive,Books,19.0,11749.54,223241.26,38.79,75,152,9,11,cash,965
4164,51.0,Hyderabad,new,sports,42.0,36707.33,1541707.86,43.91,28,76,15,29,CREDIT CARD,566
4165,58.0,BANGALORE,regular,furniture,31.0,7941.82,246196.42,43.39,262,55,9,6,Cash,1658
4166,18.0,Hyderabad,new,Sports,43.0,43579.75,1873929.25,1.09,306,147,14,35,debit card,627
4167,29.0,kolkata,PREMIUM,furniture,37.0,12757.71,472035.27,18.96,133,34,3,8,net banking,289
4168,45.0,bangalore,NEW,Groceries,39.0,23756.77,926514.03,38.74,93,73,16,37,credit card,33
4169,39.0,bangalore,new,furniture,37.0,28609.86,1058564.82,18.08,271,191,8,14,debit card,1419
4170,40.0,BANGALORE,REGULAR,electronics,42.0,7795.66,327417.72,38.53,147,53,8,17,Credit Card,1497
4171,47.0,Chennai,NEW,Books,2.0,21013.0,42026.0,32.62,37,188,7,2,UPI,1279
4172,59.0,DELHI,Regular,Groceries,29.0,27223.88,789492.52,39.17,138,84,19,0,Net Banking,458
4173,62.0, Chennai ,PREMIUM,Furniture,11.0,4129.55,45425.05,5.04,37,47,12,4,cash,341
4174,24.0,,premium,Groceries,17.0,13497.5,229457.5,24.79,284,130,18,6,Net Banking,1331
4175,47.0,chennai,new,Electronics,24.0,42858.83,1028611.92,22.2,319,95,20,23,Credit Card,1337
4176,43.0,Mumbai,New,Sports,14.0,9682.36,135553.04,20.23,131,183,6,2,upi,715
4177,46.0,Mumbai,Premium,Books,32.0,30515.23,976487.36,2.63,252,11,15,32,Cash,1650
4178,65.0,Delhi,new,furniture,34.0,25188.5,856409.0,33.18,84,180,20,12,Cash,1236
4179,57.0,Hyderabad,Regular,groceries,37.0,40374.16,1493843.92,40.54,154,93,8,17,credit card,1804
4180,61.0,pune,NEW,Sports,15.0,49099.12,736486.8,45.72,232,184,18,4,net banking,369
4181,43.0,Mumbai,Inactive,Electronics,7.0,21260.77,148825.39,45.9,54,81,19,5,CREDIT CARD,1016
4182,,hyderabad,NEW,books,48.0,49697.98,2385503.04,47.89,185,165,10,47,Debit Card,425
4183,31.0,CHENNAI,inactive,GROCERIES,37.0,47068.64,1741539.68,11.39,341,55,20,19,Net Banking,704
4184,42.0,CHENNAI,Inactive,books,28.0,37597.29,1052724.12,42.97,195,93,20,1,CREDIT CARD,260
4185,69.0,Chennai,Premium,Books,3.0,8990.73,26972.19,26.42,158,170,19,2,net banking,1402
4186,66.0,hyderabad,Premium,Books,1.0,17876.23,17876.23,31.82,167,59,16,0,cash,1638
4187,44.0,MUMBAI,premium,furniture,45.0,638.42,28728.9,45.02,254,99,19,13,CREDIT CARD,1525
4188,53.0,hyderabad,inactive,furniture,44.0,8804.36,387391.84,43.55,255,74,12,11,CREDIT CARD,839
4189,50.0,Kolkata,REGULAR,Clothing,6.0,4297.19,25783.14,44.09,84,172,8,6,Debit Card,1133
4190,49.0,Mumbai,inactive,Electronics,29.0,16595.99,481283.71,30.13,50,80,20,9,debit card,1369
4191,56.0,delhi,premium,furniture,46.0,28442.02,1308332.92,32.99,162,174,18,41,upi,390
4192,58.0,delhi,inactive,Clothing,36.0,14258.71,513313.56,48.29,73,197,15,28,cash,182
4193,40.0,hyderabad,Regular,Sports,41.0,20994.43,860771.63,16.57,332,114,1,20,cash,254
4194,52.0,Mumbai,REGULAR,electronics,42.0,45440.12,1908485.04,39.52,99,23,20,34,upi,957
4195,26.0,Chennai,new,Groceries,38.0,5718.0,217284.0,13.89,192,107,13,4,Cash,865
4196,69.0,BANGALORE,new,Sports,25.0,39911.94,997798.5,48.43,171,14,8,7,debit card,33
4197,67.0,CHENNAI,Premium,ELECTRONICS,26.0,32875.31,854758.06,17.11,194,178,9,14,UPI,888
4198,59.0,BANGALORE,REGULAR,sports,30.0,44179.05,1325371.5,36.26,302,165,15,15,debit card,201
4199,66.0,chennai,REGULAR,Electronics,28.0,26222.78,734237.84,30.72,78,62,7,1,Cash,1634
4200,37.0,Hyderabad,PREMIUM,electronics,20.0,35297.2,705944.0,31.82,215,26,12,10,Debit Card,1770
4201,47.0,Delhi,Premium,Groceries,14.0,38913.46,544788.44,43.69,85,140,19,0,Net Banking,1482
4202,51.0,CHENNAI,inactive,books,27.0,7872.18,212548.86,10.12,295,167,12,3,UPI,1806
4203,21.0,Kolkata,premium,books,4.0,21875.62,87502.48,6.09,310,14,7,3,Net Banking,148
4204,39.0,pune,Premium,clothing,8.0,6421.43,51371.44,32.85,294,164,15,7,Cash,912
4205,61.0,MUMBAI,premium,furniture,37.0,48948.33,1811088.21,20.62,17,146,19,24,cash,129
4206,53.0,hyderabad,regular,furniture,27.0,41456.16,1119316.32,43.15,77,155,16,7,Credit Card,1080
4207,60.0,Kolkata,NEW,Furniture,20.0,35751.41,715028.2,22.62,289,139,16,16,CREDIT CARD,554
4208,67.0,MUMBAI,new,Groceries,40.0,20461.76,818470.4,26.55,201,138,13,11,Net Banking,549
4209,50.0,mumbai,Regular,Electronics,50.0,47279.3,2363965.0,28.49,226,17,10,16,Net Banking,1697
4210,39.0,pune,REGULAR,Electronics,8.0,40714.42,325715.36,9.72,111,99,14,2,cash,209
4211,22.0,Bangalore,New,GROCERIES,49.0,36727.77,1799660.73,48.35,142,5,17,10,net banking,403
4212,36.0,BANGALORE,regular,furniture,42.0,41577.91,1746272.22,39.79,61,165,7,28,credit card,890
4213,68.0,Bangalore,Premium,furniture,18.0,33670.34,606066.12,8.38,111,170,3,11,Cash,866
4214,58.0,Delhi,new,Furniture,6.0,39917.18,239503.08,5.91,335,157,2,2,credit card,1079
4215,64.0,CHENNAI,Regular,groceries,38.0,40264.79,1530062.02,1.32,226,153,1,19,upi,1532
4216,37.0,DELHI,Inactive,clothing,4.0,38614.37,154457.48,34.12,280,17,10,0,Cash,1587
4217,32.0,delhi,PREMIUM,GROCERIES,36.0,28449.35,1024176.6,4.66,361,161,2,10,upi,1647
4218,52.0,chennai,Premium,furniture,33.0,42272.57,1394994.81,21.3,348,13,20,27,net banking,178
4219,36.0,DELHI,premium,groceries,41.0,21618.73,886367.93,36.13,50,27,15,29,cash,341
4220,56.0,delhi,PREMIUM,Electronics,27.0,44484.52,1201082.04,23.44,286,8,10,23,net banking,1553
4221,40.0,Pune,PREMIUM,clothing,44.0,1076.63,47371.72,31.15,246,125,18,44,UPI,1467
4222,48.0,mumbai,regular,Electronics,3.0,11908.4,35725.2,9.86,188,17,16,3,credit card,946
4223,40.0,pune,NEW,furniture,28.0,9314.63,260809.64,7.62,159,157,9,20,Net Banking,888
4224,34.0, Chennai ,Inactive,clothing,38.0,48280.64,1834664.32,17.31,260,55,5,23,credit card,1256
4225,54.0,chennai,premium,Electronics,9.0,43113.52,388021.68,40.49,119,55,8,9,CREDIT CARD,326
4226,46.0,Kolkata,new,Electronics,35.0,16705.01,584675.35,15.3,348,43,13,32,CREDIT CARD,510
4227,57.0,bangalore,REGULAR,clothing,13.0,34859.18,453169.34,12.8,94,24,7,8,cash,38
4228,25.0, Chennai ,REGULAR,Sports,22.0,24125.76,530766.72,30.1,52,173,11,3,Debit Card,1305
4229,52.0,bangalore,REGULAR,Books,16.0,,132418.56,46.75,241,93,0,16,Debit Card,1278
4230,,Delhi,premium,GROCERIES,21.0,44912.8,943168.8,40.79,77,175,7,4,debit card,510
4231,34.0,Mumbai,premium,sports,14.0,28662.44,401274.16,39.88,248,148,13,5,upi,369
4232,53.0,Chennai,new,Clothing,15.0,19002.4,285036.0,0.62,364,67,10,10,net banking,120
4233,37.0,kolkata,PREMIUM,furniture,19.0,2562.52,48687.88,42.9,278,41,16,12,CREDIT CARD,778
4234,65.0,bangalore,NEW,GROCERIES,48.0,9395.14,450966.72,9.46,232,6,13,48,CREDIT CARD,1320
4235,58.0,bangalore,NEW,GROCERIES,47.0,11270.49,529713.03,0.97,31,95,11,34,CREDIT CARD,1722
4236,61.0,Mumbai,New,ELECTRONICS,49.0,,516538.89,35.34,43,105,14,23,Credit Card,160
4237,23.0,bangalore,Regular,books,9.0,31977.58,287798.22,22.46,13,199,6,4,credit card,1728
4238,36.0,hyderabad,new,Groceries,49.0,19296.61,945533.89,34.9,261,179,13,13,Net Banking,213
4239,33.0,hyderabad,Inactive,furniture,35.0,23890.7,836174.5,26.25,354,86,7,32,CREDIT CARD,1135
4240,55.0,Pune,premium,Books,12.0,35370.51,424446.12,32.74,115,169,19,6,UPI,957
4241,62.0,bangalore,Regular,Books,42.0,24592.68,1032892.56,37.98,139,74,10,7,CREDIT CARD,1312
4242,38.0,BANGALORE,PREMIUM,ELECTRONICS,10.0,1095.22,10952.2,48.24,337,53,8,6,debit card,1415
4243,35.0,Mumbai,Inactive,furniture,44.0,36822.99,1620211.56,6.1,266,15,14,4,net banking,1418
4244,42.0,chennai,New,furniture,38.0,39973.57,1518995.66,10.12,307,68,10,4,Credit Card,817
4245,60.0,kolkata,Regular,Furniture,47.0,8022.15,377041.05,7.04,196,38,18,33,upi,60
4246,37.0,mumbai,new,Furniture,24.0,35204.38,844905.12,39.75,55,193,1,7,upi,1363
4247,30.0,Chennai,REGULAR,groceries,39.0,16986.22,662462.58,47.67,213,46,10,2,cash,1220
4248,42.0,DELHI,premium,ELECTRONICS,14.0,16295.64,228138.96,27.36,280,158,18,10,Credit Card,1417
4249,53.0,kolkata,NEW,groceries,49.0,2037.08,99816.92,3.43,2,118,3,18,Cash,1554
4250,29.0,MUMBAI,New,Electronics,16.0,39107.86,625725.76,20.7,16,130,20,10,net banking,1386
4251,50.0,DELHI,regular,Books,50.0,13963.76,698188.0,40.11,250,35,3,12,CREDIT CARD,913
4252,68.0,Kolkata,new,books,27.0,11014.49,297391.23,27.95,115,199,2,22,Cash,185
4253,61.0,kolkata,Premium,Books,20.0,12030.28,240605.6,44.6,358,62,1,18,Net Banking,1197
4254,49.0,Bangalore,New,Furniture,46.0,39461.61,1815234.06,8.83,285,32,17,2,credit card,1690
4255,51.0,Kolkata,regular,GROCERIES,11.0,30120.13,331321.43,35.67,355,59,3,1,CREDIT CARD,821
4256,40.0,hyderabad,regular,groceries,1.0,11251.57,11251.57,6.56,109,28,4,0,Net Banking,1110
4257,25.0,hyderabad,Premium,clothing,12.0,35310.91,423730.92,43.43,253,81,16,8,net banking,218
4258,23.0,Pune,REGULAR,furniture,11.0,1696.71,18663.81,10.93,134,30,12,5,CREDIT CARD,1802
4259,47.0,mumbai,New,electronics,36.0,44465.54,1600759.44,5.15,295,89,7,6,Credit Card,68
4260,70.0,CHENNAI,new,furniture,43.0,42026.13,1807123.59,37.89,33,58,12,40,CREDIT CARD,349
4261,30.0,Pune,inactive,Electronics,5.0,11158.79,55793.95,22.44,17,46,0,4,cash,1176
4262,23.0,DELHI,Premium,electronics,49.0,14223.81,696966.69,30.81,43,181,7,25,Credit Card,983
4263,49.0,Mumbai,new,ELECTRONICS,3.0,,95466.15,14.12,25,179,18,0,upi,1536
4264,31.0,bangalore,Regular,Clothing,14.0,18439.78,258156.92,5.6,206,182,5,6,CREDIT CARD,696
4265,22.0,chennai,regular,books,37.0,13969.24,516861.88,46.92,249,63,1,23,cash,182
4266,69.0,Bangalore,premium,Clothing,15.0,33047.56,495713.4,1.47,203,114,6,1,Cash,1739
4267,70.0,Mumbai,regular,Electronics,31.0,15815.27,490273.37,31.89,104,87,18,26,upi,721
4268,33.0,Delhi,Inactive,Electronics,15.0,39870.17,598052.55,11.26,265,93,15,8,Debit Card,483
4269,56.0, Chennai ,Inactive,Groceries,33.0,1461.93,48243.69,0.58,283,77,3,25,CREDIT CARD,1426
4270,42.0,Kolkata,REGULAR,Electronics,6.0,35811.73,214870.38,21.53,124,166,3,2,upi,772
4271,18.0,Chennai,Regular,furniture,17.0,38542.64,655224.88,45.2,190,93,16,9,upi,1791
4272,65.0,DELHI,inactive,ELECTRONICS,4.0,5335.19,21340.76,5.28,331,154,0,1,Debit Card,376
4273,18.0, Chennai ,New,Groceries,7.0,30202.32,211416.24,27.38,310,2,12,0,Cash,259
4274,49.0,bangalore,Premium,GROCERIES,22.0,6439.22,141662.84,49.16,297,42,12,14,Net Banking,1328
4275,40.0,,regular,groceries,7.0,44327.16,310290.12,32.38,339,38,20,4,Debit Card,1531
4276,56.0,Hyderabad,REGULAR,groceries,35.0,44048.16,1541685.6,43.52,286,195,20,31,CREDIT CARD,50
4277,27.0,Chennai,regular,books,36.0,48964.44,1762719.84,4.02,16,59,12,21,Debit Card,612
4278,49.0,BANGALORE,regular,electronics,17.0,14927.77,253772.09,7.13,364,192,15,3,cash,1222
4279,46.0,DELHI,REGULAR,Clothing,5.0,43249.61,216248.05,18.17,189,91,0,4,Credit Card,131
4280,27.0,Chennai,New,sports,38.0,17829.55,677522.9,23.52,162,109,8,8,Net Banking,1438
4281,26.0,pune,regular,Clothing,27.0,31644.8,854409.6,1.9,313,7,18,16,CREDIT CARD,564
4282,38.0,chennai,inactive,Furniture,8.0,13573.76,108590.08,21.53,153,114,1,2,Debit Card,886
4283,18.0,hyderabad,regular,electronics,32.0,3432.8,109849.6,21.39,86,45,11,10,UPI,691
4284,30.0,CHENNAI,Regular,clothing,48.0,5118.66,245695.68,21.06,96,140,0,36,UPI,642
4285,22.0,Kolkata,REGULAR,clothing,44.0,2063.22,90781.68,19.42,230,158,1,22,net banking,579
4286,53.0,mumbai,NEW,electronics,29.0,9802.45,284271.05,10.21,313,191,12,19,cash,241
4287,19.0,Pune,PREMIUM,Books,38.0,21452.6,815198.8,33.05,182,112,3,8,Credit Card,1630
4288,42.0,DELHI,New,clothing,47.0,20735.26,974557.22,47.12,246,97,8,29,net banking,1702
4289,40.0,BANGALORE,PREMIUM,Groceries,4.0,27976.49,111905.96,46.08,30,191,2,2,Debit Card,1656
4290,54.0,pune,Inactive,ELECTRONICS,23.0,23691.1,544895.3,0.78,298,149,5,16,upi,275
4291,18.0,Mumbai,NEW,Groceries,41.0,17079.87,700274.67,41.63,129,62,16,9,UPI,1429
4292,39.0,Mumbai,Premium,Clothing,12.0,46972.13,563665.56,33.63,278,195,13,5,Cash,271
4293,52.0, Chennai ,Inactive,Books,34.0,2248.51,76449.34,17.44,272,53,19,2,UPI,428
4294,18.0,Hyderabad,new,Clothing,1.0,36830.63,36830.63,27.06,28,59,17,1,Credit Card,244
4295,65.0,Hyderabad,inactive,GROCERIES,30.0,39691.51,1190745.3,29.62,357,177,2,18,cash,281
4296,65.0,Chennai,REGULAR,Electronics,32.0,44116.96,1411742.72,28.93,18,155,11,31,debit card,1585
4297,37.0,bangalore,regular,Electronics,28.0,29759.33,833261.24,49.42,60,80,7,16,Net Banking,1665
4298,45.0,Kolkata,Regular,Furniture,42.0,15606.83,655486.86,5.82,355,163,10,23,upi,1044
4299,45.0,Bangalore,Inactive,GROCERIES,40.0,8593.2,343728.0,18.86,210,59,5,30,Debit Card,372
4300,34.0,Delhi,new,Books,3.0,9937.43,29812.29,43.09,316,21,18,0,UPI,867
4301,43.0,Bangalore,inactive,Books,7.0,46234.05,323638.35,13.28,351,60,9,3,Credit Card,948
4302,43.0,kolkata,inactive,books,15.0,7940.5,119107.5,28.86,260,114,12,2,cash,1326
4303,,Hyderabad,Premium,Groceries,47.0,31549.73,1482837.31,29.15,242,2,5,43,debit card,411
4304,33.0,Hyderabad,Regular,GROCERIES,17.0,36579.87,621857.79,10.75,128,137,1,2,Debit Card,184
4305,51.0,delhi,Regular,clothing,5.0,9827.89,49139.45,42.97,247,184,3,3,net banking,322
4306,44.0, Chennai ,premium,electronics,48.0,49940.96,2397166.08,23.06,88,7,14,13,debit card,974
4307,52.0,Kolkata,Regular,sports,23.0,15945.77,366752.71,14.03,166,90,13,9,Net Banking,427
4308,22.0, Chennai ,New,Furniture,35.0,16677.39,583708.65,8.81,207,60,15,1,Credit Card,1147
4309,59.0,kolkata,Inactive,clothing,15.0,27666.53,414997.95,2.27,153,141,11,15,net banking,1536
4310,24.0,BANGALORE,REGULAR,groceries,1.0,26194.57,26194.57,48.4,348,68,2,0,cash,295
4311,36.0,DELHI,New,Books,46.0,9636.87,443296.02,26.34,88,111,2,29,Debit Card,567
4312,62.0,BANGALORE,Premium,Books,35.0,23146.82,810138.7,38.21,223,52,2,16,Cash,429
4313,62.0,CHENNAI,NEW,electronics,13.0,22845.44,296990.72,6.68,78,151,6,8,Credit Card,655
4314,39.0,Chennai,inactive,Clothing,1.0,38923.44,38923.44,32.11,118,71,18,0,cash,195
4315,43.0,DELHI,new,groceries,17.0,29241.23,497100.91,36.27,102,144,13,17,credit card,446
4316,32.0,Kolkata,inactive,ELECTRONICS,45.0,8487.57,381940.65,24.37,357,200,17,6,net banking,183
4317,41.0,bangalore,Regular,Sports,38.0,9677.46,367743.48,34.42,274,64,1,11,credit card,439
4318,43.0,Kolkata,premium,groceries,4.0,32757.35,131029.4,12.22,160,19,15,4,Net Banking,856
4319,18.0,Mumbai,NEW,GROCERIES,20.0,30093.47,601869.4,0.72,82,106,8,16,net banking,175
4320,18.0,Bangalore,Premium,Clothing,38.0,4859.77,184671.26,24.04,39,45,16,32,cash,528
4321,46.0,Delhi,Inactive,Sports,35.0,16782.3,587380.5,31.71,115,194,1,35,CREDIT CARD,1653
4322,29.0,hyderabad,inactive,Furniture,7.0,14057.8,98404.6,28.61,128,152,10,3,upi,1238
4323,51.0,Mumbai,Regular,Books,12.0,2615.51,31386.12,8.37,154,131,13,1,cash,205
4324,39.0,Hyderabad,inactive,books,50.0,37746.13,1887306.5,11.56,27,178,12,31,net banking,90
4325,22.0,pune,regular,groceries,32.0,2351.65,75252.8,4.23,361,20,4,0,debit card,633
4326,46.0, Chennai ,PREMIUM,Electronics,36.0,10476.53,377155.08,20.99,146,141,14,19,net banking,705
4327,43.0,mumbai,Regular,books,29.0,27454.65,796184.85,150.0,218,180,2,15,Debit Card,1674
4328,69.0,Mumbai,new,GROCERIES,27.0,1754.03,47358.81,20.8,97,157,20,21,UPI,1341
4329,22.0,Delhi,New,Furniture,37.0,43060.71,1593246.27,2.46,185,198,15,18,credit card,1459
4330,44.0,pune,NEW,clothing,42.0,11355.56,476933.52,44.39,208,182,7,15,Net Banking,1548
4331,41.0,Hyderabad,premium,books,33.0,13981.76,461398.08,11.07,247,116,15,31,net banking,771
4332,54.0,Mumbai,Inactive,clothing,22.0,25502.52,561055.44,20.7,275,175,16,22,Debit Card,930
4333,36.0,DELHI,NEW,furniture,11.0,9910.4,109014.4,30.97,194,10,9,2,debit card,576
4334,38.0,,PREMIUM,Groceries,25.0,25078.33,626958.25,3.11,62,123,16,5,Cash,711
4335,68.0,pune,NEW,Furniture,5.0,45700.36,228501.8,37.95,2,60,14,5,upi,456
4336,66.0,mumbai,Inactive,clothing,1.0,11528.28,11528.28,39.61,16,78,6,1,debit card,214
4337,58.0,mumbai,New,furniture,36.0,46921.82,1689185.52,25.63,193,82,10,7,Credit Card,1103
4338,44.0, Chennai ,Inactive,books,38.0,23394.64,888996.32,49.03,254,186,16,13,Cash,1649
4339,31.0,CHENNAI,Regular,ELECTRONICS,40.0,15547.53,621901.2,8.32,242,94,18,18,CREDIT CARD,765
4340,20.0,CHENNAI,New,Groceries,29.0,18539.84,537655.36,15.97,155,134,12,6,cash,334
4341,53.0,CHENNAI,Premium,Sports,43.0,25022.79,1075979.97,37.41,2,88,12,3,UPI,674
4342,48.0,MUMBAI,NEW,sports,41.0,38274.2,1569242.2,41.91,60,14,18,25,Credit Card,1625
4343,19.0,Hyderabad,New,books,8.0,20697.0,165576.0,48.69,346,18,10,3,credit card,932
4344,42.0,BANGALORE,Premium,Books,45.0,8643.93,388976.85,14.59,192,97,19,29,Cash,217
4345,50.0,CHENNAI,regular,Clothing,15.0,38077.79,571166.85,44.8,199,159,14,10,Net Banking,710
4346,68.0,bangalore,regular,groceries,2.0,19533.02,39066.04,9.53,93,107,0,1,Debit Card,512
4347,51.0,Pune,PREMIUM,books,41.0,15859.63,650244.83,35.22,223,151,12,24,Credit Card,1149
4348,63.0, Chennai ,NEW,GROCERIES,49.0,16351.0,801199.0,27.8,148,28,9,40,Credit Card,425
4349,44.0,Delhi,regular,Furniture,29.0,13375.0,387875.0,5.26,200,31,18,28,Debit Card,1804
4350,46.0,chennai,PREMIUM,ELECTRONICS,42.0,37249.52,1564479.84,30.37,12,154,20,18,debit card,471
4351,22.0,mumbai,premium,Books,13.0,14096.56,183255.28,42.49,166,85,14,9,Cash,1251
4352,19.0,chennai,new,ELECTRONICS,22.0,20353.23,447771.06,39.08,286,125,4,7,Credit Card,811
4353,59.0,MUMBAI,New,Groceries,29.0,43244.16,1254080.64,48.76,227,179,2,20,cash,788
4354,24.0,chennai,regular,electronics,16.0,20247.31,323956.96,22.77,195,125,19,11,Cash,1374
4355,62.0,MUMBAI,PREMIUM,sports,9.0,13929.83,125368.47,30.07,246,56,14,1,Cash,893
4356,48.0,Bangalore,REGULAR,Books,29.0,29339.74,850852.46,5.91,68,8,19,9,UPI,570
4357,60.0,Chennai,PREMIUM,Furniture,46.0,31416.69,1445167.74,34.39,153,53,17,33,CREDIT CARD,802
4358,55.0,hyderabad,New,furniture,18.0,47820.06,860761.08,11.78,199,100,15,8,net banking,1096
4359,45.0,kolkata,Inactive,furniture,26.0,30324.92,788447.92,0.41,246,8573,13,7,Cash,191
4360,37.0, Chennai ,NEW,sports,16.0,16515.83,264253.28,1.91,320,74,19,1,cash,606
4361,68.0,DELHI,regular,GROCERIES,18.0,9719.75,174955.5,2.66,71,93,9,8,UPI,1517
4362,27.0,Kolkata,NEW,groceries,5.0,3515.16,17575.8,16.7,236,167,5,4,Net Banking,597
4363,21.0,hyderabad,REGULAR,electronics,40.0,12661.56,506462.4,6.2,130,98,0,15,Net Banking,1148
4364,28.0,Pune,Premium,Clothing,21.0,20988.3,440754.3,47.48,312,177,3,21,Credit Card,1176
4365,59.0,bangalore,NEW,GROCERIES,31.0,23223.02,719913.62,44.53,241,92,0,6,Debit Card,1209
4366,59.0,MUMBAI,Inactive,Sports,12.0,49263.85,591166.2,19.68,232,157,15,11,debit card,1613
4367,61.0,BANGALORE,Regular,electronics,49.0,49129.97,2407368.53,38.89,35,133,12,11,upi,862
4368,64.0,hyderabad,NEW,groceries,5.0,20485.84,102429.2,11.62,116,196,17,3,Debit Card,1650
4369,52.0, Chennai ,Regular,Electronics,13.0,7549.47,98143.11,39.97,67,78,19,8,upi,650
4370,19.0,delhi,New,groceries,24.0,40553.44,973282.56,13.84,250,116,0,24,UPI,490
4371,43.0,DELHI,regular,Books,16.0,40947.73,655163.68,48.29,333,87,9,3,CREDIT CARD,253
4372,59.0,hyderabad,New,ELECTRONICS,4.0,45300.19,181200.76,32.61,40,180,5,4,Cash,541
4373,34.0,kolkata,PREMIUM,Furniture,1.0,45897.59,45897.59,39.49,302,42,0,1,Debit Card,1788
4374,42.0,Bangalore,Premium,clothing,41.0,18067.3,740759.3,26.23,317,108,19,2,Credit Card,193
4375,56.0,mumbai,Regular,Clothing,6.0,39388.9,236333.4,15.81,154,4,8,0,UPI,1335
4376,47.0,Bangalore,NEW,sports,18.0,34911.95,628415.1,7.27,217,133,13,2,cash,1690
4377,29.0,Kolkata,new,books,,47765.04,2244956.88,28.53,102,62,7,0,UPI,922
4378,57.0,DELHI,PREMIUM,Electronics,6.0,27794.84,166769.04,12.82,165,115,12,3,credit card,878
4379,,mumbai,Inactive,books,46.0,38680.83,1779318.18,2.65,213,73,2,0,Debit Card,189
4380,52.0,DELHI,premium,Sports,42.0,46924.44,1970826.48,49.56,126,172,5,40,upi,784
4381,70.0,Mumbai,Regular,clothing,41.0,49958.62,2048303.42,18.47,186,73,13,4,CREDIT CARD,1705
4382,60.0,chennai,Regular,Books,,27311.33,1338255.17,36.87,211,117,5,0,debit card,649
4383,61.0,chennai,premium,books,39.0,47200.62,1840824.18,37.68,317,45,16,38,credit card,644
4384,61.0,MUMBAI,REGULAR,Clothing,22.0,43886.11,965494.42,32.03,93,88,20,22,upi,286
4385,52.0,Hyderabad,inactive,Electronics,32.0,34831.41,1114605.12,25.56,128,130,9,29,UPI,1764
4386,22.0,Delhi,regular,Books,3.0,23428.33,70284.99,13.66,46,129,10,0,UPI,1461
4387,52.0,Mumbai,inactive,clothing,4.0,38031.5,152126.0,33.58,162,197,8,3,UPI,189
4388,26.0,chennai,New,furniture,2.0,33262.68,66525.36,32.23,56,25,19,2,UPI,1609
4389,55.0,,Regular,Sports,29.0,8198.95,237769.55,11.92,1,60,3,10,net banking,588
4390,42.0,DELHI,Regular,Books,39.0,39237.31,1530255.09,13.57,66,141,0,20,debit card,1407
4391,19.0,chennai,Inactive,ELECTRONICS,50.0,45595.22,2279761.0,37.71,56,148,11,3,Net Banking,1177
4392,49.0,Delhi,Premium,books,22.0,34384.75,756464.5,29.09,20,62,8,20,cash,458
4393,29.0,mumbai,New,ELECTRONICS,2.0,44733.52,89467.04,34.07,364,95,11,2,upi,1707
4394,27.0,kolkata,regular,furniture,32.0,18887.64,604404.48,39.83,227,140,7,14,Cash,527
4395,56.0,pune,regular,Clothing,5.0,1959.48,9797.4,34.1,41,139,16,4,UPI,1590
4396,46.0,Pune,new,Furniture,12.0,39368.01,472416.12,26.47,8,174,18,5,Net Banking,398
4397,64.0,kolkata,Regular,furniture,29.0,26162.4,758709.6,0.61,37,144,19,17,upi,1696
4398,41.0,pune,inactive,Furniture,19.0,20508.51,389661.69,39.67,355,188,0,14,debit card,729
4399,44.0,mumbai,inactive,Groceries,44.0,37448.63,1647739.72,32.02,2,54,5,28,credit card,1124
4400,69.0,kolkata,new,Groceries,34.0,22873.94,777713.96,16.41,297,142,1,8,Credit Card,1024
4401,39.0,Mumbai,Premium,clothing,26.0,39760.91,1033783.66,29.27,25,119,9,6,Cash,72
4402,58.0,BANGALORE,regular,Furniture,17.0,24260.52,412428.84,24.75,315,43,1,4,debit card,1318
4403,68.0,delhi,regular,Electronics,44.0,24144.42,1062354.48,31.77,294,124,2,34,cash,1308
4404,65.0,Chennai,premium,electronics,12.0,3367.26,40407.12,9.79,204,126,5,9,cash,1359
4405,22.0,BANGALORE,Inactive,Books,41.0,13007.4,533303.4,6.27,222,22,20,25,upi,1386
4406,44.0,delhi,new,electronics,2.0,24691.34,49382.68,28.66,178,47,14,1,upi,780
4407,26.0,Chennai,NEW,Clothing,7.0,47708.12,333956.84,45.05,99,3,20,0,credit card,1538
4408,42.0,CHENNAI,inactive,books,34.0,11449.72,389290.48,4.53,82,146,1,3,Net Banking,634
4409,22.0,BANGALORE,New,sports,45.0,13755.71,619006.95,47.47,282,97,0,18,CREDIT CARD,1169
4410,60.0,Delhi,premium,groceries,32.0,7444.6,238227.2,6.54,154,98,8,17,Net Banking,266
4411,20.0,BANGALORE,Premium,Books,26.0,3534.69,91901.94,22.71,330,61,15,14,net banking,1118
4412,57.0,mumbai,premium,clothing,8.0,27397.51,219180.08,1.97,236,42,19,0,net banking,1383
4413,34.0,Kolkata,Inactive,Books,35.0,36139.71,1264889.85,36.32,336,25,14,3,UPI,1601
4414,43.0,delhi,new,Sports,44.0,21713.81,955407.64,16.55,323,95,14,23,Net Banking,1243
4415,19.0,Delhi,Regular,groceries,41.0,23327.82,956440.62,36.41,325,151,8,31,Cash,200
4416,19.0,pune,Inactive,sports,40.0,29406.79,1176271.6,31.29,248,136,9,34,upi,674
4417,28.0,MUMBAI,Premium,Furniture,1.0,14806.12,14806.12,41.97,100,68,6,0,debit card,1283
4418,70.0,Pune,PREMIUM,Electronics,30.0,42508.57,1275257.1,0.11,79,101,14,11,UPI,566
4419,46.0,bangalore,Regular,Books,46.0,38903.02,1789538.92,21.71,149,183,2,27,Debit Card,1113
4420,26.0,Bangalore,premium,electronics,31.0,42761.79,1325615.49,7.05,325,52,1,12,UPI,1068
4421,28.0,CHENNAI,new,Books,12.0,49101.39,589216.68,47.83,351,64,0,8,Credit Card,1633
4422,65.0,delhi,NEW,books,41.0,49457.48,2027756.68,0.65,354,132,13,5,credit card,370
4423,67.0,bangalore,NEW,Electronics,20.0,15575.13,311502.6,43.99,31,102,10,14,Net Banking,289
4424,23.0, Chennai ,PREMIUM,GROCERIES,7.0,35267.21,246870.47,25.83,1,145,16,1,cash,1816
4425,47.0,Hyderabad,New,Clothing,24.0,6870.42,164890.08,16.69,215,124,6,20,Net Banking,264
4426,22.0,Chennai,new,Books,1.0,46831.75,46831.75,26.71,270,166,13,1,upi,1541
4427,37.0, Chennai ,regular,GROCERIES,16.0,17820.93,285134.88,30.34,160,110,17,10,Debit Card,1332
4428,47.0,DELHI,PREMIUM,Groceries,12.0,16216.67,194600.04,22.21,195,138,18,9,cash,1452
4429,49.0,Kolkata,Regular,Sports,37.0,19009.39,703347.43,19.4,198,9,7,10,cash,1362
4430,33.0,Kolkata,Premium,electronics,17.0,33979.49,577651.33,0.85,315,91,20,1,cash,930
4431,68.0,CHENNAI,REGULAR,Sports,50.0,5331.0,266550.0,30.5,195,187,20,47,Debit Card,318
4432,32.0,,inactive,clothing,32.0,45588.89,1458844.48,7.55,303,108,2,5,UPI,1337
4433,59.0,bangalore,inactive,Sports,41.0,42995.17,1762801.97,11.51,259,199,9,5,upi,287
4434,66.0,pune,inactive,Books,2.0,22003.23,44006.46,27.38,261,23,10,2,upi,844
4435,21.0,MUMBAI,Premium,furniture,35.0,3370.26,117959.1,47.08,328,134,6,16,Debit Card,591
4436,70.0,pune,Regular,groceries,16.0,16425.71,262811.36,26.37,355,134,15,14,Cash,1318
4437,66.0,Delhi,regular,GROCERIES,10.0,15092.27,150922.7,35.06,49,181,13,7,upi,325
4438,24.0,Pune,new,sports,19.0,12449.95,236549.05,30.86,147,128,9,4,Cash,1341
4439,30.0,Mumbai,New,Furniture,16.0,36603.71,585659.36,26.12,13,155,20,5,Cash,1767
4440,39.0, Chennai ,New,Sports,11.0,28227.46,310502.06,29.46,285,80,11,4,net banking,1647
4441,27.0,BANGALORE,PREMIUM,GROCERIES,31.0,45336.06,1405417.86,11.16,96,87,16,6,CREDIT CARD,1402
4442,67.0,Pune,new,groceries,26.0,11535.58,299925.08,0.35,54,160,14,23,debit card,565
4443,47.0,Hyderabad,REGULAR,sports,12.0,42564.15,510769.8,6.45,206,157,12,8,UPI,1591
4444,25.0,Hyderabad,Inactive,ELECTRONICS,5.0,24094.88,120474.4,3.61,54,64,11,5,cash,324
4445,58.0,Pune,regular,Groceries,17.0,32298.65,549077.05,1.46,321,84,0,0,UPI,1679
4446,46.0,delhi,inactive,Groceries,46.0,26564.02,1221944.92,2.18,213,108,9,34,Net Banking,1090
4447,37.0, Chennai ,Regular,Furniture,43.0,12861.4,553040.2,8.94,224,12,15,34,Debit Card,432
4448,40.0,DELHI,NEW,ELECTRONICS,41.0,45906.84,1882180.44,39.07,132,93,4,18,net banking,1129
4449,25.0,BANGALORE,Premium,Sports,13.0,44057.92,572752.96,40.35,159,28,15,6,UPI,667
4450,44.0, Chennai ,regular,electronics,7.0,32414.12,226898.84,28.94,56,9,20,1,debit card,1409
4451,67.0,hyderabad,Regular,furniture,42.0,33192.58,1394088.36,44.34,323,44,18,32,cash,511
4452,69.0,Bangalore,NEW,clothing,19.0,28222.64,536230.16,44.76,5,173,3,4,Net Banking,1002
4453,22.0,Mumbai,new,GROCERIES,45.0,5702.96,256633.2,16.08,332,129,10,12,Cash,39
4454,55.0, Chennai ,inactive,GROCERIES,19.0,13934.85,264762.15,28.5,130,4,16,0,cash,423
4455,19.0,Pune,Inactive,sports,11.0,8745.43,96199.73,31.76,207,67,3,9,Cash,1594
4456,42.0,Bangalore,NEW,sports,19.0,2130.36,40476.84,34.73,126,119,13,8,UPI,289
4457,70.0,Hyderabad,inactive,Groceries,36.0,22906.94,824649.84,6.47,8,44,7,35,upi,685
4458,44.0,mumbai,New,Electronics,1.0,27943.97,27943.97,18.25,279,7,3,0,Credit Card,1461
4459,33.0,Chennai,Premium,Groceries,13.0,23075.2,299977.6,7.69,204,135,15,10,CREDIT CARD,1639
4460,64.0,Mumbai,Premium,Books,13.0,999.01,12987.13,3.53,278,17,13,9,CREDIT CARD,370
4461,31.0,pune,new,groceries,42.0,19883.59,835110.78,5.64,138,18,11,4,Cash,1179
4462,21.0,hyderabad,Premium,books,50.0,34108.76,1705438.0,6.34,69,159,5,44,Cash,661
4463,70.0,Mumbai,inactive,Furniture,27.0,11224.67,303066.09,26.9,122,79,18,5,upi,440
4464,53.0,pune,inactive,books,35.0,24622.72,861795.2,32.75,316,83,11,5,Credit Card,1278
4465,27.0,Delhi,Regular,Groceries,24.0,42534.44,1020826.56,25.21,234,39,16,20,Debit Card,567
4466,43.0,MUMBAI,inactive,Furniture,39.0,5323.59,207620.01,21.73,340,154,0,22,UPI,1166
4467,49.0,bangalore,Regular,Electronics,45.0,31994.14,1439736.3,29.35,45,70,18,38,cash,1582
4468,21.0,DELHI,premium,groceries,30.0,28531.94,855958.2,31.36,81,167,1,5,Net Banking,1250
4469,67.0,kolkata,Inactive,Sports,47.0,34641.3,1628141.1,13.74,135,139,2,4,net banking,1291
4470,25.0,Kolkata,inactive,ELECTRONICS,33.0,14338.35,473165.55,39.16,155,138,15,17,Cash,557
4471,20.0,chennai,Inactive,books,12.0,21333.97,256007.64,27.63,265,102,11,11,net banking,1750
4472,,Kolkata,inactive,ELECTRONICS,2.0,41497.54,82995.08,27.87,339,6,11,1,Credit Card,194
4473,54.0,Kolkata,regular,books,14.0,48238.89,675344.46,32.88,165,115,10,10,CREDIT CARD,1376
4474,57.0,Mumbai,REGULAR,Groceries,45.0,38089.58,1714031.1,43.66,216,129,0,44,net banking,579
4475,45.0,Chennai,Premium,electronics,22.0,34880.81,767377.82,28.11,66,200,6,12,CREDIT CARD,589
4476,63.0,mumbai,regular,furniture,42.0,49070.63,2060966.46,14.27,248,174,1,0,CREDIT CARD,736
4477,25.0,pune,Premium,groceries,42.0,22699.39,953374.38,6.95,356,69,13,3,Cash,766
4478,69.0,Kolkata,new,ELECTRONICS,19.0,26866.58,510465.02,24.22,235,99,7,1,cash,1118
4479,31.0,Bangalore,new,ELECTRONICS,43.0,27061.57,1163647.51,1.48,317,25,1,2,upi,541
4480,35.0,hyderabad,regular,Sports,50.0,33904.85,1695242.5,25.24,136,199,4,2,cash,345
4481,28.0,MUMBAI,Premium,Groceries,50.0,43463.23,2173161.5,23.84,177,117,7,13,upi,1167
4482,67.0,mumbai,NEW,books,31.0,19218.24,595765.44,47.88,185,187,11,22,CREDIT CARD,709
4483,50.0,Hyderabad,NEW,Groceries,25.0,,1097541.75,18.0,219,196,12,8,net banking,1006
4484,51.0,mumbai,inactive,groceries,20.0,43802.22,876044.4,25.51,58,58,1,1,Credit Card,389
4485,39.0,bangalore,regular,groceries,42.0,13618.45,571974.9,42.43,123,74,14,39,net banking,745
4486,26.0,pune,regular,Sports,41.0,48800.94,2000838.54,14.31,234,2,9,7,debit card,791
4487,20.0,Bangalore,inactive,sports,25.0,10994.41,274860.25,9.79,21,110,19,10,cash,246
4488,22.0,kolkata,premium,furniture,26.0,32592.45,847403.7,9.89,331,113,11,20,Cash,743
4489,38.0,pune,regular,ELECTRONICS,12.0,28955.89,347470.68,46.96,341,49,7,10,CREDIT CARD,621
4490,22.0,hyderabad,new,sports,6.0,4508.54,27051.24,0.29,56,183,12,3,Net Banking,633
4491,70.0,MUMBAI,New,Electronics,17.0,27502.44,467541.48,48.6,304,134,10,4,Net Banking,233
4492,34.0,Delhi,inactive,groceries,37.0,38597.9,1428122.3,150.0,310,53,20,19,Net Banking,829
4493,62.0,kolkata,NEW,furniture,14.0,35908.8,502723.2,20.9,201,162,2,11,net banking,1392
4494,48.0,hyderabad,New,clothing,47.0,16161.31,759581.57,33.69,277,75,6,5,Cash,878
4495,58.0,Bangalore,PREMIUM,sports,5.0,45306.8,226534.0,22.35,289,189,1,5,Credit Card,1790
4496,38.0,MUMBAI,inactive,electronics,9.0,49645.0,446805.0,0.99,164,179,15,4,Credit Card,316
4497,58.0,Pune,regular,Groceries,40.0,18683.94,747357.6,38.13,227,109,18,20,UPI,1187
4498,24.0,mumbai,New,Furniture,6.0,11743.86,70463.16,24.8,124,116,6,0,net banking,1453
4499,62.0,Delhi,REGULAR,furniture,20.0,5901.1,118022.0,36.83,134,84,18,5,Debit Card,391
4500,69.0,bangalore,NEW,Electronics,48.0,9465.67,454352.16,17.38,256,20,3,24,CREDIT CARD,1690
4501,62.0,hyderabad,regular,Books,14.0,16980.66,237729.24,45.52,145,153,4,8,upi,441
4502,26.0,Kolkata,Premium,ELECTRONICS,14.0,5431.89,76046.46,12.82,18,34,16,11,credit card,121
4503,42.0,Chennai,inactive,books,32.0,19699.57,630386.24,41.52,141,54,6,17,cash,880
4504,18.0,mumbai,inactive,sports,25.0,48539.6,1213490.0,10.4,188,102,8,2,upi,1337
4505,29.0,pune,NEW,Sports,32.0,2367.61,75763.52,8.55,78,25,11,5,debit card,1418
4506,58.0,Delhi,REGULAR,books,7.0,24004.96,168034.72,32.48,343,98,16,5,Credit Card,569
4507,64.0,DELHI,NEW,Groceries,11.0,19728.77,217016.47,31.68,73,185,7,5,debit card,1371
4508,48.0,Mumbai,PREMIUM,clothing,3.0,,133899.96,46.38,185,61,1,3,credit card,267
4509,32.0,Chennai,Premium,clothing,24.0,32973.15,791355.6,45.64,70,122,11,20,CREDIT CARD,432
4510,35.0,chennai,NEW,GROCERIES,3.0,37724.47,113173.41,20.94,341,58,7,2,UPI,762
4511,43.0,Delhi,NEW,Groceries,38.0,27963.33,1062606.54,26.29,79,143,8,13,Cash,1184
4512,67.0,hyderabad,regular,Furniture,25.0,29202.51,730062.75,2.12,177,184,11,15,Debit Card,1720
4513,30.0,kolkata,Premium,GROCERIES,40.0,48692.86,1947714.4,48.47,208,162,12,0,Cash,1409
4514,36.0,Chennai,regular,clothing,30.0,44281.72,1328451.6,18.51,53,117,10,0,UPI,874
4515,61.0,BANGALORE,REGULAR,Books,21.0,26033.26,546698.46,38.27,325,192,1,20,upi,691
4516,52.0,BANGALORE,Inactive,GROCERIES,48.0,35731.7,1715121.6,6.65,104,44,9,11,Credit Card,546
4517,33.0,Chennai,Premium,groceries,16.0,34664.93,554638.88,28.71,20,110,18,15,credit card,1543
4518,33.0,BANGALORE,Regular,Groceries,38.0,4387.43,166722.34,33.58,47,78,4,3,CREDIT CARD,1151
4519,43.0, Chennai ,PREMIUM,books,10.0,11206.75,112067.5,27.69,348,195,3,4,Credit Card,1495
4520,67.0,Mumbai,inactive,clothing,22.0,15248.35,335463.7,7.28,305,40,5,9,Debit Card,75
4521,27.0,Delhi,PREMIUM,Books,45.0,3258.42,146628.9,1.36,98,34,14,33,Cash,380
4522,52.0,mumbai,regular,Sports,16.0,16979.08,271665.28,32.03,251,146,3,7,UPI,501
4523,66.0,mumbai,Inactive,Groceries,25.0,6270.42,156760.5,47.05,211,48,18,8,net banking,592
4524,44.0,Kolkata,New,clothing,4.0,45030.81,180123.24,26.87,306,117,14,4,UPI,471
4525,,CHENNAI,regular,Electronics,36.0,9866.35,355188.6,32.1,21,153,1,25,Debit Card,516
4526,42.0,chennai,PREMIUM,GROCERIES,13.0,45539.91,592018.83,36.07,172,109,15,13,CREDIT CARD,893
4527,22.0,Kolkata,Regular,groceries,12.0,29591.15,355093.8,14.57,307,172,17,9,Net Banking,1479
4528,46.0,hyderabad,Regular,Furniture,47.0,37191.61,1748005.67,34.56,100,129,4,4,debit card,915
4529,28.0,mumbai,PREMIUM,ELECTRONICS,11.0,47334.09,520674.99,42.71,101,134,2,3,net banking,696
4530,29.0,mumbai,Regular,Groceries,39.0,49722.37,1939172.43,19.24,249,175,0,37,debit card,1705
4531,20.0, Chennai ,regular,clothing,5.0,9002.62,45013.1,16.92,83,48,18,1,debit card,1690
4532,41.0,BANGALORE,new,Sports,2.0,26358.9,52717.8,41.21,291,57,18,2,Debit Card,1820
4533,62.0,bangalore,Premium,clothing,27.0,45489.44,1228214.88,34.71,315,178,6,6,cash,970
4534,35.0, Chennai ,REGULAR,Clothing,22.0,27864.43,613017.46,40.62,120,54,16,14,net banking,1348
4535,55.0,,Inactive,electronics,47.0,45329.48,2130485.56,46.31,12,88,7,2,Cash,1338
4536,65.0,delhi,REGULAR,Furniture,31.0,18389.72,570081.32,17.28,261,180,5,22,Net Banking,294
4537,32.0,mumbai,inactive,Clothing,1.0,781.03,781.03,0.22,216,18,17,1,Cash,1695
4538,37.0,kolkata,regular,groceries,44.0,23090.85,1015997.4,23.32,323,193,11,10,Cash,230
4539,35.0,Pune,Regular,sports,24.0,47729.91,1145517.84,19.04,186,11,17,20,upi,1200
4540,26.0,Mumbai,new,books,43.0,533.45,22938.35,8.64,67,174,11,40,cash,1477
4541,34.0, Chennai ,premium,sports,43.0,,153679.85,37.52,189,91,13,11,cash,651
4542,22.0,Mumbai,New,Sports,27.0,22562.03,609174.81,44.82,260,7,20,18,debit card,131
4543,65.0,Bangalore,Inactive,groceries,20.0,24451.7,489034.0,12.42,218,69,5,9,UPI,1585
4544,30.0,Mumbai,Premium,groceries,21.0,13897.39,291845.19,36.32,116,36,13,20,credit card,634
4545,32.0,DELHI,Premium,sports,43.0,45331.34,1949247.62,42.06,107,123,2,22,CREDIT CARD,1754
4546,63.0,delhi,Regular,Books,8.0,2629.03,21032.24,3.25,347,106,17,3,cash,91
4547,57.0,bangalore,Regular,sports,5.0,37498.29,187491.45,9.32,187,42,12,2,Cash,939
4548,,hyderabad,NEW,GROCERIES,4.0,22025.86,88103.44,32.53,343,98,9,2,CREDIT CARD,1066
4549,44.0,Delhi,Premium,GROCERIES,43.0,36984.07,1590315.01,23.01,41,189,1,4,Credit Card,253
4550,26.0,DELHI,regular,Furniture,50.0,958.78,47939.0,19.59,328,77,4,6,credit card,1543
4551,50.0,Kolkata,regular,sports,38.0,32819.13,1247126.94,1.28,132,150,2,3,cash,1625
4552,64.0,chennai,new,ELECTRONICS,45.0,10020.95,450942.75,3.57,151,146,5,1,debit card,1194
4553,56.0,MUMBAI,Premium,sports,27.0,14813.58,399966.66,44.41,44,34,2,1,Net Banking,112
4554,60.0,delhi,inactive,Clothing,5.0,1946.47,9732.35,17.4,5,56,2,2,net banking,1081
4555,47.0,Pune,REGULAR,Electronics,25.0,21055.18,526379.5,38.54,228,92,20,3,debit card,267
4556,34.0,kolkata,Regular,Groceries,5.0,16940.5,84702.5,1.05,180,31,8,5,CREDIT CARD,967
4557,48.0,chennai,inactive,ELECTRONICS,5.0,,87333.45,11.52,199,30,3,2,credit card,270
4558,23.0,Hyderabad,PREMIUM,books,47.0,23808.69,1119008.43,4.81,107,193,11,39,Debit Card,569
4559,25.0,chennai,New,electronics,42.0,42921.87,1802718.54,48.17,6,162,8,31,CREDIT CARD,680
4560,40.0,MUMBAI,premium,books,45.0,2283.65,102764.25,10.0,39,48,4,0,Net Banking,327
4561,38.0,chennai,NEW,Sports,20.0,16383.6,327672.0,36.23,91,77,0,17,net banking,924
4562,64.0,chennai,Inactive,groceries,44.0,29852.56,1313512.64,15.88,118,61,13,2,credit card,1406
4563,18.0,,inactive,furniture,37.0,12258.82,453576.34,3.72,303,26,8,3,Credit Card,1691
4564,56.0,kolkata,premium,ELECTRONICS,47.0,43140.86,2027620.42,22.58,363,29,18,8,cash,1465
4565,68.0,mumbai,NEW,Furniture,29.0,42952.2,1245613.8,15.3,40,86,18,27,debit card,1305
4566,27.0,bangalore,regular,Sports,13.0,15243.73,198168.49,16.54,23,39,12,6,debit card,1350
4567,29.0,Kolkata,Regular,Furniture,46.0,21957.92,1010064.32,29.76,202,112,8,35,credit card,200
4568,20.0,Bangalore,premium,Books,11.0,28493.55,313429.05,36.48,358,120,4,4,Debit Card,69
4569,65.0,Hyderabad,new,GROCERIES,32.0,31067.76,994168.32,11.68,198,117,14,32,credit card,53
4570,49.0,Chennai,NEW,sports,9.0,12946.48,116518.32,2.69,313,58,20,5,credit card,1496
4571,62.0,Delhi,Regular,sports,49.0,5305.83,259985.67,17.77,296,46,1,35,CREDIT CARD,1405
4572,33.0,Hyderabad,New,electronics,46.0,19675.07,905053.22,8.2,43,115,4,37,UPI,1532
4573,25.0,Mumbai,New,Sports,26.0,3368.32,87576.32,34.1,215,151,13,24,credit card,209
4574,19.0,Pune,regular,Electronics,44.0,12348.74,543344.56,1.35,291,47,20,42,Net Banking,830
4575,48.0,MUMBAI,New,Electronics,50.0,26667.28,1333364.0,11.43,106,56,18,38,cash,739
4576,20.0,BANGALORE,New,sports,26.0,32317.0,840242.0,24.66,5,184,10,11,Credit Card,1107
4577,59.0,Chennai,inactive,Electronics,22.0,41658.18,916479.96,2.43,312,14,17,6,Credit Card,882
4578,58.0,mumbai,REGULAR,Electronics,45.0,35630.21,1603359.45,38.08,19,90,11,27,debit card,668
4579,69.0,CHENNAI,Inactive,furniture,48.0,14752.16,708103.68,3.38,65,67,6,26,credit card,833
4580,21.0,bangalore,Premium,sports,12.0,30013.17,360158.04,37.58,300,157,1,7,upi,218
4581,55.0, Chennai ,inactive,Furniture,8.0,37227.78,297822.24,45.01,313,138,6,6,Net Banking,1098
4582,34.0,Chennai,Regular,ELECTRONICS,6.0,22770.97,136625.82,13.95,357,24,3,6,Net Banking,921
4583,46.0,Bangalore,REGULAR,Electronics,45.0,49842.95,2242932.75,39.51,143,49,15,21,cash,1813
4584,30.0, Chennai ,REGULAR,books,29.0,18043.58,523263.82,46.98,68,46,19,10,Credit Card,1496
4585,52.0,Delhi,NEW,groceries,3.0,45406.03,136218.09,47.34,31,55,13,3,debit card,1167
4586,45.0,hyderabad,REGULAR,groceries,31.0,47600.06,1475601.86,42.67,167,20,10,15,debit card,1384
4587,62.0,Kolkata,regular,Clothing,39.0,46737.12,1822747.68,24.82,266,27,5,3,Net Banking,1147
4588,20.0,Chennai,Regular,GROCERIES,35.0,4905.38,171688.3,0.11,2,64,20,9,Credit Card,1059
4589,27.0,Delhi,regular,electronics,50.0,20548.22,1027411.0,29.86,315,7,18,29,UPI,1031
4590,63.0,kolkata,NEW,Books,23.0,6131.65,141027.95,20.03,44,145,0,15,upi,563
4591,37.0,delhi,Inactive,Electronics,18.0,11557.56,208036.08,29.5,344,181,12,2,upi,1354
4592,27.0,Mumbai,PREMIUM,GROCERIES,45.0,42083.19,1893743.55,22.2,221,27,0,21,debit card,1628
4593,59.0,chennai,PREMIUM,sports,25.0,1456.71,36417.75,42.47,268,167,9,25,upi,758
4594,64.0,Bangalore,Inactive,ELECTRONICS,6.0,35510.89,213065.34,29.39,197,139,16,6,upi,542
4595,57.0,pune,Regular,books,13.0,33599.43,436792.59,22.49,141,91,6,9,credit card,1120
4596,20.0,mumbai,Regular,Furniture,19.0,28044.68,532848.92,20.53,328,78,9,8,Debit Card,1528
4597,63.0,Delhi,inactive,Sports,50.0,22337.78,1116889.0,11.59,330,166,1,39,Credit Card,1078
4598,39.0,hyderabad,REGULAR,Clothing,50.0,37038.89,1851944.5,30.14,227,101,6,6,net banking,1494
4599,31.0,delhi,PREMIUM,sports,37.0,1293.86,47872.82,7.92,304,43,20,31,net banking,1660
4600,39.0,mumbai,Regular,clothing,26.0,36360.04,945361.04,32.92,163,18,5,3,upi,1037
4601,43.0,Chennai,NEW,furniture,27.0,2689.12,72606.24,0.99,219,82,16,19,Net Banking,1058
4602,61.0,mumbai,regular,ELECTRONICS,48.0,18791.22,901978.56,21.08,283,34,18,13,net banking,1705
4603,39.0,delhi,inactive,Electronics,41.0,33121.97,1358000.77,36.09,321,87,0,14,Cash,1157
4604,43.0,MUMBAI,NEW,Clothing,48.0,13061.18,626936.64,49.0,200,155,0,33,credit card,557
4605,36.0,kolkata,New,Electronics,9.0,30448.53,274036.77,20.22,170,58,5,8,Debit Card,1803
4606,22.0,bangalore,inactive,Clothing,2.0,24228.91,48457.82,23.31,308,27,19,0,debit card,1474
4607,51.0,Kolkata,NEW,groceries,2.0,4247.29,8494.58,3.11,364,196,20,0,Debit Card,597
4608,69.0,Bangalore,premium,ELECTRONICS,39.0,26626.77,1038444.03,30.14,331,191,8,22,debit card,1573
4609,,kolkata,Regular,Clothing,50.0,25060.6,1253030.0,26.04,156,167,15,48,debit card,326
4610,40.0,Chennai,new,Books,20.0,11507.49,230149.8,42.21,24,52,19,11,cash,151
4611,59.0,chennai,new,Furniture,28.0,22638.27,633871.56,43.36,172,1,1,24,UPI,419
4612,65.0,Bangalore,new,Books,41.0,31798.34,1303731.94,40.92,31,167,7,25,Net Banking,457
4613,31.0,BANGALORE,premium,clothing,12.0,48618.83,583425.96,23.59,44,92,2,6,Debit Card,336
4614,57.0,Bangalore,New,groceries,46.0,3687.31,169616.26,13.76,354,41,8,41,Debit Card,883
4615,37.0,Pune,REGULAR,electronics,29.0,26610.97,771718.13,34.77,349,93,15,15,Debit Card,153
4616,66.0,BANGALORE,premium,clothing,26.0,1959.39,50944.14,24.63,131,197,2,19,upi,657
4617,19.0,chennai,Premium,books,47.0,29614.5,1391881.5,150.0,347,131,6,43,UPI,1259
4618,59.0,Hyderabad,PREMIUM,GROCERIES,34.0,12845.61,436750.74,40.36,286,122,15,30,upi,702
4619,34.0,Chennai,PREMIUM,Clothing,20.0,46975.5,939510.0,23.55,63,73,11,3,Debit Card,955
4620,35.0,Chennai,PREMIUM,Furniture,42.0,39200.86,1646436.12,20.91,183,166,13,21,CREDIT CARD,1197
4621,32.0,BANGALORE,new,Groceries,25.0,9347.9,233697.5,18.49,129,88,8,0,Debit Card,1625
4622,37.0,pune,inactive,Furniture,49.0,49370.62,2419160.38,28.62,310,115,11,39,UPI,704
4623,33.0,BANGALORE,inactive,clothing,41.0,46985.55,1926407.55,9.06,26,149,8,28,Credit Card,709
4624,34.0,delhi,new,books,26.0,18223.52,473811.52,43.82,358,52,19,21,Credit Card,169
4625,53.0,hyderabad,New,Books,45.0,43753.02,1968885.9,8.22,229,16,8,15,net banking,1136
4626,39.0,Mumbai,NEW,GROCERIES,5.0,42638.8,213194.0,17.66,354,133,7,2,cash,1358
4627,67.0,delhi,Regular,Electronics,9.0,41236.99,371132.91,30.99,340,120,7,8,UPI,666
4628,35.0,mumbai,regular,Electronics,10.0,30956.89,309568.9,49.77,133,138,0,4,upi,1085
4629,51.0,BANGALORE,inactive,furniture,46.0,47907.49,2203744.54,31.81,24,139,14,25,Debit Card,1751
4630,34.0,mumbai,new,ELECTRONICS,20.0,22240.22,444804.4,23.27,58,90,14,17,Net Banking,426
4631,48.0,Pune,premium,Groceries,27.0,6568.4,177346.8,44.16,81,17,15,6,upi,1000
4632,23.0,Delhi,NEW,sports,32.0,10275.68,328821.76,14.59,358,164,6,4,Cash,1444
4633,25.0,BANGALORE,New,groceries,50.0,36057.14,1802857.0,21.21,160,192,12,39,net banking,1100
4634,64.0,pune,inactive,sports,28.0,24236.17,678612.76,46.13,89,189,2,16,CREDIT CARD,398
4635,37.0,hyderabad,Inactive,Sports,41.0,9476.72,388545.52,12.88,208,167,17,27,Net Banking,116
4636,61.0,hyderabad,premium,groceries,,5054.11,146569.19,13.38,341,147,11,0,Cash,318
4637,39.0,hyderabad,NEW,Groceries,45.0,9040.42,406818.9,47.83,78,153,16,3,Credit Card,1637
4638,57.0,MUMBAI,regular,Books,5.0,11523.89,57619.45,22.07,129,88,8,1,debit card,1009
4639,70.0, Chennai ,premium,Groceries,21.0,26135.76,548850.96,9.28,93,17,17,3,Cash,712
4640,23.0,hyderabad,premium,Books,39.0,48413.47,1888125.33,22.55,14,112,14,30,cash,905
4641,60.0,MUMBAI,premium,Clothing,7.0,39770.87,278396.09,19.56,153,81,7,3,Debit Card,849
4642,36.0,mumbai,REGULAR,Groceries,1.0,42834.86,42834.86,48.05,126,63,5,0,Credit Card,235
4643,28.0,Bangalore,regular,sports,26.0,22832.1,593634.6,38.46,306,18,9,18,Cash,1399
4644,56.0,bangalore,Inactive,Books,49.0,22725.68,1113558.32,2.11,49,180,15,0,UPI,907
4645,52.0,Mumbai,REGULAR,Furniture,13.0,9737.22,126583.86,3.35,137,56,10,4,UPI,825
4646,69.0,MUMBAI,New,books,31.0,30995.86,960871.66,25.78,118,112,16,27,Debit Card,888
4647,58.0,DELHI,inactive,clothing,47.0,15816.68,743383.96,28.98,60,8,12,12,CREDIT CARD,1635
4648,44.0,hyderabad,Regular,furniture,9.0,31871.08,286839.72,18.85,364,6,8,2,Cash,633
4649,27.0,Mumbai,premium,electronics,40.0,41560.64,1662425.6,13.32,135,55,20,40,UPI,132
4650,45.0,Kolkata,NEW,ELECTRONICS,4.0,29004.64,116018.56,36.89,258,123,4,0,credit card,313
4651,19.0,MUMBAI,NEW,ELECTRONICS,47.0,29806.25,1400893.75,25.26,301,194,19,2,credit card,785
4652,18.0,bangalore,Inactive,Groceries,20.0,24758.52,495170.4,21.29,223,144,1,20,upi,1080
4653,20.0,Delhi,Premium,clothing,47.0,48362.65,2273044.55,1.54,168,175,8,26,net banking,64
4654,23.0,MUMBAI,premium,books,18.0,10955.56,197200.08,12.01,1,92,15,8,Debit Card,410
4655,24.0, Chennai ,premium,Groceries,18.0,28928.67,520716.06,30.97,336,166,19,4,Cash,197
4656,66.0,Kolkata,Inactive,sports,7.0,30017.59,210123.13,42.12,319,169,1,1,Debit Card,806
4657,36.0,CHENNAI,new,Sports,27.0,16191.22,437162.94,34.97,66,5,11,18,debit card,1140
4658,58.0,MUMBAI,New,Electronics,37.0,49508.76,1831824.12,44.49,39,108,16,0,credit card,1578
4659,23.0,Bangalore,inactive,Clothing,48.0,21109.48,1013255.04,31.2,150,54,19,19,UPI,1323
4660,30.0,delhi,Inactive,GROCERIES,14.0,6741.89,94386.46,0.15,299,106,1,1,UPI,432
4661,39.0,MUMBAI,inactive,Books,2.0,18261.19,36522.38,8.95,177,111,5,1,cash,1178
4662,52.0,Pune,inactive,sports,35.0,1363.26,47714.1,39.97,306,127,1,16,upi,595
4663,53.0,Bangalore,REGULAR,Groceries,7.0,34316.15,240213.05,28.51,108,42,9,0,UPI,1596
4664,58.0,hyderabad,inactive,Books,19.0,5437.25,103307.75,45.58,290,53,11,6,Cash,231
4665,58.0,Chennai,Regular,Furniture,42.0,38917.16,1634520.72,3.68,203,197,12,31,Net Banking,1437
4666,19.0,bangalore,PREMIUM,electronics,33.0,45736.56,1509306.48,16.61,259,97,16,2,debit card,1453
4667,30.0,delhi,PREMIUM,furniture,1.0,2119.13,2119.13,39.65,347,8573,16,0,UPI,1614
4668,68.0,Pune,inactive,Groceries,31.0,25939.13,804113.03,9.99,279,12,6,30,Credit Card,468
4669,46.0,Kolkata,Regular,Books,6.0,8093.52,48561.12,18.41,283,143,13,4,cash,1438
4670,37.0,kolkata,REGULAR,Clothing,45.0,3546.72,159602.4,12.6,235,142,2,12,debit card,75
4671,64.0,pune,REGULAR,sports,42.0,6320.81,265474.02,13.69,164,15,2,35,credit card,527
4672,63.0,BANGALORE,premium,GROCERIES,3.0,616.58,1849.74,48.42,264,92,9,0,CREDIT CARD,1426
4673,30.0,,NEW,electronics,1.0,43796.99,43796.99,29.13,348,84,5,1,UPI,539
4674,62.0,pune,New,ELECTRONICS,21.0,42172.47,885621.87,21.57,140,69,3,4,cash,1497
4675,66.0,pune,NEW,GROCERIES,4.0,3601.8,14407.2,42.02,314,49,4,0,UPI,328
4676,55.0,delhi,premium,GROCERIES,28.0,5924.69,165891.32,4.81,158,132,7,5,debit card,1566
4677,63.0,chennai,Inactive,groceries,48.0,17467.95,838461.6,37.86,347,106,2,8,credit card,824
4678,70.0,Hyderabad,Inactive,clothing,34.0,4858.08,165174.72,35.13,327,16,0,4,credit card,367
4679,,MUMBAI,Regular,sports,2.0,6566.84,13133.68,22.74,196,87,11,2,upi,1362
4680,47.0,Delhi,PREMIUM,Clothing,36.0,36485.49,1313477.64,39.94,99,100,16,19,credit card,630
4681,33.0,DELHI,regular,groceries,11.0,9173.19,100905.09,25.27,250,68,19,10,Credit Card,672
4682,30.0,,inactive,books,47.0,28784.36,1352864.92,32.03,176,187,19,23,Credit Card,1289
4683,66.0,delhi,PREMIUM,Furniture,42.0,3900.03,163801.26,27.17,204,40,10,28,Net Banking,396
4684,23.0,,NEW,GROCERIES,12.0,23609.79,283317.48,47.67,63,13,11,9,credit card,746
4685,65.0,hyderabad,Inactive,Furniture,48.0,,2013424.32,43.76,192,87,10,5,net banking,668
4686,55.0,bangalore,REGULAR,ELECTRONICS,40.0,21496.7,859868.0,12.34,163,36,4,6,Net Banking,436
4687,,Pune,regular,ELECTRONICS,17.0,38955.8,662248.6,23.98,330,172,5,17,Credit Card,1388
4688,28.0,Chennai,PREMIUM,furniture,5.0,32355.81,161779.05,22.95,89,99,10,0,cash,1356
4689,33.0,delhi,PREMIUM,Electronics,20.0,31443.44,628868.8,42.05,265,193,3,7,credit card,625
4690,41.0,BANGALORE,PREMIUM,sports,24.0,11743.19,281836.56,10.93,71,72,2,7,Credit Card,61
4691,25.0, Chennai ,Regular,electronics,19.0,21502.51,408547.69,41.64,95,22,9,7,Net Banking,1345
4692,48.0,kolkata,inactive,books,44.0,1875.44,82519.36,42.42,172,170,19,8,CREDIT CARD,1009
4693,,Chennai,inactive,ELECTRONICS,28.0,3127.16,87560.48,15.29,239,103,19,20,Net Banking,1284
4694,55.0,kolkata,new,sports,12.0,17901.08,214812.96,33.59,224,166,9,1,credit card,463
4695,40.0,Chennai,new,sports,28.0,39419.93,1103758.04,30.91,195,116,5,22,Net Banking,1477
4696,43.0,MUMBAI,Regular,furniture,27.0,,689808.42,47.28,227,29,3,19,debit card,1052
4697,38.0,chennai,inactive,Books,23.0,31932.39,734444.97,6.41,49,17,4,15,Credit Card,1529
4698,36.0,Mumbai,PREMIUM,sports,24.0,46630.81,1119139.44,36.25,121,167,4,6,net banking,205
4699,69.0,DELHI,Regular,Clothing,8.0,20610.94,164887.52,48.85,39,111,12,7,debit card,1418
4700,37.0,Hyderabad,Inactive,GROCERIES,3.0,24643.03,73929.09,5.6,270,184,18,2,credit card,1651
4701,25.0, Chennai ,REGULAR,GROCERIES,35.0,45179.56,1581284.6,6.42,299,16,6,31,credit card,689
4702,59.0,bangalore,NEW,groceries,1.0,9497.51,9497.51,15.07,108,104,5,1,UPI,1662
4703,50.0,Pune,regular,sports,25.0,37167.99,929199.75,42.53,229,18,8,14,cash,1159
4704,49.0,bangalore,Premium,Furniture,43.0,1641.55,70586.65,32.31,236,161,2,4,Net Banking,1112
4705,34.0,DELHI,regular,Electronics,4.0,8229.36,32917.44,24.37,134,199,16,4,debit card,378
4706,35.0,DELHI,Regular,GROCERIES,39.0,41375.03,1613626.17,20.3,220,14,9,19,net banking,1577
4707,43.0,hyderabad,premium,electronics,35.0,26439.26,925374.1,20.36,270,44,15,28,cash,481
4708,36.0,hyderabad,new,clothing,38.0,21172.25,804545.5,48.62,150,96,4,29,Debit Card,1446
4709,33.0, Chennai ,inactive,Furniture,34.0,5675.45,192965.3,20.77,168,73,3,13,UPI,597
4710,58.0,bangalore,REGULAR,Sports,29.0,30060.03,871740.87,31.84,16,186,14,19,Credit Card,1005
4711,46.0,chennai,regular,Sports,41.0,18977.39,778072.99,48.44,14,6,2,31,Debit Card,242
4712,67.0,delhi,premium,ELECTRONICS,31.0,9018.38,279569.78,17.57,90,28,20,11,Cash,1312
4713,53.0,bangalore,New,GROCERIES,45.0,6795.32,305789.4,2.61,188,88,20,40,CREDIT CARD,698
4714,24.0,Kolkata,new,clothing,41.0,26823.57,1099766.37,21.55,80,167,12,19,CREDIT CARD,1585
4715,65.0,delhi,Regular,GROCERIES,20.0,8145.47,162909.4,37.22,79,7,5,4,Credit Card,593
4716,22.0,Chennai,New,clothing,37.0,20587.96,761754.52,22.88,193,88,5,3,cash,248
4717,64.0,delhi,NEW,GROCERIES,27.0,2831.41,76448.07,20.56,119,113,5,11,Credit Card,142
4718,54.0,Delhi,PREMIUM,electronics,48.0,28860.97,1385326.56,19.49,319,50,5,3,UPI,1530
4719,18.0,Hyderabad,REGULAR,Electronics,26.0,44732.51,1163045.26,19.41,322,30,10,17,net banking,549
4720,35.0,bangalore,PREMIUM,Clothing,26.0,12877.23,334807.98,45.35,37,27,0,25,Credit Card,1657
4721,61.0,mumbai,Premium,Furniture,37.0,19077.22,705857.14,20.2,18,77,1,26,CREDIT CARD,531
4722,29.0, Chennai ,REGULAR,electronics,45.0,48180.49,2168122.05,23.31,64,155,12,30,Cash,1653
4723,29.0,pune,New,Electronics,22.0,26389.03,580558.66,17.68,42,70,6,8,CREDIT CARD,397
4724,20.0,Kolkata,Premium,clothing,14.0,4394.15,61518.1,34.24,234,118,5,2,CREDIT CARD,1179
4725,47.0,delhi,Inactive,furniture,22.0,45670.48,1004750.56,28.32,205,125,9,5,net banking,1520
4726,43.0,chennai,premium,GROCERIES,50.0,19898.09,994904.5,44.34,329,121,16,28,Debit Card,1059
4727,66.0,kolkata,Premium,electronics,7.0,3655.13,25585.91,10.33,335,90,5,2,Debit Card,1114
4728,32.0,bangalore,PREMIUM,ELECTRONICS,14.0,23540.13,329561.82,16.77,139,74,16,12,Credit Card,844
4729,59.0,Delhi,inactive,ELECTRONICS,17.0,14293.52,242989.84,34.06,205,141,8,13,Credit Card,600
4730,25.0,mumbai,New,electronics,26.0,36336.13,944739.38,18.32,324,80,4,14,Cash,537
4731,30.0,pune,Inactive,GROCERIES,4.0,7047.6,28190.4,44.4,153,172,12,0,upi,1284
4732,65.0,chennai,regular,GROCERIES,43.0,19312.73,830447.39,2.52,313,110,20,41,UPI,569
4733,36.0,CHENNAI,Inactive,sports,,38000.33,114000.99,13.26,251,120,1,0,Cash,1382
4734,44.0,hyderabad,Premium,Groceries,1.0,10676.45,10676.45,20.68,87,61,14,0,debit card,843
4735,60.0,delhi,REGULAR,Books,26.0,975.67,25367.42,26.86,183,23,2,18,Cash,94
4736,43.0,Bangalore,New,sports,16.0,9209.11,147345.76,9.31,207,125,19,2,credit card,187
4737,70.0,Kolkata,NEW,Groceries,8.0,9395.43,75163.44,30.14,88,175,14,2,Cash,188
4738,43.0,DELHI,PREMIUM,Books,10.0,6971.66,69716.6,42.4,73,90,7,8,debit card,174
4739,53.0,hyderabad,REGULAR,Books,31.0,48349.0,1498819.0,19.51,251,104,11,31,CREDIT CARD,357
4740,60.0,delhi,REGULAR,books,34.0,44957.78,1528564.52,26.02,121,112,13,0,Net Banking,1228
4741,53.0,MUMBAI,Regular,Sports,19.0,2858.73,54315.87,10.05,100,121,16,6,upi,1771
4742,58.0, Chennai ,REGULAR,books,41.0,29027.0,1190107.0,42.59,213,134,12,24,cash,1090
4743,19.0,Pune,Premium,GROCERIES,38.0,18776.4,713503.2,16.8,27,7,1,11,CREDIT CARD,1022
4744,41.0,Chennai,Inactive,Clothing,45.0,20753.69,933916.05,40.71,144,121,0,39,CREDIT CARD,1177
4745,20.0,Delhi,Regular,GROCERIES,6.0,13610.79,81664.74,34.11,111,121,9,3,CREDIT CARD,1051
4746,70.0,pune,Regular,furniture,12.0,31727.54,380730.48,34.26,361,129,19,4,Cash,701
4747,34.0,mumbai,new,books,27.0,37200.64,1004417.28,6.3,127,187,7,12,Cash,1816
4748,,MUMBAI,PREMIUM,Books,20.0,1974.06,39481.2,23.57,264,22,19,11,Cash,1058
4749,24.0,Hyderabad,premium,Sports,33.0,1760.04,58081.32,39.97,16,154,17,3,debit card,69
4750,57.0,MUMBAI,Regular,groceries,47.0,9261.26,435279.22,7.33,138,200,9,21,CREDIT CARD,410
4751,48.0,bangalore,Inactive,clothing,9.0,19790.57,178115.13,11.63,69,177,15,2,CREDIT CARD,332
4752,24.0,Bangalore,REGULAR,Clothing,10.0,16344.26,163442.6,38.86,201,159,18,3,CREDIT CARD,1190
4753,46.0,delhi,REGULAR,electronics,6.0,35378.77,212272.62,19.73,360,200,2,3,Credit Card,1149
4754,43.0,mumbai,regular,books,38.0,39271.71,1492324.98,43.94,116,52,18,27,upi,1695
4755,64.0,Chennai,REGULAR,books,30.0,16523.51,495705.3,7.45,295,104,12,23,debit card,1010
4756,22.0,CHENNAI,NEW,electronics,14.0,45672.06,639408.84,6.73,2,117,4,3,Cash,273
4757,55.0,CHENNAI,NEW,clothing,26.0,16816.0,437216.0,18.25,28,199,13,6,upi,1218
4758,62.0,kolkata,REGULAR,Books,5.0,48512.03,242560.15,22.91,216,167,11,2,Cash,1297
4759,66.0,pune,premium,furniture,25.0,,1247757.75,20.62,227,104,1,23,CREDIT CARD,312
4760,30.0,BANGALORE,regular,clothing,37.0,35607.42,1317474.54,39.65,178,176,3,18,Debit Card,952
4761,60.0,,regular,Clothing,44.0,12971.11,570728.84,7.75,311,27,13,9,upi,434
4762,25.0,Kolkata,new,GROCERIES,49.0,13943.07,683210.43,45.03,76,47,4,6,CREDIT CARD,1422
4763,37.0,Mumbai,inactive,electronics,46.0,39800.95,1830843.7,42.07,99,132,2,42,cash,1210
4764,19.0,Delhi,regular,GROCERIES,14.0,5645.87,79042.18,16.33,17,170,5,9,UPI,1136
4765,33.0,Pune,REGULAR,Electronics,33.0,36909.32,1218007.56,11.76,243,26,0,19,UPI,454
4766,65.0,Bangalore,premium,Clothing,21.0,32684.33,686370.93,36.59,345,182,9,7,credit card,1456
4767,46.0,CHENNAI,Inactive,Sports,41.0,48329.85,1981523.85,44.69,195,59,6,22,debit card,943
4768,58.0,CHENNAI,REGULAR,books,17.0,43334.88,736692.96,10.56,328,163,16,5,UPI,649
4769,24.0,Kolkata,New,Furniture,37.0,48214.02,1783918.74,34.47,76,9,12,34,CREDIT CARD,1196
4770,59.0,pune,regular,Groceries,50.0,27777.28,1388864.0,2.08,263,78,11,29,credit card,1410
4771,53.0,Hyderabad,Inactive,Sports,7.0,37948.12,265636.84,33.19,264,22,13,2,UPI,630
4772,56.0,MUMBAI,premium,clothing,21.0,12815.93,269134.53,20.91,52,52,6,16,upi,257
4773,68.0,Delhi,New,GROCERIES,45.0,14893.96,670228.2,19.3,221,26,13,0,UPI,588
4774,33.0,Delhi,new,Sports,2.0,24462.94,48925.88,33.41,356,61,12,1,credit card,290
4775,49.0,delhi,new,Electronics,27.0,30471.01,822717.27,45.72,192,62,2,5,credit card,958
4776,68.0,kolkata,Inactive,clothing,1.0,33320.76,33320.76,19.39,231,36,19,1,Net Banking,318
4777,21.0,delhi,premium,Furniture,28.0,8900.31,249208.68,9.77,316,8573,3,20,upi,938
4778,53.0,hyderabad,REGULAR,sports,45.0,46832.26,2107451.7,19.26,133,126,8,0,credit card,1274
4779,70.0,Mumbai,inactive,Groceries,23.0,12714.77,292439.71,6.03,172,84,0,8,upi,1746
4780,24.0,Hyderabad,premium,clothing,46.0,12081.6,555753.6,42.28,140,13,7,38,Net Banking,287
4781,42.0,Kolkata,REGULAR,clothing,23.0,22280.35,512448.05,40.93,324,15,18,9,credit card,558
4782,26.0,bangalore,inactive,Books,4.0,31017.36,124069.44,19.62,210,174,1,1,net banking,706
4783,59.0,Bangalore,PREMIUM,Furniture,49.0,26381.09,1292673.41,9.49,108,39,19,39,upi,1025
4784,50.0,MUMBAI,regular,Clothing,23.0,27021.18,621487.14,34.16,187,159,18,3,Cash,978
4785,67.0,hyderabad,New,Clothing,33.0,18417.63,607781.79,46.56,361,169,18,9,CREDIT CARD,714
4786,63.0,delhi,Regular,GROCERIES,45.0,20645.78,929060.1,21.05,91,129,15,6,credit card,975
4787,69.0, Chennai ,New,Groceries,14.0,48277.56,675885.84,17.12,171,89,6,9,debit card,786
4788,69.0,chennai,New,Sports,37.0,26307.96,973394.52,16.84,337,33,19,16,net banking,875
4789,33.0,chennai,Inactive,furniture,47.0,23355.02,1097685.94,7.52,171,84,20,17,credit card,944
4790,55.0,MUMBAI,Inactive,clothing,15.0,4714.95,70724.25,44.85,361,31,8,5,credit card,759
4791,34.0,DELHI,Premium,furniture,26.0,23399.28,608381.28,19.47,160,37,17,11,Net Banking,565
4792,20.0,,Premium,Books,24.0,8364.77,200754.48,33.49,249,163,14,0,Debit Card,784
4793,34.0,hyderabad,New,groceries,15.0,2974.61,44619.15,22.64,338,114,18,15,UPI,187
4794,60.0,Chennai,Inactive,Electronics,26.0,35347.66,919039.16,17.68,51,160,9,0,Net Banking,377
4795,70.0,Delhi,regular,Books,27.0,,150551.46,150.0,140,31,2,15,Credit Card,1081
4796,27.0,pune,PREMIUM,ELECTRONICS,4.0,29583.04,118332.16,41.15,46,194,6,4,Credit Card,38
4797,29.0,pune,REGULAR,Electronics,5.0,39260.85,196304.25,4.68,226,66,14,1,Cash,1201
4798,21.0,bangalore,REGULAR,Groceries,9.0,12411.57,111704.13,25.2,356,159,0,4,Cash,1042
4799,40.0,Kolkata,regular,Groceries,25.0,46449.04,1161226.0,14.16,70,98,7,6,Debit Card,1716
4800,33.0,Pune,NEW,clothing,47.0,43392.32,2039439.04,17.13,293,11,6,45,debit card,1179
4801,30.0,chennai,NEW,ELECTRONICS,19.0,4915.18,93388.42,2.06,217,13,12,8,cash,1786
4802,65.0,delhi,Inactive,Electronics,13.0,18623.95,242111.35,37.21,125,75,3,7,cash,1021
4803,65.0,MUMBAI,Regular,clothing,46.0,,1587912.18,11.69,363,162,1,45,Net Banking,257
4804,53.0,Mumbai,premium,Sports,35.0,8400.33,294011.55,40.04,344,5,13,12,Cash,367
4805,32.0,CHENNAI,NEW,groceries,30.0,49574.39,1487231.7,33.29,59,173,2,21,Credit Card,1144
4806,69.0,chennai,PREMIUM,books,16.0,45961.03,735376.48,27.86,205,148,15,0,cash,317
4807,69.0,bangalore,new,furniture,21.0,12368.66,259741.86,17.89,159,70,2,2,Cash,1372
4808,61.0,MUMBAI,REGULAR,clothing,50.0,22842.18,1142109.0,9.24,201,64,18,36,upi,362
4809,37.0,Chennai,inactive,ELECTRONICS,15.0,25358.86,380382.9,13.12,319,37,1,7,credit card,1002
4810,58.0,bangalore,Inactive,electronics,17.0,16378.45,278433.65,30.36,308,165,0,6,Cash,1412
4811,41.0,Kolkata,PREMIUM,Furniture,25.0,30977.83,774445.75,30.74,121,148,20,25,credit card,80
4812,42.0,Kolkata,Regular,Clothing,14.0,46024.03,644336.42,9.22,197,82,6,12,debit card,1136
4813,60.0,chennai,PREMIUM,sports,20.0,29035.87,580717.4,19.56,316,148,5,7,net banking,771
4814,53.0,bangalore,REGULAR,sports,12.0,1847.33,22167.96,0.08,58,163,11,10,debit card,650
4815,67.0,DELHI,NEW,books,20.0,24818.72,496374.4,7.06,229,70,1,11,credit card,1665
4816,64.0,Pune,new,Electronics,13.0,34086.86,443129.18,8.5,334,116,14,5,Cash,1283
4817,21.0,Mumbai,REGULAR,Books,17.0,37536.57,638121.69,31.36,272,62,18,2,Credit Card,457
4818,29.0,Chennai,regular,electronics,47.0,3085.74,145029.78,32.0,68,131,2,3,CREDIT CARD,1570
4819,56.0,hyderabad,PREMIUM,furniture,22.0,40968.59,901308.98,22.4,183,30,4,13,Debit Card,978
4820,21.0,chennai,new,Books,39.0,21604.23,842564.97,46.35,336,191,6,13,Credit Card,1661
4821,29.0,mumbai,REGULAR,electronics,30.0,19662.73,589881.9,21.85,273,160,19,5,credit card,366
4822,49.0,DELHI,New,ELECTRONICS,7.0,42737.38,299161.66,10.7,187,148,11,2,cash,1305
4823,41.0,BANGALORE,REGULAR,groceries,11.0,3664.62,40310.82,47.72,307,186,10,9,Credit Card,1224
4824,64.0,pune,regular,books,20.0,4216.72,84334.4,14.93,187,54,14,13,Debit Card,1576
4825,46.0,Pune,PREMIUM,Groceries,27.0,46791.91,1263381.57,38.48,182,140,13,9,Net Banking,924
4826,44.0,pune,REGULAR,Sports,21.0,34010.68,714224.28,24.31,3,83,3,17,upi,1794
4827,41.0,chennai,New,GROCERIES,39.0,36619.97,1428178.83,29.05,144,87,2,6,UPI,1229
4828,59.0,Chennai,REGULAR,furniture,9.0,43738.54,393646.86,42.16,212,129,14,0,debit card,1817
4829,28.0,Hyderabad,regular,groceries,40.0,25226.2,1009048.0,17.86,280,13,9,25,upi,1748
4830,18.0,BANGALORE,Regular,Furniture,46.0,39219.28,1804086.88,41.44,259,96,1,45,debit card,239
4831,44.0,Mumbai,new,Groceries,1.0,43016.74,43016.74,31.48,84,8,20,0,CREDIT CARD,715
4832,29.0, Chennai ,PREMIUM,Books,50.0,40766.21,2038310.5,28.05,90,149,9,16,upi,1754
4833,26.0,Kolkata,New,Clothing,21.0,,1004611.02,4.8,151,131,14,8,Cash,1776
4834,48.0,CHENNAI,REGULAR,Sports,7.0,7011.91,49083.37,29.87,169,71,11,3,net banking,671
4835,32.0,Delhi,REGULAR,Furniture,43.0,15018.01,645774.43,30.46,309,175,19,4,upi,1239
4836,40.0,Delhi,REGULAR,Books,42.0,32563.21,1367654.82,35.62,74,35,17,30,cash,1421
4837,38.0,CHENNAI,PREMIUM,Electronics,37.0,34803.68,1287736.16,3.29,46,128,9,36,Net Banking,540
4838,67.0,CHENNAI,premium,electronics,19.0,44737.43,850011.17,21.16,108,109,0,18,net banking,1279
4839,63.0, Chennai ,Premium,Groceries,43.0,644.7,27722.1,33.63,165,155,12,40,credit card,1296
4840,59.0,hyderabad,inactive,clothing,4.0,1885.93,7543.72,35.24,316,126,11,4,Debit Card,566
4841,61.0,DELHI,REGULAR,furniture,48.0,13991.32,671583.36,4.45,154,42,0,43,net banking,632
4842,70.0,CHENNAI,NEW,ELECTRONICS,35.0,31545.55,1104094.25,47.46,165,70,18,2,Net Banking,1150
4843,46.0,mumbai,REGULAR,Groceries,3.0,35451.55,106354.65,15.54,172,31,19,0,Cash,449
4844,47.0,bangalore,new,Books,30.0,49078.44,1472353.2,49.12,227,149,12,21,Credit Card,1786
4845,61.0,BANGALORE,premium,Sports,28.0,29554.56,827527.68,5.64,187,26,5,26,net banking,567
4846,68.0,Pune,Regular,groceries,39.0,16001.8,624070.2,38.82,185,151,11,34,CREDIT CARD,1022
4847,47.0,chennai,New,furniture,40.0,42403.7,1696148.0,44.31,213,154,3,23,upi,1183
4848,61.0,delhi,Inactive,Electronics,28.0,44377.68,1242575.04,42.55,331,46,15,13,credit card,69
4849,18.0,mumbai,Regular,Groceries,5.0,33072.07,165360.35,1.36,320,196,8,2,Cash,1480
4850,67.0,BANGALORE,Inactive,electronics,22.0,47598.32,1047163.04,23.47,361,67,19,8,Debit Card,1181
4851,40.0,Hyderabad,Regular,Clothing,31.0,18246.98,565656.38,43.33,356,185,8,5,Debit Card,1529
4852,52.0,Kolkata,NEW,GROCERIES,1.0,6093.41,6093.41,25.79,323,170,2,0,Debit Card,508
4853,68.0,Kolkata,Inactive,Groceries,43.0,46843.46,2014268.78,10.42,49,69,7,10,debit card,196
4854,58.0,hyderabad,Premium,Sports,30.0,43975.53,1319265.9,38.1,75,126,16,15,Cash,882
4855,33.0,Delhi,NEW,GROCERIES,49.0,40743.35,1996424.15,32.29,263,186,2,12,cash,382
4856,29.0,chennai,NEW,ELECTRONICS,12.0,44019.9,528238.8,15.26,266,76,7,5,credit card,1266
4857,49.0,kolkata,NEW,electronics,27.0,44095.02,1190565.54,29.31,244,29,1,25,debit card,319
4858,60.0,Bangalore,Inactive,furniture,2.0,1235.55,2471.1,39.09,324,48,16,1,CREDIT CARD,302
4859,35.0, Chennai ,new,Electronics,46.0,6657.94,306265.24,40.04,335,58,20,6,Debit Card,1042
4860,49.0,delhi,Regular,clothing,3.0,11596.17,34788.51,44.49,31,88,15,1,UPI,1478
4861,69.0,CHENNAI,new,Clothing,15.0,12673.49,190102.35,17.37,59,60,13,5,CREDIT CARD,126
4862,23.0,Bangalore,PREMIUM,furniture,45.0,24582.16,1106197.2,20.92,189,74,12,11,credit card,219
4863,42.0,hyderabad,Premium,Sports,,21144.57,84578.28,2.18,71,28,4,0,Credit Card,966
4864,67.0,BANGALORE,New,clothing,47.0,32017.48,1504821.56,16.89,110,100,4,36,CREDIT CARD,268
4865,66.0,Delhi,REGULAR,Electronics,41.0,42757.2,1753045.2,5.24,139,66,19,24,net banking,1440
4866,70.0,pune,REGULAR,Electronics,38.0,7062.94,268391.72,28.17,270,74,16,37,Cash,555
4867,40.0,delhi,inactive,sports,38.0,14261.28,541928.64,29.69,73,91,9,29,CREDIT CARD,1379
4868,66.0,chennai,regular,GROCERIES,17.0,39450.75,670662.75,15.33,65,174,3,14,UPI,873
4869,32.0,pune,regular,furniture,1.0,47095.33,47095.33,40.67,167,26,9,1,debit card,654
4870,44.0,bangalore,new,clothing,34.0,3876.93,131815.62,14.62,163,41,10,8,net banking,1578
4871,50.0,Pune,inactive,Books,26.0,15250.55,396514.3,15.9,9,144,19,7,Credit Card,542
4872,33.0,CHENNAI,new,Furniture,19.0,8185.15,155517.85,11.88,306,26,7,13,Cash,1294
4873,49.0,Bangalore,regular,Furniture,15.0,30954.71,464320.65,24.38,248,34,14,3,UPI,544
4874,27.0,mumbai,regular,electronics,11.0,49778.94,547568.34,48.53,1,184,6,8,cash,461
4875,35.0, Chennai ,PREMIUM,clothing,31.0,,226408.5,11.48,234,38,1,28,debit card,170
4876,56.0,Kolkata,REGULAR,Clothing,31.0,2940.2,91146.2,33.74,220,61,5,15,Cash,1267
4877,53.0,Pune,new,GROCERIES,14.0,11692.64,163696.96,18.64,50,1,16,5,net banking,417
4878,58.0,hyderabad,REGULAR,Groceries,44.0,46478.06,2045034.64,44.63,92,107,7,10,credit card,1110
4879,56.0,delhi,REGULAR,electronics,47.0,3516.42,165271.74,26.17,260,145,18,33,cash,221
4880,51.0, Chennai ,premium,Books,39.0,31207.56,1217094.84,9.07,62,128,17,15,debit card,306
4881,67.0,Chennai,New,clothing,13.0,10423.47,135505.11,45.91,336,82,10,3,debit card,430
4882,30.0,DELHI,Inactive,Sports,30.0,35758.21,1072746.3,38.43,228,33,20,0,debit card,133
4883,54.0,MUMBAI,PREMIUM,clothing,10.0,14213.01,142130.1,9.8,321,198,1,0,Cash,1351
4884,23.0,hyderabad,Regular,electronics,25.0,10039.41,250985.25,6.69,332,59,0,21,net banking,1372
4885,68.0,Kolkata,PREMIUM,clothing,17.0,24266.01,412522.17,11.96,294,189,0,15,credit card,307
4886,23.0,mumbai,REGULAR,GROCERIES,40.0,40653.38,1626135.2,47.12,222,154,2,3,CREDIT CARD,651
4887,25.0,pune,NEW,books,43.0,9368.43,402842.49,38.26,144,75,20,39,UPI,391
4888,20.0,hyderabad,New,furniture,38.0,31611.2,1201225.6,3.85,74,139,6,5,credit card,1615
4889,54.0,hyderabad,new,Furniture,,18163.54,672050.98,21.31,184,15,3,0,Credit Card,137
4890,41.0,delhi,regular,Electronics,49.0,7624.38,373594.62,21.88,31,30,4,14,credit card,826
4891,26.0,Bangalore,new,Groceries,6.0,,10277.58,1.68,111,99,13,6,net banking,744
4892,48.0,DELHI,Regular,furniture,50.0,46598.12,2329906.0,23.74,330,61,17,17,Net Banking,1338
4893,70.0,CHENNAI,NEW,clothing,24.0,25394.54,609468.96,43.29,117,13,5,3,CREDIT CARD,1242
4894,69.0,CHENNAI,NEW,ELECTRONICS,13.0,20648.86,268435.18,49.12,243,35,10,13,credit card,221
4895,26.0,kolkata,Premium,sports,14.0,47774.0,668836.0,36.0,27,40,12,2,Debit Card,932
4896,19.0,bangalore,Premium,groceries,30.0,33833.15,1014994.5,27.85,90,174,11,5,CREDIT CARD,1209
4897,28.0,Bangalore,regular,books,26.0,17164.98,446289.48,40.84,361,173,8,15,upi,485
4898,69.0,CHENNAI,New,furniture,6.0,15196.29,91177.74,17.7,305,14,6,3,UPI,491
4899,40.0,DELHI,PREMIUM,books,14.0,22327.93,312591.02,49.41,131,112,13,7,upi,1556
4900,26.0,mumbai,New,sports,31.0,19797.11,613710.41,24.65,330,113,18,0,debit card,1678
4901,40.0,Bangalore,PREMIUM,Books,10.0,15065.15,150651.5,37.84,355,12,11,9,upi,563
4902,27.0,bangalore,regular,furniture,29.0,26853.85,778761.65,18.77,118,124,2,19,cash,845
4903,20.0,MUMBAI,regular,books,49.0,40278.33,1973638.17,31.12,114,18,3,27,Credit Card,281
4904,40.0,BANGALORE,REGULAR,Clothing,37.0,30347.61,1122861.57,9.26,48,25,20,20,debit card,1692
4905,29.0,delhi,Premium,electronics,23.0,1634.25,37587.75,37.07,110,164,14,19,Credit Card,1471
4906,51.0,Hyderabad,NEW,Electronics,34.0,40327.54,1371136.36,12.05,270,184,11,22,net banking,1350
4907,32.0,Hyderabad,regular,Groceries,17.0,31865.56,541714.52,22.42,314,115,18,15,debit card,302
4908,40.0,DELHI,PREMIUM,Sports,38.0,32574.85,1237844.3,2.89,156,55,12,33,CREDIT CARD,1662
4909,48.0,Bangalore,New,Furniture,17.0,29467.0,500939.0,24.74,345,136,10,1,Net Banking,1100
4910,59.0,Hyderabad,new,ELECTRONICS,49.0,16213.11,794442.39,2.84,262,28,10,33,Credit Card,1142
4911,43.0,hyderabad,NEW,Sports,50.0,46277.26,2313863.0,29.77,192,28,3,38,Debit Card,1421
4912,28.0,DELHI,New,GROCERIES,5.0,32462.45,162312.25,32.13,316,152,4,3,UPI,380
4913,31.0,hyderabad,premium,Electronics,1.0,36330.92,36330.92,36.41,319,95,19,1,Debit Card,681
4914,22.0,Pune,new,Groceries,29.0,3251.61,94296.69,10.2,93,11,18,22,Debit Card,800
4915,22.0,Delhi,inactive,Sports,2.0,3722.52,7445.04,15.59,209,71,3,2,Net Banking,352
4916,63.0,pune,inactive,clothing,5.0,33059.79,165298.95,10.57,253,84,16,0,upi,1193
4917,67.0,Delhi,PREMIUM,sports,47.0,38715.0,1819605.0,36.15,303,69,1,4,credit card,964
4918,22.0,MUMBAI,Premium,Books,16.0,47505.58,760089.28,24.23,317,118,3,16,debit card,873
4919,47.0,pune,Premium,Furniture,30.0,24066.53,721995.9,34.9,244,56,20,3,upi,1672
4920,54.0,Mumbai,new,Groceries,40.0,8884.95,355398.0,15.48,25,22,1,1,upi,1335
4921,56.0,hyderabad,new,clothing,4.0,580.16,2320.64,34.45,29,17,16,1,CREDIT CARD,788
4922,58.0,BANGALORE,New,sports,5.0,27436.84,137184.2,18.9,2,135,10,1,Net Banking,113
4923,18.0,Kolkata,Premium,books,2.0,5461.66,10923.32,45.96,72,34,3,0,upi,1176
4924,31.0,chennai,REGULAR,electronics,48.0,2270.05,108962.4,46.14,40,195,17,4,upi,1189
4925,30.0,delhi,Inactive,electronics,1.0,39253.49,39253.49,45.79,224,158,16,1,credit card,111
4926,25.0,DELHI,Inactive,clothing,6.0,4537.37,27224.22,40.16,218,59,5,4,CREDIT CARD,1553
4927,27.0,bangalore,premium,furniture,25.0,13235.91,330897.75,6.76,303,85,16,20,upi,278
4928,45.0,hyderabad,PREMIUM,electronics,5.0,44963.02,224815.1,24.23,80,84,8,2,Cash,829
4929,,Bangalore,Premium,ELECTRONICS,46.0,14133.03,650119.38,36.94,43,133,4,20,debit card,1333
4930,51.0,chennai,REGULAR,sports,30.0,47402.73,1422081.9,30.88,169,1,5,9,CREDIT CARD,545
4931,59.0,Mumbai,New,Clothing,16.0,48260.23,772163.68,8.97,60,169,14,10,debit card,1060
4932,46.0,Kolkata,premium,books,44.0,48103.71,2116563.24,7.68,80,5,12,5,Debit Card,1290
4933,69.0,Mumbai,Premium,Clothing,7.0,39018.28,273127.96,20.77,218,188,14,4,debit card,1090
4934,28.0,mumbai,NEW,sports,32.0,27954.65,894548.8,24.95,100,158,1,2,debit card,1283
4935,45.0,Delhi,Premium,sports,38.0,45767.86,1739178.68,20.87,230,194,13,11,Cash,804
4936,20.0,mumbai,Inactive,books,28.0,47300.88,1324424.64,15.59,313,154,2,20,Credit Card,556
4937,68.0,Kolkata,premium,groceries,20.0,41176.1,823522.0,29.77,132,83,20,16,debit card,1530
4938,37.0,Hyderabad,REGULAR,GROCERIES,30.0,35989.84,1079695.2,5.9,353,163,14,3,UPI,434
4939,34.0,mumbai,new,Furniture,48.0,29309.66,1406863.68,31.78,90,134,14,13,CREDIT CARD,1633
4940,67.0,mumbai,new,Books,25.0,21599.37,539984.25,16.02,274,162,9,4,Net Banking,1793
4941,37.0,DELHI,New,sports,20.0,17466.72,349334.4,13.76,31,49,0,0,CREDIT CARD,1347
4942,24.0,DELHI,Regular,groceries,27.0,16654.74,449677.98,42.56,289,76,11,6,net banking,1162
4943,29.0,MUMBAI,PREMIUM,Clothing,20.0,39578.4,791568.0,16.65,126,56,11,12,upi,1084
4944,69.0,mumbai,PREMIUM,Books,49.0,26430.85,1295111.65,48.16,213,94,15,42,UPI,651
4945,56.0,,inactive,Electronics,15.0,42143.14,632147.1,30.74,1,29,6,7,cash,985
4946,58.0,BANGALORE,premium,Books,40.0,4360.43,174417.2,18.27,234,124,0,6,debit card,1825
4947,23.0, Chennai ,premium,Groceries,48.0,38715.68,1858352.64,5.4,195,40,6,4,UPI,528
4948,57.0,delhi,PREMIUM,Furniture,5.0,6101.16,30505.8,27.27,208,87,1,4,credit card,800
4949,30.0,hyderabad,inactive,Groceries,2.0,18771.63,37543.26,21.96,311,193,4,0,UPI,161
4950,20.0,Pune,premium,Electronics,2.0,32400.9,64801.8,42.75,151,57,0,0,CREDIT CARD,970
4951,49.0,Delhi,PREMIUM,Books,1.0,34028.08,34028.08,16.79,290,75,4,1,cash,875
4952,58.0,MUMBAI,NEW,Electronics,41.0,26544.12,1088308.92,19.13,102,43,12,28,upi,1538
4953,32.0, Chennai ,premium,clothing,16.0,4418.46,70695.36,3.07,174,59,19,16,Net Banking,190
4954,35.0, Chennai ,regular,books,12.0,21877.76,262533.12,44.76,69,152,7,0,upi,1402
4955,69.0,delhi,New,electronics,19.0,47054.73,894039.87,25.31,104,187,16,2,upi,1048
4956,37.0,Mumbai,NEW,sports,39.0,41738.82,1627813.98,45.41,27,92,17,18,cash,1001
4957,34.0,Delhi,NEW,Books,38.0,14994.46,569789.48,43.86,69,131,18,30,CREDIT CARD,1364
4958,37.0,Bangalore,Inactive,GROCERIES,37.0,28014.71,1036544.27,29.48,92,48,9,21,UPI,1447
4959,36.0,Chennai,inactive,clothing,10.0,6544.9,65449.0,0.47,154,163,18,9,upi,272
4960,25.0,Kolkata,new,Furniture,21.0,40110.37,842317.77,18.59,290,190,20,1,UPI,931
4961,63.0,Pune,New,groceries,9.0,48835.26,439517.34,21.56,91,56,7,9,UPI,1670
4962,33.0,Chennai,Premium,sports,43.0,31627.34,1359975.62,6.39,178,189,11,12,Cash,715
4963,60.0,mumbai,inactive,Groceries,26.0,34813.07,905139.82,22.72,250,172,6,3,CREDIT CARD,1703
4964,40.0,mumbai,regular,Groceries,34.0,36109.93,1227737.62,24.47,17,32,7,6,credit card,158
4965,46.0,bangalore,premium,GROCERIES,16.0,33518.25,536292.0,18.24,101,106,4,9,Cash,1324
4966,29.0, Chennai ,REGULAR,electronics,22.0,21722.64,477898.08,15.45,113,142,15,17,Net Banking,173
4967,47.0,CHENNAI,Regular,Groceries,44.0,44258.6,1947378.4,150.0,357,172,16,43,Cash,201
4968,21.0,bangalore,regular,Furniture,50.0,38917.64,1945882.0,8.71,222,41,15,13,Cash,899
4969,68.0,delhi,Regular,Sports,50.0,10503.96,525198.0,6.23,43,197,4,0,cash,1257
4970,57.0,Mumbai,NEW,groceries,43.0,26909.88,1157124.84,36.12,244,143,9,9,cash,1452
4971,48.0,Kolkata,REGULAR,electronics,21.0,11500.51,241510.71,32.87,71,13,18,14,UPI,103
4972,70.0,BANGALORE,New,furniture,38.0,5640.16,214326.08,46.66,66,188,17,20,upi,1090
4973,39.0,pune,regular,clothing,6.0,21308.39,127850.34,41.08,122,53,3,6,credit card,208
4974,38.0,BANGALORE,inactive,sports,35.0,16226.72,567935.2,48.22,88,100,4,6,net banking,114
4975,43.0,Chennai,Regular,Books,27.0,12866.24,347388.48,11.54,190,190,3,17,UPI,1805
4976,28.0,Mumbai,Inactive,Sports,6.0,21663.27,129979.62,17.71,48,52,1,6,Net Banking,1534
4977,69.0,Delhi,Inactive,Furniture,29.0,4387.45,127236.05,33.51,262,75,10,8,debit card,1811
4978,30.0,Chennai,Premium,GROCERIES,42.0,14966.43,628590.06,16.85,346,196,14,31,Net Banking,625
4979,25.0,DELHI,New,books,48.0,41339.64,1984302.72,17.32,52,129,6,6,upi,530
4980,30.0,mumbai,REGULAR,Clothing,16.0,35436.63,566986.08,9.84,171,117,11,14,net banking,1696
4981,42.0,BANGALORE,Premium,GROCERIES,4.0,9748.54,38994.16,45.32,173,6,14,3,upi,903
4982,20.0,BANGALORE,Inactive,Sports,44.0,18177.62,799815.28,25.78,185,183,4,27,credit card,126
4983,44.0,kolkata,Inactive,groceries,24.0,17634.0,423216.0,42.37,108,35,12,24,debit card,1046
4984,35.0, Chennai ,inactive,sports,17.0,3673.51,62449.67,33.62,8,173,8,6,Cash,922
4985,51.0,DELHI,NEW,books,14.0,16258.46,227618.44,39.38,199,13,0,0,credit card,1160
4986,60.0,Mumbai,Premium,Furniture,32.0,5730.91,183389.12,31.61,272,142,3,13,cash,1221
4987,58.0,Mumbai,new,electronics,37.0,5206.95,192657.15,29.62,113,144,3,34,Net Banking,1822
4988,56.0,Mumbai,premium,groceries,22.0,635.01,13970.22,42.38,38,120,11,14,upi,1554
4989,18.0, Chennai ,NEW,Electronics,34.0,21836.52,742441.68,21.98,164,192,4,8,upi,298
4990,37.0,CHENNAI,REGULAR,ELECTRONICS,44.0,26157.39,1150925.16,11.24,262,28,12,27,UPI,1655
4991,65.0,CHENNAI,new,GROCERIES,13.0,4345.97,56497.61,4.17,315,197,14,4,Cash,533
4992,25.0,Delhi,REGULAR,ELECTRONICS,46.0,48584.77,2234899.42,37.19,347,110,5,22,UPI,1293
4993,33.0,Kolkata,New,Sports,24.0,3599.16,86379.84,43.07,66,83,13,24,upi,1312
4994,67.0,Bangalore,premium,groceries,14.0,30008.86,420124.04,22.79,241,25,10,4,net banking,1449
4995,30.0,Hyderabad,PREMIUM,Furniture,6.0,43488.17,260929.02,49.35,100,74,3,1,UPI,78
4996,30.0,MUMBAI,regular,groceries,1.0,35823.56,35823.56,15.56,304,107,20,1,UPI,943
4997,37.0,DELHI,New,sports,21.0,15576.05,327097.05,12.65,73,30,16,15,Debit Card,1289
4998,53.0,mumbai,premium,Books,9.0,44767.24,402905.16,45.27,262,140,15,7,debit card,1712
4999,20.0,bangalore,Premium,Clothing,50.0,3723.66,186183.0,3.31,159,196,12,23,Credit Card,1147
5000,63.0,Hyderabad,REGULAR,sports,27.0,31173.13,841674.51,45.99,354,191,7,17,Net Banking,1646
5001,35.0,,new,GROCERIES,6.0,11809.39,70856.34,4.34,174,191,7,5,net banking,1741
5002,62.0,Delhi,regular,books,6.0,1762.81,6900298.76,18.43,235,35,19,5,Cash,942
5003,44.0,BANGALORE,REGULAR,groceries,49.0,8271.5,405303.5,35.65,22,108,15,40,Credit Card,1805
5004,33.0,Delhi,Regular,groceries,29.0,42820.48,1241793.92,24.35,132,80,3,1,cash,1174
5005,34.0,MUMBAI,Inactive,GROCERIES,8.0,37592.67,300741.36,38.1,267,48,1,0,Debit Card,1404
5006,35.0,chennai,Inactive,sports,16.0,17098.93,273582.88,37.76,94,123,3,15,Debit Card,1437
5007,64.0,Mumbai,Premium,Clothing,6.0,33383.44,200300.64,21.86,203,73,13,5,UPI,227
5008,50.0,delhi,new,Furniture,33.0,25169.86,830605.38,45.3,319,120,16,32,debit card,746
5009,50.0,Kolkata,Inactive,sports,23.0,23529.52,541178.96,29.05,44,26,9,19,credit card,968
5010,56.0,DELHI,New,electronics,42.0,43442.66,1824591.72,2.71,193,151,5,14,cash,1499
5011,54.0,bangalore,premium,Electronics,35.0,43085.02,1507975.7,48.14,105,35,15,33,upi,833
5012,51.0,Hyderabad,NEW,Sports,39.0,28779.44,1122398.16,15.08,10,6,7,11,upi,1689
5013,39.0,chennai,inactive,Clothing,4.0,43972.42,175889.68,45.79,134,25,3,2,CREDIT CARD,110
5014,,hyderabad,New,Groceries,7.0,49923.44,349464.08,11.15,173,46,18,4,Cash,795
5015,48.0,Hyderabad,Premium,Clothing,46.0,49480.57,2276106.22,37.66,214,177,2,1,net banking,583
5016,68.0,pune,PREMIUM,Books,46.0,29734.1,1367768.6,2.69,163,53,16,27,net banking,939
5017,43.0,CHENNAI,PREMIUM,sports,49.0,28606.02,1401694.98,20.56,193,39,3,40,Debit Card,716
5018,37.0,Bangalore,New,Books,5.0,49653.73,248268.65,36.06,62,89,6,5,net banking,1313
5019,30.0,DELHI,NEW,books,42.0,29030.88,1219296.96,29.3,186,63,2,11,Credit Card,95
5020,51.0,Bangalore,Inactive,Electronics,20.0,2862.78,57255.6,38.94,90,72,3,14,Credit Card,470
5021,43.0,delhi,PREMIUM,Clothing,32.0,36280.34,1160970.88,10.89,105,77,20,9,debit card,158
5022,36.0,hyderabad,premium,Books,33.0,28831.05,951424.65,24.12,202,42,2,30,Net Banking,1270
5023,60.0,DELHI,PREMIUM,Sports,40.0,9293.94,371757.6,1.75,54,127,4,31,debit card,1139
5024,67.0,Mumbai,premium,sports,22.0,44722.38,983892.36,45.15,173,6,15,21,Cash,893
5025,33.0,CHENNAI,Regular,ELECTRONICS,18.0,34527.67,621498.06,33.12,141,151,12,2,Cash,889
5026,62.0,Bangalore,premium,furniture,26.0,19912.36,517721.36,24.07,142,90,15,1,upi,678
5027,,Pune,New,Books,33.0,22075.82,728502.06,41.79,110,114,16,23,Net Banking,977
5028,24.0,hyderabad,premium,ELECTRONICS,5.0,28973.5,144867.5,28.54,100,178,20,4,credit card,1038
5029,42.0,Kolkata,Premium,Sports,49.0,49037.76,2402850.24,31.85,1,33,5,41,Net Banking,1212
5030,45.0,mumbai,regular,clothing,22.0,9560.41,210329.02,25.29,149,51,0,22,Credit Card,479
5031,56.0,Pune,new,Furniture,41.0,37858.37,1552193.17,21.0,147,109,10,36,debit card,1540
5032,56.0,CHENNAI,inactive,Books,35.0,21023.26,735814.1,32.28,156,154,20,32,Net Banking,1457
5033,35.0,MUMBAI,PREMIUM,Electronics,14.0,36224.08,507137.12,7.06,194,142,12,8,Net Banking,82
5034,59.0,MUMBAI,new,Groceries,24.0,48520.3,1164487.2,36.89,252,137,11,9,UPI,1021
5035,63.0,BANGALORE,REGULAR,Clothing,1.0,29209.47,29209.47,13.03,215,74,6,0,net banking,258
5036,32.0,Mumbai,PREMIUM,ELECTRONICS,23.0,48934.0,1125482.0,18.53,133,20,4,5,upi,835
5037,37.0,Delhi,REGULAR,sports,49.0,649.66,31833.34,14.06,162,95,20,41,Net Banking,505
5038,24.0,DELHI,Inactive,ELECTRONICS,43.0,47882.22,2058935.46,21.09,75,169,8,31,Net Banking,907
5039,18.0,MUMBAI,NEW,ELECTRONICS,44.0,48355.7,2127650.8,2.97,36,16,1,9,debit card,677
5040,51.0,kolkata,inactive,Books,28.0,14005.36,392150.08,31.45,336,151,7,19,Cash,1746
5041,42.0,Kolkata,Inactive,Clothing,43.0,43731.98,1880475.14,39.07,328,58,19,12,Debit Card,1065
5042,30.0,MUMBAI,NEW,GROCERIES,28.0,27918.83,781727.24,10.51,205,134,18,25,net banking,336
5043,40.0,kolkata,premium,GROCERIES,14.0,28085.74,393200.36,36.0,276,27,12,5,CREDIT CARD,1551
5044,27.0,Delhi,REGULAR,Electronics,32.0,40509.31,1296297.92,31.75,364,162,19,15,Net Banking,1142
5045,49.0,Delhi,inactive,Groceries,9.0,6143.31,55289.79,30.18,13,97,16,4,Cash,857
5046,19.0,MUMBAI,Regular,clothing,12.0,29915.63,358987.56,41.89,316,186,11,0,net banking,838
5047,47.0,Mumbai,PREMIUM,groceries,43.0,31743.3,1364961.9,9.25,46,15,14,25,Net Banking,965
5048,65.0,hyderabad,NEW,books,27.0,48110.46,1298982.42,33.53,118,180,19,15,credit card,1121
5049,22.0,chennai,REGULAR,Sports,37.0,22173.46,820418.02,45.37,257,147,18,14,Debit Card,97
5050,41.0,MUMBAI,new,clothing,3.0,33597.34,100792.02,7.89,132,36,12,0,Credit Card,1482
5051,33.0,Delhi,PREMIUM,clothing,36.0,34799.64,1252787.04,24.9,200,90,3,33,net banking,590
5052,67.0, Chennai ,Inactive,Furniture,27.0,37837.52,1021613.04,4.05,73,149,9,0,upi,517
5053,41.0,Kolkata,PREMIUM,clothing,30.0,20446.31,613389.3,10.19,282,90,15,24,CREDIT CARD,1684
5054,43.0,kolkata,REGULAR,Electronics,1.0,23521.19,23521.19,27.64,347,181,9,0,net banking,1357
5055,63.0,bangalore,NEW,Books,1.0,1837.31,1837.31,31.1,302,131,13,1,cash,1463
5056,54.0,mumbai,regular,Sports,21.0,34659.27,6900298.76,46.49,34,69,19,0,debit card,1060
5057,66.0,hyderabad,Regular,Groceries,47.0,30564.31,1436522.57,18.74,116,74,10,15,upi,1752
5058,36.0,pune,New,electronics,46.0,3544.18,163032.28,24.97,294,155,20,28,Net Banking,321
5059,-5.0,mumbai,PREMIUM,sports,28.0,15720.04,440161.12,45.37,346,22,10,7,Debit Card,99
5060,18.0,Mumbai,new,Electronics,9.0,23280.61,209525.49,18.17,31,122,13,9,Net Banking,1594
5061,62.0,Hyderabad,Inactive,Clothing,35.0,34748.05,1216181.75,44.86,56,65,11,15,net banking,802
5062,59.0,Chennai,premium,groceries,34.0,44598.87,1516361.58,3.52,20,128,10,0,Credit Card,81
5063,43.0,CHENNAI,REGULAR,Groceries,34.0,44288.73,1505816.82,17.32,292,57,18,10,CREDIT CARD,1804
5064,34.0,delhi,REGULAR,Groceries,28.0,17266.56,483463.68,10.61,66,25,9,23,net banking,1289
5065,37.0,delhi,premium,Clothing,40.0,40183.98,1607359.2,28.59,192,168,2,28,upi,1185
5066,56.0,MUMBAI,Regular,Electronics,16.0,27805.79,444892.64,15.84,299,84,18,1,Net Banking,57
5067,40.0,Hyderabad,Inactive,Groceries,46.0,3725.69,171381.74,41.97,107,106,3,41,credit card,1684
5068,26.0,kolkata,new,clothing,3.0,35394.15,106182.45,25.12,58,17,14,1,Credit Card,1436
5069,42.0,pune,Inactive,Clothing,34.0,7690.64,261481.76,13.77,68,140,14,33,Cash,1263
5070,66.0,pune,Inactive,groceries,9.0,25513.03,229617.27,48.09,121,2,20,2,net banking,617
5071,21.0,bangalore,PREMIUM,electronics,33.0,18279.1,603210.3,16.02,27,144,6,6,Cash,226
5072,27.0,Hyderabad,Premium,clothing,45.0,,1647588.6,17.69,271,146,13,20,debit card,1285
5073,53.0,CHENNAI,NEW,clothing,18.0,48085.88,865545.84,29.71,124,140,13,11,debit card,970
5074,22.0,mumbai,new,Sports,4.0,34522.99,138091.96,18.64,262,118,9,4,Net Banking,105
5075,39.0,BANGALORE,New,ELECTRONICS,15.0,1858.72,27880.8,39.29,25,96,12,0,Cash,1358
5076,37.0,delhi,inactive,groceries,7.0,18355.21,128486.47,42.95,71,200,7,5,Credit Card,884
5077,43.0,bangalore,New,groceries,4.0,42398.79,169595.16,41.5,15,90,19,0,net banking,1776
5078,41.0,bangalore,new,groceries,22.0,24492.66,538838.52,44.57,109,122,18,22,Debit Card,1225
5079,24.0,DELHI,new,clothing,15.0,23352.62,350289.3,43.82,304,11,6,10,CREDIT CARD,199
5080,62.0,pune,New,Books,2.0,29828.24,59656.48,1.35,234,109,8,1,credit card,1595
5081,67.0,DELHI,PREMIUM,clothing,44.0,32789.61,1442742.84,8.42,52,20,20,37,Credit Card,297
5082,45.0,Hyderabad,inactive,ELECTRONICS,16.0,24505.59,392089.44,9.61,324,142,3,7,Debit Card,45
5083,57.0,Pune,Regular,electronics,17.0,18814.74,319850.58,8.12,252,137,0,6,debit card,820
5084,31.0,MUMBAI,PREMIUM,Furniture,29.0,13581.33,393858.57,7.67,187,107,10,12,net banking,834
5085,44.0,Pune,Premium,sports,43.0,47942.68,2061535.24,46.01,21,9,1,23,net banking,1209
5086,60.0,bangalore,Regular,Furniture,8.0,16717.5,133740.0,41.61,28,24,10,4,Debit Card,1432
5087,52.0,Bangalore,new,Furniture,7.0,28210.97,197476.79,2.47,247,117,19,4,Cash,1512
5088,24.0,DELHI,NEW,Furniture,8.0,17703.88,141631.04,37.88,325,30,9,4,upi,862
5089,23.0,Bangalore,regular,electronics,30.0,5113.56,153406.8,0.19,209,94,13,26,CREDIT CARD,840
5090,43.0,Hyderabad,NEW,Furniture,24.0,14879.48,357107.52,39.19,342,86,7,24,cash,1432
5091,43.0,Delhi,new,Books,32.0,21565.19,690086.08,18.03,318,91,19,2,CREDIT CARD,1387
5092,32.0,delhi,regular,Books,9.0,12033.09,108297.81,40.11,53,110,5,2,upi,908
5093,35.0,kolkata,regular,furniture,42.0,5832.01,244944.42,32.41,50,80,12,10,net banking,1088
5094,32.0,BANGALORE,Regular,sports,22.0,27106.07,596333.54,2.99,192,193,6,6,credit card,1378
5095,41.0,CHENNAI,inactive,Clothing,5.0,34039.04,170195.2,9.85,221,30,3,3,Credit Card,365
5096,49.0,kolkata,regular,GROCERIES,13.0,15206.66,197686.58,22.81,296,50,14,2,CREDIT CARD,494
5097,67.0, Chennai ,new,Books,25.0,4269.08,106727.0,34.95,209,143,5,5,UPI,1099
5098,52.0,Bangalore,inactive,Furniture,18.0,33245.62,598421.16,6.01,325,181,10,15,debit card,60
5099,51.0,,regular,GROCERIES,18.0,1866.71,33600.78,22.58,313,123,4,18,cash,889
5100,24.0,Kolkata,REGULAR,groceries,22.0,22244.76,489384.72,29.49,29,99,3,16,Debit Card,1547
5101,36.0,delhi,PREMIUM,Groceries,8.0,4773.33,38186.64,1.88,162,67,10,5,credit card,1228
5102,60.0,Mumbai,regular,electronics,24.0,46133.5,1107204.0,25.69,222,61,9,17,debit card,42
5103,22.0,Hyderabad,premium,Sports,29.0,2873.75,83338.75,41.6,342,98,8,19,credit card,653
5104,37.0,Bangalore,Regular,Clothing,32.0,34610.21,1107526.72,17.48,92,6,3,23,upi,1285
5105,24.0,delhi,New,Sports,7.0,19290.17,135031.19,47.26,40,90,15,3,Debit Card,1003
5106,45.0,kolkata,regular,Electronics,47.0,31145.06,1463817.82,10.08,37,162,15,32,credit card,61
5107,57.0,Chennai,new,electronics,37.0,19029.77,704101.49,32.12,337,77,11,6,debit card,1223
5108,40.0, Chennai ,regular,furniture,45.0,32749.6,1473732.0,16.34,97,139,15,13,upi,1154
5109,20.0,hyderabad,PREMIUM,furniture,26.0,21603.81,561699.06,3.89,265,13,17,8,Debit Card,1095
5110,51.0,CHENNAI,New,books,35.0,15891.23,556193.05,7.0,240,183,5,12,cash,77
5111,70.0,chennai,new,Electronics,20.0,36311.4,726228.0,19.26,129,88,0,7,Credit Card,1387
5112,18.0,BANGALORE,inactive,Electronics,17.0,18202.07,309435.19,36.19,346,157,19,1,net banking,201
5113,50.0,Kolkata,Regular,Clothing,4.0,1912.05,7648.2,24.65,194,62,4,3,CREDIT CARD,370
5114,31.0,Kolkata,Regular,books,28.0,30848.87,863768.36,16.2,135,54,4,20,upi,121
5115,39.0,pune,Premium,clothing,30.0,12074.28,362228.4,10.54,73,43,13,24,cash,779
5116,34.0,pune,Regular,Electronics,49.0,17526.89,858817.61,10.46,289,120,6,49,debit card,1757
5117,41.0, Chennai ,Regular,Sports,43.0,17662.65,759493.95,30.73,223,76,4,26,Credit Card,1327
5118,42.0,chennai,Premium,furniture,36.0,31296.56,1126676.16,22.92,240,66,0,20,credit card,559
5119,59.0,Delhi,premium,books,25.0,14902.54,372563.5,39.56,312,158,2,22,Debit Card,919
5120,41.0,Hyderabad,regular,sports,4.0,48686.33,194745.32,48.9,81,179,11,2,CREDIT CARD,906
5121,20.0,chennai,New,ELECTRONICS,35.0,37747.5,1321162.5,28.76,94,43,6,33,debit card,447
5122,41.0,hyderabad,Inactive,furniture,13.0,27119.76,352556.88,29.85,294,77,11,8,Cash,372
5123,27.0,Bangalore,premium,Sports,31.0,14297.16,443211.96,24.31,91,153,8,28,Net Banking,757
5124,43.0,bangalore,REGULAR,electronics,11.0,25988.21,285870.31,38.85,263,173,19,10,UPI,922
5125,30.0,Pune,Regular,groceries,32.0,20688.14,662020.48,17.35,233,15,6,5,Credit Card,190
5126,28.0,Mumbai,inactive,electronics,16.0,11612.73,185803.68,38.01,359,133,15,11,Debit Card,1342
5127,67.0,delhi,PREMIUM,electronics,20.0,14718.55,294371.0,25.57,172,74,10,14,debit card,1184
5128,50.0,kolkata,inactive,Clothing,40.0,,861399.2,26.02,103,144,4,23,CREDIT CARD,791
5129,36.0,MUMBAI,Premium,furniture,13.0,46942.59,610253.67,34.46,174,45,2,5,credit card,1033
5130,30.0,DELHI,New,groceries,2.0,47046.16,94092.32,21.63,273,186,18,2,Cash,1687
5131,63.0,Mumbai,regular,GROCERIES,7.0,48143.05,337001.35,23.79,165,107,3,0,net banking,125
5132,60.0,CHENNAI,Premium,Books,14.0,41053.01,574742.14,8.12,53,184,4,3,Cash,722
5133,41.0,,PREMIUM,electronics,27.0,30017.44,810470.88,11.22,98,40,17,11,debit card,232
5134,34.0,Mumbai,PREMIUM,groceries,15.0,31581.5,473722.5,20.62,66,30,9,8,UPI,445
5135,48.0, Chennai ,REGULAR,Sports,3.0,13700.26,41100.78,6.23,317,101,15,3,Net Banking,1157
5136,,chennai,premium,Sports,,32123.93,256991.44,38.08,52,54,5,0,net banking,641
5137,29.0,MUMBAI,PREMIUM,sports,44.0,19965.59,878485.96,16.88,138,107,19,43,Credit Card,455
5138,30.0,BANGALORE,Inactive,sports,13.0,4784.44,62197.72,43.82,175,114,2,9,Net Banking,536
5139,29.0,MUMBAI,NEW,electronics,23.0,15017.5,345402.5,16.93,233,144,15,13,cash,1623
5140,28.0,BANGALORE,Premium,ELECTRONICS,14.0,16821.74,235504.36,14.21,347,150,7,0,Cash,1283
5141,66.0,Pune,New,Furniture,39.0,48921.8,1907950.2,29.99,192,4,15,35,upi,1044
5142,54.0,BANGALORE,Inactive,furniture,39.0,28527.41,1112568.99,33.39,56,146,20,7,cash,1193
5143,36.0,Pune,inactive,GROCERIES,18.0,19744.43,355399.74,8.67,338,22,19,0,Credit Card,320
5144,36.0,CHENNAI,REGULAR,Groceries,8.0,24974.78,199798.24,45.64,267,195,12,3,Net Banking,461
5145,39.0,MUMBAI,Regular,ELECTRONICS,31.0,2195.9,68072.9,25.23,304,155,12,26,upi,1057
5146,45.0,Pune,REGULAR,books,35.0,41749.82,1461243.7,13.43,36,23,12,10,credit card,151
5147,63.0,BANGALORE,REGULAR,books,49.0,4669.36,228798.64,35.04,130,119,6,39,upi,1533
5148,41.0,DELHI,Regular,electronics,2.0,17325.7,34651.4,21.95,34,170,1,0,cash,142
5149,60.0,Mumbai,new,Groceries,37.0,21010.34,777382.58,27.86,323,140,18,21,net banking,814
5150,57.0,hyderabad,Inactive,Clothing,22.0,43448.66,955870.52,14.97,131,42,6,3,debit card,1191
5151,35.0,Bangalore,PREMIUM,sports,7.0,8856.73,61997.11,35.36,281,111,1,6,CREDIT CARD,1346
5152,66.0,Chennai,Inactive,Furniture,7.0,27802.04,194614.28,34.11,25,168,18,1,UPI,284
5153,69.0,DELHI,premium,clothing,1.0,18234.52,18234.52,2.98,179,4,2,0,cash,575
5154,48.0,delhi,PREMIUM,furniture,45.0,20376.2,916929.0,10.96,213,66,2,11,CREDIT CARD,1676
5155,44.0,DELHI,new,ELECTRONICS,21.0,34758.44,729927.24,34.47,359,148,5,9,UPI,463
5156,56.0,BANGALORE,Premium,books,19.0,6761.41,128466.79,1.31,43,117,9,8,CREDIT CARD,782
5157,61.0,Delhi,Inactive,sports,45.0,41215.03,1854676.35,40.26,205,136,20,21,cash,410
5158,46.0,Hyderabad,NEW,books,12.0,1448.46,17381.52,4.89,332,141,3,2,CREDIT CARD,658
5159,68.0,BANGALORE,New,electronics,17.0,44244.23,752151.91,38.97,275,11,19,15,Credit Card,360
5160,18.0,hyderabad,Inactive,sports,1.0,30566.06,30566.06,33.7,184,26,10,0,credit card,990
5161,39.0,MUMBAI,Regular,electronics,29.0,3216.34,93273.86,33.54,180,53,7,15,Cash,1000
5162,18.0,Pune,New,Electronics,20.0,44956.97,899139.4,11.78,246,89,17,14,CREDIT CARD,1604
5163,41.0,MUMBAI,new,electronics,32.0,7348.68,235157.76,34.23,166,59,7,14,Credit Card,45
5164,30.0,mumbai,REGULAR,groceries,37.0,45680.05,1690161.85,20.79,228,196,8,4,Debit Card,513
5165,22.0, Chennai ,REGULAR,electronics,39.0,21020.9,819815.1,11.34,149,139,9,10,CREDIT CARD,874
5166,59.0,Hyderabad,Regular,electronics,24.0,15480.34,371528.16,10.61,304,158,0,6,cash,1367
5167,37.0,pune,premium,Clothing,5.0,18111.26,90556.3,19.05,176,51,12,3,Net Banking,210
5168,31.0,BANGALORE,regular,groceries,46.0,10189.66,468724.36,4.17,155,84,5,11,net banking,1575
5169,58.0,Mumbai,Regular,ELECTRONICS,21.0,34503.53,724574.13,41.54,262,169,10,5,Cash,945
5170,66.0,pune,Regular,sports,17.0,30006.41,510108.97,20.32,225,117,10,17,Debit Card,1343
5171,32.0,bangalore,PREMIUM,electronics,43.0,30567.49,1314402.07,0.01,350,100,9,0,upi,620
5172,23.0,Mumbai,Regular,sports,48.0,32212.73,1546211.04,16.17,21,40,9,16,Net Banking,1060
5173,31.0,Chennai,new,Groceries,1.0,5799.04,5799.04,9.84,255,163,0,0,cash,581
5174,54.0, Chennai ,regular,electronics,2.0,33950.19,67900.38,6.27,310,161,12,0,upi,639
5175,28.0,hyderabad,PREMIUM,sports,5.0,9781.12,48905.6,43.69,134,176,10,2,Debit Card,823
5176,49.0,Hyderabad,NEW,Sports,50.0,24312.53,1215626.5,47.81,246,169,9,24,Net Banking,1319
5177,29.0,BANGALORE,Inactive,Furniture,27.0,35608.17,961420.59,0.24,46,177,7,6,Debit Card,301
5178,49.0,Pune,NEW,ELECTRONICS,7.0,41578.15,291047.05,0.06,329,107,15,1,Cash,1190
5179,42.0,CHENNAI,regular,books,39.0,14514.25,566055.75,4.7,277,91,3,19,Net Banking,756
5180,45.0, Chennai ,New,sports,3.0,39912.78,119738.34,27.24,299,84,4,3,Credit Card,1707
5181,44.0,kolkata,PREMIUM,books,11.0,48549.23,534041.53,22.92,161,182,12,1,debit card,1624
5182,23.0,Chennai,Inactive,groceries,25.0,3961.78,99044.5,46.78,315,44,19,6,CREDIT CARD,1528
5183,39.0,hyderabad,NEW,furniture,3.0,45599.49,136798.47,25.23,23,109,18,0,Debit Card,142
5184,70.0,Delhi,regular,sports,48.0,47807.55,2294762.4,36.84,37,21,5,3,CREDIT CARD,990
5185,31.0,Chennai,inactive,ELECTRONICS,15.0,43726.74,655901.1,31.27,186,8573,18,10,credit card,1451
5186,61.0,Mumbai,Inactive,Sports,10.0,49086.8,490868.0,1.76,79,38,6,0,Debit Card,526
5187,41.0,Pune,PREMIUM,Clothing,15.0,29029.06,435435.9,30.86,184,18,3,3,Debit Card,1313
5188,66.0,pune,new,Books,48.0,23744.96,1139758.08,39.77,278,170,14,38,CREDIT CARD,929
5189,53.0,hyderabad,New,GROCERIES,35.0,41170.45,1440965.75,12.29,4,163,17,18,CREDIT CARD,296
5190,55.0,BANGALORE,New,Groceries,7.0,15577.21,109040.47,34.31,261,97,10,7,debit card,435
5191,19.0,BANGALORE,PREMIUM,books,2.0,19415.14,38830.28,3.23,347,174,17,2,debit card,1687
5192,54.0, Chennai ,Inactive,Furniture,45.0,22232.62,1000467.9,2.52,303,132,2,4,Debit Card,50
5193,66.0,Chennai,NEW,clothing,16.0,46143.51,738296.16,10.92,62,75,2,3,credit card,1465
5194,58.0,hyderabad,Inactive,groceries,16.0,44694.75,715116.0,1.06,173,1,14,8,Cash,725
5195,21.0,DELHI,regular,Clothing,11.0,22330.38,245634.18,41.29,303,43,18,8,cash,42
5196,27.0,kolkata,regular,Sports,17.0,38228.27,649880.59,5.57,210,23,12,6,cash,866
5197,69.0,mumbai,regular,books,4.0,26221.46,104885.84,26.31,170,30,20,3,Debit Card,301
5198,33.0,kolkata,premium,Clothing,32.0,1190.4,38092.8,45.01,164,124,9,4,Credit Card,527
5199,48.0,Hyderabad,PREMIUM,ELECTRONICS,27.0,42724.81,1153569.87,16.73,138,32,10,4,UPI,1660
5200,52.0,MUMBAI,NEW,Groceries,6.0,40222.49,241334.94,11.71,253,133,2,6,credit card,872
5201,36.0,delhi,New,groceries,33.0,14097.61,465221.13,23.94,98,44,19,3,credit card,1619
5202,21.0,mumbai,Inactive,Sports,7.0,47025.14,329175.98,26.07,346,88,3,1,net banking,782
5203,51.0,CHENNAI,premium,books,4.0,5140.64,20562.56,19.2,68,49,11,1,UPI,1328
5204,68.0,pune,New,Furniture,11.0,25757.32,283330.52,0.74,139,13,17,1,CREDIT CARD,1449
5205,33.0,Bangalore,New,Clothing,6.0,20255.9,121535.4,40.85,203,13,4,3,credit card,843
5206,53.0,pune,PREMIUM,GROCERIES,34.0,44857.76,1525163.84,27.74,141,120,16,29,credit card,1146
5207,22.0,MUMBAI,NEW,Clothing,20.0,25183.04,503660.8,44.91,24,90,2,0,cash,1705
5208,66.0,delhi,new,Clothing,1.0,49497.99,49497.99,27.74,95,133,5,0,Debit Card,262
5209,63.0,CHENNAI,regular,books,33.0,9048.61,298604.13,31.45,48,190,9,14,Credit Card,591
5210,66.0,DELHI,regular,groceries,37.0,23489.9,869126.3,31.34,152,38,10,36,upi,482
5211,37.0,pune,Premium,Books,2.0,46524.48,93048.96,29.54,215,135,19,0,Debit Card,596
5212,41.0,Chennai,Premium,clothing,7.0,31113.58,217795.06,4.46,45,51,20,0,Debit Card,83
5213,46.0,BANGALORE,New,electronics,31.0,705.67,21875.77,35.14,55,100,12,17,upi,666
5214,68.0,Pune,inactive,ELECTRONICS,42.0,48706.93,2045691.06,46.56,268,126,4,33,debit card,1603
5215,51.0,CHENNAI,NEW,electronics,35.0,19767.09,691848.15,19.66,72,58,8,16,debit card,144
5216,38.0,bangalore,new,ELECTRONICS,20.0,25173.97,503479.4,23.06,43,57,18,13,Debit Card,1361
5217,43.0,Mumbai,Premium,sports,38.0,4181.84,158909.92,0.38,339,70,18,18,credit card,1007
5218,65.0,mumbai,Regular,electronics,40.0,1914.59,76583.6,21.94,358,100,13,33,upi,527
5219,70.0,hyderabad,PREMIUM,electronics,45.0,27504.48,1237701.6,18.15,285,148,6,22,net banking,542
5220,64.0,chennai,regular,GROCERIES,3.0,39061.12,117183.36,46.41,356,117,2,1,upi,680
5221,42.0,bangalore,New,books,45.0,14273.97,642328.65,34.03,162,102,12,26,Net Banking,224
5222,39.0,hyderabad,premium,electronics,8.0,7447.24,59577.92,46.86,10,27,16,0,UPI,1312
5223,,pune,Regular,Books,24.0,28699.08,688777.92,24.53,302,48,13,5,UPI,1507
5224,39.0,Mumbai,REGULAR,GROCERIES,27.0,4369.97,117989.19,1.41,365,61,6,11,Cash,1664
5225,58.0,kolkata,inactive,clothing,35.0,2834.94,99222.9,25.79,34,130,13,33,Debit Card,1569
5226,18.0,delhi,Regular,clothing,10.0,8472.04,84720.4,30.15,341,127,17,5,Debit Card,297
5227,70.0, Chennai ,Premium,electronics,46.0,12401.87,570486.02,45.05,279,145,6,0,Cash,58
5228,35.0,Chennai,Premium,Clothing,32.0,46649.08,1492770.56,43.75,177,142,9,1,credit card,652
5229,20.0,Bangalore,New,Groceries,48.0,520.03,24961.44,41.7,231,141,15,2,cash,1544
5230,70.0,chennai,Inactive,Groceries,40.0,3287.16,131486.4,34.11,237,189,19,36,Credit Card,585
5231,43.0,MUMBAI,New,furniture,5.0,38998.18,194990.9,38.14,58,133,6,4,upi,576
5232,51.0,Pune,Regular,groceries,9.0,20724.18,186517.62,45.47,213,21,13,3,upi,941
5233,60.0,Kolkata,premium,GROCERIES,46.0,23155.85,1065169.1,9.26,211,184,18,45,debit card,1408
5234,68.0,mumbai,New,furniture,7.0,18197.02,127379.14,13.6,277,162,19,7,net banking,1144
5235,64.0,CHENNAI,inactive,Sports,17.0,5266.32,89527.44,6.91,168,42,14,15,Credit Card,770
5236,20.0,Pune,new,Groceries,22.0,2526.58,55584.76,21.5,136,76,17,2,net banking,1551
5237,69.0,Pune,NEW,Sports,25.0,22374.24,6900298.76,48.05,189,7,3,7,Cash,261
5238,54.0,MUMBAI,NEW,GROCERIES,4.0,22192.78,88771.12,13.92,42,77,5,0,credit card,523
5239,35.0,Pune,regular,Clothing,36.0,49252.06,1773074.16,37.36,280,170,2,19,Credit Card,629
5240,42.0,mumbai,regular,GROCERIES,35.0,22154.52,775408.2,36.38,184,113,5,13,upi,1388
5241,28.0,Kolkata,Regular,Clothing,4.0,25326.76,101307.04,28.52,124,79,10,2,debit card,842
5242,59.0,kolkata,regular,Books,16.0,48227.76,771644.16,8.93,33,192,1,10,debit card,1261
5243,42.0,Pune,New,electronics,32.0,23294.55,745425.6,35.9,97,15,15,0,Cash,1300
5244,22.0,pune,Inactive,Sports,41.0,32774.29,1343745.89,42.18,257,72,12,28,upi,169
5245,47.0,Chennai,Inactive,furniture,24.0,6346.06,152305.44,37.62,111,183,11,12,CREDIT CARD,682
5246,48.0,BANGALORE,PREMIUM,electronics,4.0,48975.29,195901.16,36.31,305,9,4,4,Credit Card,739
5247,47.0,pune,REGULAR,Groceries,2.0,,3373.08,2.74,132,77,8,0,UPI,903
5248,67.0,BANGALORE,inactive,Clothing,3.0,47283.01,141849.03,18.72,230,41,15,2,upi,346
5249,69.0,mumbai,Premium,ELECTRONICS,8.0,22824.58,182596.64,27.03,92,144,6,0,UPI,427
5250,47.0,Chennai,premium,sports,15.0,32282.43,484236.45,35.44,360,190,0,14,CREDIT CARD,39
5251,60.0,,PREMIUM,sports,18.0,26210.97,471797.46,30.39,73,59,20,14,Net Banking,778
5252,44.0,Kolkata,new,furniture,18.0,46808.23,842548.14,19.4,280,84,6,5,debit card,269
5253,66.0,DELHI,NEW,clothing,10.0,21219.24,212192.4,48.85,310,131,17,0,Net Banking,933
5254,40.0,Kolkata,inactive,clothing,28.0,39761.92,1113333.76,26.48,347,192,14,17,UPI,837
5255,70.0,DELHI,REGULAR,electronics,50.0,34928.79,1746439.5,8.97,71,115,18,15,debit card,820
5256,52.0,Mumbai,inactive,furniture,43.0,28194.9,1212380.7,18.16,205,89,4,11,cash,1097
5257,49.0,MUMBAI,REGULAR,electronics,6.0,27763.01,166578.06,24.03,202,62,8,5,credit card,590
5258,36.0,Pune,new,Sports,32.0,22345.3,715049.6,22.25,209,200,6,28,cash,1506
5259,22.0,Chennai,Regular,electronics,34.0,27075.65,920572.1,42.63,92,128,15,26,Credit Card,1821
5260,44.0,Pune,NEW,Books,34.0,33658.91,1144402.94,21.9,145,187,5,0,UPI,1435
5261,62.0,Chennai,inactive,books,21.0,23797.93,499756.53,48.4,207,45,4,2,upi,458
5262,34.0,Hyderabad,REGULAR,electronics,35.0,36200.91,1267031.85,42.88,59,89,7,5,CREDIT CARD,160
5263,36.0,CHENNAI,inactive,books,15.0,35758.49,536377.35,6.27,316,129,20,15,Cash,126
5264,52.0,Hyderabad,inactive,Furniture,28.0,16088.85,450487.8,5.4,328,65,13,26,upi,1684
5265,21.0, Chennai ,new,Electronics,50.0,37029.33,1851466.5,28.33,315,107,14,2,credit card,1698
5266,62.0,Bangalore,REGULAR,sports,11.0,9606.86,105675.46,15.41,69,68,12,5,UPI,345
5267,62.0,bangalore,new,Furniture,29.0,48316.87,1401189.23,48.4,101,82,3,12,net banking,518
5268,26.0,Chennai,PREMIUM,ELECTRONICS,30.0,35971.75,1079152.5,4.13,335,21,16,1,Credit Card,323
5269,23.0,delhi,Inactive,Furniture,4.0,2077.8,8311.2,38.24,274,66,14,2,UPI,767
5270,46.0,Kolkata,Regular,clothing,44.0,32437.07,1427231.08,7.48,93,59,19,4,Debit Card,290
5271,60.0,CHENNAI,NEW,Books,41.0,12431.73,509700.93,19.51,135,160,16,15,UPI,1233
5272,50.0,Chennai,NEW,clothing,25.0,30220.93,755523.25,40.65,255,53,4,18,Net Banking,676
5273,,delhi,REGULAR,groceries,10.0,23972.21,239722.1,45.04,98,120,1,10,CREDIT CARD,561
5274,37.0,BANGALORE,Inactive,Furniture,18.0,17710.78,318794.04,27.09,315,186,0,1,upi,847
5275,70.0,Chennai,Inactive,clothing,30.0,26460.67,793820.1,48.68,214,38,13,9,upi,1505
5276,39.0,kolkata,NEW,furniture,38.0,27892.79,1059926.02,8.87,138,69,9,24,Debit Card,198
5277,27.0,kolkata,inactive,clothing,9.0,34522.93,310706.37,2.14,89,118,9,9,Debit Card,1433
5278,54.0,chennai,Inactive,Furniture,6.0,34428.98,206573.88,7.16,20,47,2,2,cash,227
5279,26.0,,REGULAR,electronics,14.0,19472.46,272614.44,13.94,167,75,3,11,upi,1400
5280,39.0,mumbai,Regular,GROCERIES,1.0,560.52,560.52,26.87,232,128,15,1,credit card,1288
5281,21.0,chennai,Regular,ELECTRONICS,11.0,48217.11,530388.21,21.55,244,62,9,7,net banking,1559
5282,36.0,Delhi,PREMIUM,groceries,30.0,47779.05,1433371.5,44.03,159,109,8,20,Debit Card,188
5283,67.0,chennai,Regular,ELECTRONICS,14.0,49226.83,689175.62,27.24,340,91,8,3,Net Banking,1494
5284,45.0,Kolkata,Regular,Electronics,48.0,18098.48,868727.04,17.14,90,20,19,27,debit card,1590
5285,39.0,Hyderabad,NEW,ELECTRONICS,9.0,13936.05,125424.45,4.66,70,175,2,2,UPI,778
5286,50.0,kolkata,Inactive,Furniture,13.0,36904.69,479760.97,8.42,106,6,15,8,credit card,577
5287,25.0,Mumbai,REGULAR,GROCERIES,2.0,33317.54,66635.08,22.53,30,118,15,2,cash,1526
5288,64.0,mumbai,regular,clothing,46.0,40996.82,1885853.72,15.02,241,84,20,38,Net Banking,172
5289,24.0,,premium,Groceries,49.0,34821.59,1706257.91,20.76,270,125,6,7,cash,114
5290,,DELHI,PREMIUM,groceries,19.0,16206.01,307914.19,36.26,220,60,18,8,upi,1112
5291,36.0,bangalore,NEW,Clothing,46.0,5427.52,249665.92,0.63,294,4,6,22,net banking,1421
5292,40.0,kolkata,new,ELECTRONICS,25.0,9925.01,248125.25,9.37,243,90,1,5,Net Banking,1328
5293,22.0,Mumbai,New,clothing,12.0,5966.94,71603.28,0.33,121,141,14,2,net banking,1753
5294,53.0,Chennai,new,Clothing,28.0,48805.01,1366540.28,46.69,327,79,18,15,Credit Card,805
5295,59.0,Bangalore,Inactive,sports,40.0,630.75,25230.0,36.7,323,30,18,25,cash,1321
5296,70.0,delhi,Regular,sports,43.0,49754.02,2139422.86,11.98,212,37,6,37,UPI,1644
5297,19.0,mumbai,premium,electronics,8.0,44192.2,353537.6,49.39,242,2,1,0,Credit Card,1130
5298,26.0,mumbai,PREMIUM,Electronics,23.0,12171.57,279946.11,37.49,22,139,18,7,Cash,1501
5299,40.0,BANGALORE,Premium,Furniture,37.0,26652.77,986152.49,14.57,197,19,14,7,Credit Card,1800
5300,23.0,DELHI,new,books,35.0,9476.89,331691.15,40.44,181,145,19,6,credit card,1027
5301,30.0,pune,Premium,Books,26.0,21226.36,551885.36,2.91,207,132,16,20,net banking,777
5302,47.0,Hyderabad,Premium,ELECTRONICS,30.0,47433.41,1423002.3,9.84,218,6,7,26,UPI,138
5303,27.0,DELHI,REGULAR,Electronics,26.0,41204.64,1071320.64,47.6,65,190,14,25,Credit Card,1444
5304,62.0,bangalore,PREMIUM,books,18.0,45786.94,824164.92,33.05,219,156,8,10,upi,643
5305,42.0,Pune,New,groceries,30.0,20129.21,603876.3,31.77,338,188,8,13,Cash,1784
5306,25.0,,PREMIUM,sports,33.0,15598.14,514738.62,0.87,7,179,3,13,Net Banking,568
5307,30.0,hyderabad,NEW,clothing,32.0,36717.33,1174954.56,0.86,244,62,16,11,Debit Card,399
5308,27.0,Bangalore,inactive,Sports,35.0,34645.32,6900298.76,11.16,219,200,5,9,Debit Card,1505
5309,33.0,delhi,REGULAR,Electronics,8.0,17444.43,139555.44,5.93,253,104,11,7,net banking,893
5310,70.0,Hyderabad,premium,Electronics,45.0,32748.81,1473696.45,1.79,180,154,2,7,net banking,810
5311,28.0,delhi,new,furniture,49.0,12317.31,603548.19,10.76,106,78,16,42,Cash,204
5312,36.0,chennai,PREMIUM,groceries,38.0,32286.23,1226876.74,19.45,116,23,10,22,cash,748
5313,61.0,kolkata,Premium,Sports,2.0,25417.07,50834.14,18.53,174,118,10,0,Debit Card,254
5314,50.0,Delhi,NEW,ELECTRONICS,13.0,24814.61,322589.93,33.26,276,72,8,4,upi,1127
5315,58.0,Bangalore,Premium,electronics,43.0,10302.97,443027.71,27.08,126,130,11,43,debit card,1776
5316,24.0,Pune,regular,ELECTRONICS,40.0,11675.63,467025.2,47.55,144,83,14,2,credit card,992
5317,69.0,hyderabad,Regular,Clothing,32.0,33224.7,1063190.4,3.34,217,93,6,25,Credit Card,738
5318,36.0,pune,new,electronics,12.0,23912.59,286951.08,11.65,322,10,17,2,upi,367
5319,59.0,Kolkata,new,Groceries,27.0,42541.13,1148610.51,46.21,307,156,19,23,Credit Card,919
5320,62.0,Chennai,regular,electronics,33.0,21965.97,724877.01,41.04,6,157,11,24,upi,1799
5321,24.0,CHENNAI,NEW,ELECTRONICS,36.0,29071.6,1046577.6,43.18,362,5,15,20,net banking,912
5322,37.0,Delhi,REGULAR,Furniture,16.0,1606.87,25709.92,24.65,115,51,12,6,credit card,566
5323,55.0,Mumbai,NEW,Sports,38.0,20699.1,786565.8,28.94,265,176,12,7,cash,1002
5324,38.0,BANGALORE,NEW,groceries,14.0,12891.79,180485.06,15.86,141,152,12,14,debit card,1397
5325,61.0,mumbai,PREMIUM,Electronics,27.0,40556.11,1095014.97,38.39,294,171,4,10,UPI,1112
5326,67.0,Delhi,Premium,Electronics,13.0,40088.1,521145.3,17.48,31,170,17,12,Net Banking,784
5327,,Delhi,regular,sports,19.0,31046.73,589887.87,35.95,21,130,16,11,Debit Card,624
5328,53.0,Pune,Regular,electronics,39.0,41772.67,1629134.13,45.15,226,186,5,28,Net Banking,1066
5329,68.0,MUMBAI,regular,Electronics,32.0,29355.81,939385.92,34.28,97,36,16,5,net banking,212
5330,42.0,Kolkata,premium,GROCERIES,29.0,33440.75,969781.75,5.96,116,73,1,5,Credit Card,1036
5331,32.0,Hyderabad,premium,GROCERIES,20.0,16307.63,326152.6,37.84,134,28,15,20,Cash,165
5332,50.0,delhi,inactive,Furniture,1.0,1389.55,1389.55,3.11,8,24,7,0,Credit Card,1737
5333,61.0,mumbai,premium,clothing,36.0,29644.03,1067185.08,12.76,5,21,2,15,cash,1198
5334,28.0, Chennai ,REGULAR,Sports,41.0,28149.35,1154123.35,36.33,40,149,4,29,Net Banking,331
5335,35.0,DELHI,Regular,Sports,29.0,35678.65,1034680.85,47.53,166,97,2,16,debit card,903
5336,53.0,pune,premium,Groceries,45.0,31945.63,1437553.35,37.22,101,53,12,21,Cash,1586
5337,46.0,DELHI,new,Electronics,41.0,48153.52,1974294.32,5.21,264,119,3,38,CREDIT CARD,1458
5338,61.0,Chennai,NEW,Books,15.0,11527.63,172914.45,26.11,68,191,12,11,upi,278
5339,54.0,Kolkata,NEW,Sports,50.0,29242.18,1462109.0,27.17,37,35,12,25,upi,1429
5340,57.0,pune,premium,groceries,47.0,42367.98,1991295.06,42.2,81,187,14,28,cash,84
5341,61.0,kolkata,inactive,groceries,45.0,39344.94,1770522.3,17.75,152,138,13,23,Cash,951
5342,46.0,Bangalore,Inactive,GROCERIES,32.0,21967.42,702957.44,10.7,341,161,16,1,Credit Card,976
5343,,chennai,New,Furniture,9.0,10011.01,90099.09,36.55,244,61,7,9,Debit Card,601
5344,47.0,DELHI,premium,Sports,47.0,9197.77,432295.19,24.94,257,104,10,28,Credit Card,944
5345,33.0,Pune,REGULAR,clothing,26.0,649.52,16887.52,37.17,185,40,2,14,Debit Card,307
5346,22.0,Delhi,Regular,Electronics,41.0,16947.36,694841.76,39.91,349,144,18,10,cash,1070
5347,51.0,Chennai,PREMIUM,sports,50.0,33971.2,1698560.0,7.82,337,89,10,49,Net Banking,845
5348,57.0,MUMBAI,Premium,Furniture,34.0,27105.24,921578.16,24.91,351,9,14,4,cash,1261
5349,68.0,Chennai,New,ELECTRONICS,13.0,34406.93,447290.09,32.46,178,190,9,3,debit card,631
5350,57.0,CHENNAI,Inactive,books,32.0,15858.95,507486.4,42.5,2,164,17,18,net banking,1550
5351,43.0,Kolkata,premium,electronics,46.0,,1024528.56,38.56,151,157,16,40,UPI,1727
5352,55.0,BANGALORE,Regular,clothing,13.0,21413.44,278374.72,41.52,25,158,8,1,upi,319
5353,58.0,BANGALORE,new,ELECTRONICS,18.0,1036.39,18655.02,30.34,84,144,15,1,credit card,1490
5354,33.0,Mumbai,premium,Groceries,26.0,21480.39,558490.14,3.09,347,159,2,16,Net Banking,273
5355,47.0, Chennai ,Premium,clothing,22.0,35932.7,790519.4,28.61,307,41,1,15,credit card,1086
5356,56.0,Pune,inactive,Electronics,10.0,9037.46,90374.6,12.11,285,150,20,6,Credit Card,671
5357,20.0,MUMBAI,regular,groceries,7.0,43468.18,304277.26,31.7,243,61,9,1,Net Banking,1477
5358,34.0,CHENNAI,regular,groceries,23.0,18528.61,426158.03,16.38,94,64,6,10,UPI,1232
5359,22.0,Hyderabad,regular,sports,40.0,4812.69,192507.6,150.0,208,50,0,12,upi,439
5360,32.0,kolkata,New,sports,20.0,25694.09,513881.8,16.64,28,115,9,8,Debit Card,696
5361,29.0,Bangalore,inactive,Electronics,5.0,49139.56,245697.8,4.38,188,60,12,2,Net Banking,70
5362,69.0,BANGALORE,inactive,groceries,40.0,21636.65,865466.0,40.41,348,123,15,32,cash,232
5363,70.0,MUMBAI,regular,electronics,20.0,39939.41,798788.2,7.49,142,141,13,8,Cash,162
5364,61.0,Bangalore,Regular,Groceries,2.0,28751.66,57503.32,33.43,101,90,2,2,debit card,110
5365,42.0,MUMBAI,Inactive,ELECTRONICS,39.0,35700.55,1392321.45,31.85,207,94,3,13,CREDIT CARD,963
5366,-5.0,chennai,Premium,clothing,40.0,32946.66,1317866.4,5.19,89,110,8,15,net banking,573
5367,66.0,,Premium,sports,40.0,28265.31,1130612.4,28.79,82,166,0,23,Credit Card,1270
5368,24.0,BANGALORE,Regular,Clothing,37.0,33968.98,1256852.26,47.11,338,63,12,8,UPI,1223
5369,32.0,Mumbai,NEW,groceries,24.0,24735.08,593641.92,39.27,57,178,19,5,debit card,1205
5370,, Chennai ,PREMIUM,Furniture,50.0,37327.33,1866366.5,38.65,2,7,13,11,Debit Card,1582
5371,52.0, Chennai ,NEW,Clothing,42.0,31318.52,1315377.84,13.41,60,107,15,36,credit card,1040
5372,46.0,BANGALORE,premium,Sports,46.0,28867.84,1327920.64,0.39,318,22,3,30,CREDIT CARD,1285
5373,27.0,Delhi,Regular,sports,21.0,28467.52,597817.92,12.45,108,93,6,2,UPI,536
5374,40.0,Hyderabad,PREMIUM,sports,49.0,27398.82,1342542.18,23.02,71,184,9,22,cash,75
5375,67.0,delhi,Premium,furniture,17.0,5624.74,95620.58,39.67,341,128,2,13,net banking,369
5376,52.0,Pune,PREMIUM,electronics,35.0,32701.08,1144537.8,14.51,198,141,5,6,upi,428
5377,42.0,Mumbai,Inactive,GROCERIES,1.0,10990.72,10990.72,21.57,329,73,20,1,Debit Card,319
5378,63.0,mumbai,Regular,ELECTRONICS,9.0,12983.93,116855.37,42.8,103,116,17,3,upi,1079
5379,65.0,CHENNAI,PREMIUM,Groceries,17.0,5649.37,96039.29,17.12,70,134,15,17,debit card,1006
5380,40.0,Chennai,regular,clothing,30.0,14510.13,435303.9,4.51,218,80,6,8,debit card,189
5381,18.0,bangalore,new,furniture,20.0,33552.56,671051.2,1.68,354,83,5,11,Debit Card,391
5382,55.0,Delhi,inactive,ELECTRONICS,18.0,15295.86,275325.48,13.43,276,194,7,8,UPI,273
5383,54.0,pune,REGULAR,Groceries,1.0,37797.88,37797.88,32.6,310,116,15,1,debit card,1041
5384,26.0,Pune,premium,sports,21.0,33605.85,705722.85,1.38,220,109,5,11,Credit Card,242
5385,63.0,Hyderabad,PREMIUM,ELECTRONICS,2.0,15387.35,30774.7,32.97,230,114,3,1,Cash,1803
5386,36.0,Pune,new,ELECTRONICS,19.0,26140.68,496672.92,29.22,67,110,3,11,CREDIT CARD,1092
5387,66.0,Delhi,Premium,Groceries,49.0,21536.39,1055283.11,6.68,27,144,1,32,CREDIT CARD,73
5388,64.0,Kolkata,inactive,Furniture,1.0,29901.47,29901.47,25.72,94,44,1,0,UPI,392
5389,58.0, Chennai ,Premium,Sports,46.0,40175.91,1848091.86,13.69,74,51,20,22,cash,560
5390,49.0,,premium,Clothing,4.0,36622.92,146491.68,24.49,298,34,18,4,Credit Card,373
5391,38.0,CHENNAI,Premium,Electronics,44.0,45725.86,2011937.84,8.47,307,144,4,23,Net Banking,1201
5392,68.0,pune,NEW,Furniture,16.0,16981.43,6900298.76,30.62,342,65,6,5,upi,1647
5393,20.0,Delhi,PREMIUM,books,11.0,15332.64,168659.04,27.55,333,120,15,10,Credit Card,55
5394,32.0,Kolkata,NEW,electronics,32.0,5737.16,183589.12,17.36,195,139,10,9,debit card,810
5395,18.0,kolkata,NEW,Furniture,38.0,18774.33,713424.54,28.8,346,13,17,20,credit card,763
5396,23.0,mumbai,PREMIUM,Sports,33.0,21124.04,697093.32,19.16,24,6,18,29,debit card,1213
5397,35.0, Chennai ,premium,Books,29.0,5944.01,172376.29,49.62,32,61,12,9,net banking,1505
5398,49.0,Delhi,new,ELECTRONICS,45.0,17523.77,788569.65,33.66,340,199,0,6,CREDIT CARD,677
5399,56.0,pune,New,Furniture,18.0,26296.34,473334.12,10.19,118,179,4,18,cash,1438
5400,46.0,Pune,inactive,groceries,41.0,24766.8,1015438.8,16.76,337,48,18,21,cash,1301
5401,56.0,Bangalore,new,electronics,38.0,15449.98,587099.24,33.58,336,128,1,2,Net Banking,210
5402,56.0,CHENNAI,inactive,sports,48.0,46093.13,2212470.24,11.61,97,57,12,14,UPI,1308
5403,27.0, Chennai ,inactive,GROCERIES,12.0,10498.76,125985.12,0.55,174,193,20,1,UPI,686
5404,52.0,Pune,inactive,groceries,27.0,12756.36,344421.72,46.47,338,167,8,21,Debit Card,1139
5405,47.0,chennai,New,electronics,5.0,,87355.25,7.29,60,29,16,4,Cash,1680
5406,39.0,delhi,Inactive,sports,8.0,31386.09,251088.72,36.26,198,84,18,5,credit card,1004
5407,31.0,Delhi,New,Sports,25.0,21440.84,536021.0,27.44,143,58,2,6,Net Banking,570
5408,19.0,Chennai,premium,furniture,35.0,3375.61,118146.35,5.85,56,2,13,15,net banking,367
5409,29.0,delhi,regular,Clothing,11.0,19529.71,214826.81,38.65,292,188,10,1,cash,1082
5410,56.0,kolkata,premium,Sports,38.0,24612.37,935270.06,32.7,170,84,2,28,Cash,260
5411,40.0,DELHI,Regular,groceries,38.0,28123.49,1068692.62,39.52,329,55,8,23,Cash,1491
5412,34.0,Pune,Inactive,Clothing,2.0,48746.14,97492.28,14.18,140,13,16,0,Cash,172
5413,20.0,Chennai,New,furniture,21.0,20336.02,427056.42,27.05,309,138,6,6,Debit Card,205
5414,43.0,Kolkata,Inactive,Books,11.0,19773.17,217504.87,19.24,9,196,7,11,Credit Card,945
5415,40.0,Chennai,REGULAR,furniture,37.0,28560.67,1056744.79,32.77,221,72,0,33,credit card,153
5416,42.0,hyderabad,premium,Electronics,37.0,5675.59,209996.83,31.19,190,26,0,20,Cash,362
5417,19.0,Pune,New,Groceries,14.0,36354.0,508956.0,14.47,140,91,11,11,net banking,430
5418,56.0,MUMBAI,premium,Furniture,24.0,43451.78,1042842.72,36.54,198,188,10,8,Cash,533
5419,34.0,hyderabad,NEW,electronics,10.0,38563.61,385636.1,20.52,281,132,3,0,Net Banking,1315
5420,69.0,Pune,New,sports,41.0,33745.39,1383560.99,8.79,42,154,14,2,cash,1700
5421,31.0,Chennai,new,Sports,50.0,26499.45,1324972.5,23.21,217,33,7,45,CREDIT CARD,699
5422,39.0,kolkata,NEW,electronics,6.0,32517.76,195106.56,35.84,319,167,3,1,Net Banking,978
5423,44.0, Chennai ,REGULAR,books,7.0,27503.17,192522.19,22.49,258,69,9,2,debit card,826
5424,47.0,Hyderabad,Premium,Electronics,17.0,43556.03,740452.51,47.14,177,156,14,13,UPI,1047
5425,23.0,mumbai,REGULAR,clothing,20.0,43788.37,875767.4,27.25,226,146,11,2,Cash,830
5426,22.0,delhi,Inactive,books,40.0,1382.97,55318.8,42.25,338,181,8,1,Cash,73
5427,39.0,DELHI,inactive,clothing,20.0,42872.37,857447.4,21.14,333,191,11,4,credit card,892
5428,40.0,,NEW,books,40.0,23109.23,924369.2,38.8,112,150,1,29,upi,829
5429,65.0,BANGALORE,new,Groceries,45.0,8011.28,360507.6,12.84,153,47,0,15,credit card,1745
5430,67.0,Bangalore,new,furniture,38.0,24944.62,947895.56,20.22,178,143,2,6,CREDIT CARD,598
5431,41.0,chennai,new,GROCERIES,36.0,12072.32,434603.52,11.19,22,173,19,26,net banking,129
5432,24.0,pune,PREMIUM,ELECTRONICS,30.0,6428.23,192846.9,38.82,213,44,6,27,Cash,1353
5433,32.0,bangalore,PREMIUM,groceries,1.0,4700.89,4700.89,49.87,230,45,13,1,UPI,1064
5434,22.0,MUMBAI,PREMIUM,Books,28.0,5380.12,150643.36,16.77,134,35,14,27,Credit Card,198
5435,60.0,Pune,PREMIUM,Clothing,13.0,32482.53,422272.89,42.39,330,161,1,0,CREDIT CARD,694
5436,61.0,Delhi,Premium,clothing,47.0,20253.3,951905.1,36.71,9,200,14,6,net banking,1609
5437,63.0,bangalore,Regular,Clothing,8.0,38128.63,305029.04,17.01,152,179,16,3,UPI,1771
5438,44.0,mumbai,NEW,GROCERIES,22.0,10069.67,221532.74,5.32,261,67,17,7,Debit Card,805
5439,36.0,pune,PREMIUM,electronics,23.0,7930.55,182402.65,35.18,301,107,8,11,net banking,986
5440,66.0,CHENNAI,New,groceries,13.0,32648.49,424430.37,10.46,25,54,4,2,credit card,918
5441,66.0,Pune,NEW,Electronics,30.0,654.64,19639.2,25.59,43,180,10,10,Net Banking,568
5442,69.0,CHENNAI,PREMIUM,Books,49.0,18700.03,916301.47,8.92,279,140,6,44,Debit Card,624
5443,18.0,CHENNAI,new,furniture,46.0,4083.16,187825.36,45.08,137,179,10,40,UPI,999
5444,45.0,BANGALORE,Inactive,Books,46.0,19152.48,881014.08,17.19,211,116,3,6,Net Banking,281
5445,65.0,Mumbai,Premium,Clothing,20.0,48771.08,975421.6,34.5,246,178,8,3,cash,940
5446,39.0,BANGALORE,REGULAR,books,40.0,36195.32,1447812.8,8.64,3,13,4,11,debit card,395
5447,26.0,Delhi,new,electronics,26.0,49571.03,1288846.78,15.56,112,170,6,23,UPI,203
5448,69.0,hyderabad,inactive,sports,11.0,45933.15,505264.65,3.3,163,35,19,2,Net Banking,1570
5449,18.0,pune,Regular,sports,4.0,21372.8,85491.2,23.56,323,66,4,0,cash,1492
5450,62.0, Chennai ,premium,GROCERIES,49.0,41830.03,2049671.47,43.15,126,20,1,4,Credit Card,1284
5451,25.0,Chennai,inactive,Books,17.0,19921.86,338671.62,2.4,170,48,20,1,debit card,1228
5452,39.0,BANGALORE,New,Furniture,26.0,35648.29,926855.54,4.45,103,141,19,11,Debit Card,997
5453,61.0,mumbai,PREMIUM,GROCERIES,50.0,35448.06,1772403.0,26.46,294,47,19,0,CREDIT CARD,727
5454,68.0,MUMBAI,PREMIUM,clothing,18.0,26675.83,480164.94,27.22,12,126,13,13,UPI,977
5455,48.0,BANGALORE,REGULAR,clothing,14.0,28803.02,403242.28,48.13,85,142,18,1,debit card,897
5456,33.0,CHENNAI,PREMIUM,books,42.0,38674.72,1624338.24,17.12,122,67,14,16,Cash,1470
5457,61.0,CHENNAI,premium,groceries,3.0,36489.92,109469.76,13.27,239,140,3,1,CREDIT CARD,364
5458,31.0,delhi,inactive,clothing,41.0,28862.43,1183359.63,14.48,233,171,9,34,debit card,1105
5459,40.0,BANGALORE,Inactive,Books,48.0,15864.27,761484.96,48.53,42,180,8,11,credit card,1318
5460,41.0,hyderabad,PREMIUM,furniture,48.0,29528.04,1417345.92,12.84,195,184,1,30,credit card,479
5461,30.0,pune,premium,clothing,15.0,45224.74,678371.1,6.48,207,73,12,3,CREDIT CARD,463
5462,64.0,bangalore,REGULAR,clothing,24.0,37119.54,890868.96,47.56,76,86,18,24,credit card,1742
5463,31.0,hyderabad,PREMIUM,books,1.0,41292.99,41292.99,39.7,226,164,6,0,Cash,1415
5464,47.0,Pune,Premium,Clothing,40.0,30787.54,1231501.6,10.69,205,144,12,10,Credit Card,1493
5465,48.0,Bangalore,Regular,furniture,8.0,40928.31,327426.48,4.36,338,164,18,3,net banking,353
5466,51.0,pune,premium,Furniture,47.0,10932.98,513850.06,45.91,165,4,14,15,Cash,1054
5467,37.0,Pune,inactive,Groceries,22.0,1039.57,22870.54,1.84,261,31,11,3,cash,207
5468,34.0,Hyderabad,PREMIUM,GROCERIES,33.0,17016.6,561547.8,38.48,325,105,5,4,Net Banking,1476
5469,66.0,BANGALORE,PREMIUM,Sports,30.0,43839.49,1315184.7,8.86,118,130,3,30,debit card,581
5470,41.0,Hyderabad,REGULAR,electronics,46.0,42371.04,1949067.84,13.43,309,116,10,13,cash,101
5471,22.0,DELHI,regular,groceries,48.0,11015.24,528731.52,27.2,165,84,9,21,Credit Card,212
5472,26.0,Mumbai,PREMIUM,electronics,40.0,48718.54,1948741.6,39.99,332,129,9,35,credit card,448
5473,23.0,Mumbai,Premium,Groceries,39.0,12629.78,492561.42,27.68,267,159,7,1,Cash,1466
5474,27.0,mumbai,PREMIUM,sports,,8663.58,25990.74,47.73,159,18,15,0,upi,1632
5475,55.0,hyderabad,Premium,books,44.0,20490.95,901601.8,26.52,357,141,5,35,CREDIT CARD,804
5476,63.0,Hyderabad,new,clothing,4.0,34342.08,137368.32,0.92,4,154,15,3,Debit Card,701
5477,62.0,DELHI,Inactive,Sports,27.0,9671.73,261136.71,33.29,307,90,18,0,credit card,319
5478,23.0,,REGULAR,Groceries,13.0,3063.94,39831.22,8.09,114,65,6,6,debit card,826
5479,45.0,pune,Regular,GROCERIES,4.0,21596.43,86385.72,31.73,223,77,9,0,Debit Card,1319
5480,23.0,delhi,NEW,ELECTRONICS,12.0,6416.3,76995.6,30.98,134,85,15,2,Credit Card,1793
5481,40.0,bangalore,REGULAR,Clothing,11.0,5490.85,60399.35,40.52,333,200,17,5,UPI,679
5482,18.0,Mumbai,New,books,39.0,14614.5,569965.5,18.37,181,134,6,25,Credit Card,977
5483,28.0,Mumbai,NEW,Furniture,19.0,39194.69,744699.11,28.83,297,39,17,17,upi,1825
5484,42.0,kolkata,Inactive,Furniture,1.0,5348.88,5348.88,20.0,348,88,5,1,debit card,668
5485,64.0,MUMBAI,Premium,Groceries,12.0,,398183.88,37.34,218,27,8,12,credit card,915
5486,68.0,Delhi,inactive,GROCERIES,2.0,23294.9,46589.8,8.09,134,181,4,0,Credit Card,1821
5487,60.0,bangalore,Premium,ELECTRONICS,42.0,31216.56,1311095.52,40.2,3,114,18,39,Debit Card,1263
5488,46.0,Kolkata,NEW,Furniture,6.0,2833.91,17003.46,13.13,190,150,3,2,Cash,80
5489,65.0,bangalore,regular,ELECTRONICS,19.0,28028.41,532539.79,22.36,145,163,1,9,credit card,1602
5490,37.0,Kolkata,premium,clothing,1.0,34154.23,34154.23,42.98,266,119,15,1,credit card,692
5491,62.0,BANGALORE,Inactive,furniture,11.0,7123.14,78354.54,5.73,331,52,14,10,Cash,99
5492,58.0,CHENNAI,New,Furniture,34.0,14456.63,491525.42,0.69,358,123,12,15,Debit Card,53
5493,67.0,pune,regular,GROCERIES,50.0,32235.72,1611786.0,5.0,53,81,20,36,CREDIT CARD,1601
5494,50.0,DELHI,PREMIUM,GROCERIES,25.0,24771.46,619286.5,42.09,143,27,13,10,Debit Card,1624
5495,46.0,delhi,New,sports,25.0,38284.39,957109.75,22.04,176,108,6,21,Net Banking,237
5496,42.0,DELHI,Regular,groceries,5.0,32826.34,164131.7,35.3,49,104,16,2,Cash,1690
5497,41.0,Mumbai,regular,electronics,32.0,,202387.84,26.11,155,126,17,10,UPI,863
5498,58.0,Delhi,regular,sports,48.0,10598.99,508751.52,16.23,6,32,2,1,CREDIT CARD,1377
5499,69.0,Pune,NEW,Clothing,45.0,6302.54,283614.3,13.4,342,198,2,17,credit card,139
5500,23.0,CHENNAI,PREMIUM,Electronics,6.0,32523.94,195143.64,40.61,240,67,17,0,UPI,1436
4748,,MUMBAI,PREMIUM,Books,20.0,1974.06,39481.2,23.57,264,22,19,11,Cash,1058
1200,,kolkata,New,GROCERIES,40.0,45050.2,1802008.0,48.62,330,40,18,32,UPI,1101
5223,,pune,Regular,Books,24.0,28699.08,688777.92,24.53,302,48,13,5,UPI,1507
4548,,hyderabad,NEW,GROCERIES,4.0,22025.86,88103.44,32.53,343,98,9,2,CREDIT CARD,1066
1863,,mumbai,inactive,Electronics,5.0,31326.09,156630.45,32.6,50,35,2,1,debit card,180
3215,,CHENNAI,Premium,electronics,2.0,9362.44,18724.88,24.46,23,124,17,0,cash,1819
231,,mumbai,Inactive,Clothing,37.0,41815.2,1547162.4,19.46,277,85,12,8,credit card,1055
34,,Pune,New,furniture,48.0,8150.39,391218.72,46.49,84,46,13,1,CREDIT CARD,1538
3472,,Chennai,regular,sports,18.0,47429.73,853735.14,12.93,180,108,14,15,credit card,774
3723,,delhi,PREMIUM,Clothing,50.0,26479.18,1323959.0,9.75,137,191,8,0,Net Banking,186
945,,chennai,Regular,clothing,6.0,48844.83,293068.98,28.24,289,124,1,0,UPI,220
1303,,DELHI,Regular,Sports,48.0,45729.94,2195037.12,20.46,6,107,13,24,debit card,1755
372,,bangalore,new,electronics,7.0,38086.34,266604.38,11.09,175,91,20,4,net banking,1099
933,,Bangalore,PREMIUM,Books,42.0,46119.44,1937016.48,19.16,282,128,17,34,Net Banking,1120
3910,,BANGALORE,Inactive,Furniture,29.0,20035.78,581037.62,38.51,83,194,18,11,Net Banking,1651
1515,,bangalore,NEW,clothing,45.0,5392.31,242653.95,43.1,265,80,12,1,credit card,1191
3455,,Kolkata,Premium,electronics,11.0,14297.61,157273.71,10.64,57,111,8,5,cash,1402
5014,,hyderabad,New,Groceries,7.0,49923.44,349464.08,11.15,173,46,18,4,Cash,795
9,,BANGALORE,inactive,GROCERIES,10.0,13611.57,136115.7,12.33,288,138,8,9,upi,1225
2104,,CHENNAI,new,books,24.0,32736.82,785683.68,24.5,311,31,15,3,upi,366
1631,,Bangalore,Inactive,Furniture,27.0,39718.63,1072403.01,22.49,227,72,9,27,CREDIT CARD,313
2147,,MUMBAI,NEW,sports,23.0,1011.01,23253.23,28.62,117,119,5,6,debit card,897
3253,,MUMBAI,Regular,Groceries,43.0,24440.89,1050958.27,48.53,213,107,16,3,net banking,1710
590,,Mumbai,REGULAR,books,14.0,38329.28,536609.92,29.65,172,17,3,4,CREDIT CARD,1581
3308,,Chennai,NEW,electronics,42.0,23633.99,992627.58,2.45,101,35,15,25,cash,374
578,,BANGALORE,PREMIUM,Sports,32.0,5867.31,187753.92,27.03,221,56,19,6,Net Banking,1495
5290,,DELHI,PREMIUM,groceries,19.0,16206.01,307914.19,36.26,220,60,18,8,upi,1112
4687,,Pune,regular,ELECTRONICS,17.0,38955.8,662248.6,23.98,330,172,5,17,Credit Card,1388
849,,Bangalore,Regular,Groceries,43.0,20224.33,869646.19,30.54,183,85,3,0,Net Banking,1812
4693,,Chennai,inactive,ELECTRONICS,28.0,3127.16,87560.48,15.29,239,103,19,20,Net Banking,1284
2119,,Delhi,PREMIUM,ELECTRONICS,23.0,47877.36,1101179.28,12.36,89,2,5,7,UPI,167
4059,,DELHI,PREMIUM,Furniture,33.0,15345.53,506402.49,12.12,246,62,9,20,Credit Card,1535
2553,,bangalore,PREMIUM,electronics,17.0,35088.09,596497.53,4.99,26,122,0,14,credit card,918
545,,DELHI,inactive,Sports,46.0,38441.43,1768305.78,23.53,115,37,19,16,UPI,832
1965,,pune,inactive,clothing,11.0,34222.76,376450.36,17.31,365,81,3,6,credit card,1058
1003,,Chennai,inactive,Clothing,30.0,41016.32,1230489.6,9.4,54,88,6,26,Cash,1589
448,,Bangalore,regular,Groceries,24.0,28237.33,677695.92,46.59,132,89,0,13,credit card,749
2421,,chennai,regular,Furniture,50.0,46912.24,2345612.0,17.91,95,39,1,26,credit card,1405
4182,,hyderabad,NEW,books,48.0,49697.98,2385503.04,47.89,185,165,10,47,Debit Card,425
4525,,CHENNAI,regular,Electronics,36.0,9866.35,355188.6,32.1,21,153,1,25,Debit Card,516
3241,, Chennai ,inactive,Books,22.0,1237.2,27218.4,35.43,151,132,17,9,Cash,1544
1922,,Bangalore,regular,Furniture,35.0,3395.14,118829.9,15.47,157,8573,4,0,Credit Card,1657
4472,,Kolkata,inactive,ELECTRONICS,2.0,41497.54,82995.08,27.87,339,6,11,1,Credit Card,194
5343,,chennai,New,Furniture,9.0,10011.01,90099.09,36.55,244,61,7,9,Debit Card,601
5370,, Chennai ,PREMIUM,Furniture,50.0,37327.33,1866366.5,38.65,2,7,13,11,Debit Card,1582
2859,,Delhi,Regular,Sports,43.0,26189.65,1126154.95,33.18,209,180,10,23,CREDIT CARD,498
2949,,hyderabad,new,sports,18.0,9500.64,171011.52,38.97,162,74,19,17,UPI,1035
352,,Mumbai,REGULAR,GROCERIES,23.0,37630.72,865506.56,8.24,207,5,7,7,CREDIT CARD,462
2178,,CHENNAI,new,sports,35.0,6026.48,210926.8,23.57,3,99,20,24,cash,585
2623,,Kolkata,new,clothing,32.0,48326.33,1546442.56,42.93,314,70,9,15,debit card,1748
2060,,kolkata,regular,Furniture,37.0,24426.95,903797.15,15.07,75,33,7,20,debit card,1692
3668,,Chennai,inactive,ELECTRONICS,2.0,45167.87,90335.74,45.16,325,183,6,2,net banking,235
1778,-5.0,kolkata,Regular,Groceries,10.0,21323.5,213235.0,3.02,140,140,13,0,upi,947
4679,,MUMBAI,Regular,sports,2.0,6566.84,13133.68,22.74,196,87,11,2,upi,1362
4929,,Bangalore,Premium,ELECTRONICS,46.0,14133.03,650119.38,36.94,43,133,4,20,debit card,1333
3244,,CHENNAI,Premium,Furniture,49.0,35734.38,1750984.62,33.2,229,113,10,19,Net Banking,1602
1034,, Chennai ,NEW,electronics,16.0,10612.54,169800.64,23.69,259,114,12,1,credit card,644
3045,,delhi,REGULAR,Groceries,8.0,10972.86,87782.88,38.46,295,108,0,3,debit card,1093
5327,,Delhi,regular,sports,19.0,31046.73,589887.87,35.95,21,130,16,11,Debit Card,624
80,,Pune,new,groceries,4.0,9785.34,39141.36,18.09,256,161,14,0,Debit Card,576
1048,,MUMBAI,Regular,furniture,31.0,25292.09,784054.79,17.82,287,36,2,28,upi,1310
1336,, Chennai ,Premium,Books,9.0,40408.22,363673.98,5.35,39,46,11,1,CREDIT CARD,1201
4379,,mumbai,Inactive,books,46.0,38680.83,1779318.18,2.65,213,73,2,0,Debit Card,189
4230,,Delhi,premium,GROCERIES,21.0,44912.8,943168.8,40.79,77,175,7,4,debit card,510
1438,,Delhi,New,clothing,11.0,26265.14,288916.54,11.59,48,159,1,9,cash,1633
927,,Hyderabad,PREMIUM,Electronics,15.0,1688.04,25320.6,21.36,76,91,20,9,Debit Card,1431
3008,,delhi,inactive,groceries,32.0,37432.49,1197839.68,10.36,365,8573,19,4,CREDIT CARD,610
2544,,delhi,REGULAR,Electronics,1.0,40538.79,40538.79,8.88,68,199,20,1,net banking,529
1074,,chennai,regular,clothing,2.0,34080.2,68160.4,42.87,181,139,1,2,Debit Card,746
890,,CHENNAI,PREMIUM,furniture,4.0,4686.96,18747.84,14.29,253,3,13,4,CREDIT CARD,1012
2438,,hyderabad,Regular,books,24.0,3648.88,87573.12,7.22,94,72,10,11,Debit Card,1684
4303,-5.0,Hyderabad,Premium,Groceries,47.0,31549.73,1482837.31,29.15,242,2,5,43,debit card,411
291,,kolkata,Regular,groceries,32.0,48078.66,1538517.12,48.63,73,183,8,5,Credit Card,504
2413,,Mumbai,regular,ELECTRONICS,14.0,15423.34,215926.76,0.24,17,71,2,7,CREDIT CARD,660
2583,,Bangalore,New,Clothing,50.0,3109.7,155485.0,12.12,241,154,12,33,cash,1539
5273,,delhi,REGULAR,groceries,10.0,23972.21,239722.1,45.04,98,120,1,10,CREDIT CARD,561
2228,,mumbai,PREMIUM,Electronics,21.0,11681.57,245312.97,45.25,348,2,15,15,debit card,774
2930,, Chennai ,inactive,books,30.0,23551.74,706552.2,19.4,352,164,6,10,cash,82
2407,,Chennai,NEW,Books,18.0,9735.34,175236.12,44.74,1,108,19,13,Cash,1335
2292,,Hyderabad,new,Groceries,40.0,18582.33,743293.2,47.43,337,80,2,32,upi,1541
5027,,Pune,New,Books,33.0,22075.82,728502.06,41.79,110,114,16,23,Net Banking,977
3077,,pune,Inactive,Electronics,40.0,20750.43,830017.2,20.29,10,38,17,27,UPI,1502
2229,,delhi,regular,GROCERIES,47.0,35062.08,1647917.76,39.5,273,174,4,40,Debit Card,193
1613,,BANGALORE,premium,furniture,5.0,36110.73,180553.65,33.18,237,127,19,4,Net Banking,817
3063,,bangalore,New,ELECTRONICS,31.0,17468.35,541518.85,25.02,7,29,13,4,cash,945
426,,Kolkata,PREMIUM,Groceries,36.0,27968.11,1006851.96,12.69,158,148,11,25,CREDIT CARD,1781
706,,chennai,NEW,Groceries,30.0,33983.78,1019513.4,32.38,80,127,16,20,cash,1104
5136,,chennai,premium,Sports,,32123.93,256991.44,38.08,52,54,5,0,net banking,641
1880,,Pune,PREMIUM,ELECTRONICS,15.0,2863.34,42950.1,16.41,216,33,19,15,Debit Card,1208
3404,, Chennai ,premium,Sports,13.0,3429.8,44587.4,25.58,148,63,4,3,credit card,1697
4609,,kolkata,Regular,Clothing,50.0,25060.6,1253030.0,26.04,156,167,15,48,debit card,326
1618,,pune,New,Clothing,9.0,17974.49,161770.41,40.76,151,48,20,3,cash,302
1878,,DELHI,regular,Books,5.0,39689.5,198447.5,15.27,63,102,18,4,Cash,530
4012,, Chennai ,New,ELECTRONICS,18.0,22713.91,408850.38,34.64,66,77,13,17,debit card,1009
4094,,hyderabad,regular,Books,45.0,3192.06,143642.7,26.19,296,27,5,43,Credit Card,737
2944,,Chennai,New,electronics,30.0,38776.32,1163289.6,1.86,330,119,0,29,credit card,727
3579,,mumbai,premium,Sports,36.0,26808.19,965094.84,14.96,321,197,9,24,Debit Card,1065
1823,,MUMBAI,Regular,furniture,27.0,17517.6,472975.2,15.12,310,97,5,14,Debit Card,295
2572,,Bangalore,New,books,16.0,5188.29,83012.64,20.4,49,44,19,14,UPI,1735
280,,Pune,NEW,furniture,10.0,14234.65,142346.5,15.5,262,53,4,8,UPI,830
