customer_id,age,customer_segment,product_category,payment_type,average_order_value,discount_percentage,customer_tenure_days,return_rate,purchase_frequency,engagement_score,support_ticket_rate,churn
1,58.0,Premium,Sports,Cash,12622.15,6.98,894,0.1111111111111111,0.020134228187919462,3.2830188679245285,0.9444444444444444,0
2,20.0,Premium,Clothing,Debit Card,25515.09,1.33,949,0.8666666666666667,0.015806111696522657,1.803921568627451,1.3333333333333333,0
3,55.0,Premium,Books,Credit Card,35057.9,17.01,808,0.09090909090909091,0.013613861386138614,0.7,0.9090909090909091,0
4,24.0,Regular,Furniture,Net Banking,40452.85,36.49,630,0.11764705882352941,0.026984126984126985,0.11636363636363636,0.7058823529411765,1
5,58.0,Inactive,Clothing,Upi,3942.98,33.06,599,0.13043478260869565,0.07679465776293823,0.14093959731543623,0.15217391304347827,0
6,47.0,Premium,Groceries,Cash,10870.6,13.35,380,0.8260869565217391,0.060526315789473685,0.4742857142857143,0.08695652173913043,0
7,52.0,Premium,Groceries,Upi,13862.42,46.27,1756,0.84,0.014236902050113895,0.40509915014164305,0.28,0
8,67.0,Regular,Books,Debit Card,40349.77,20.06,1372,0.6666666666666666,0.002186588921282799,1.6176470588235294,6.0,0
9,44.0,Inactive,Groceries,Upi,13611.57,12.33,1225,0.9,0.00816326530612245,0.4791666666666667,0.8,0
10,43.0,Regular,Electronics,Cash,24929.03,37.79,894,0.30303030303030304,0.03691275167785235,0.7017543859649122,0.6060606060606061,0
11,56.0,New,Groceries,Debit Card,49808.01,26.46,1604,0.8717948717948718,0.024314214463840397,0.01056338028169014,0.07692307692307693,0
12,59.0,Premium,Clothing,Credit Card,8328.81,0.16,1812,0.5714285714285714,0.01545253863134658,0.9555555555555556,0.17857142857142858,0
13,58.0,Inactive,Furniture,Cash,10346.1,18.7,693,0.0,0.05627705627705628,1.6746987951807228,0.41025641025641024,0
14,49.0,Premium,Groceries,Credit Card,12352.89,12.04,1587,0.75,0.01260239445494644,0.07216494845360824,0.1,1
15,52.0,Premium,Sports,Net Banking,47369.01,8.26,1576,0.41935483870967744,0.01967005076142132,0.5756457564575646,0.41935483870967744,0
16,64.0,Regular,Groceries,Debit Card,32668.96,21.91,161,0.3488372093023256,0.2670807453416149,0.4377358490566038,0.06976744186046512,0
17,39.0,Inactive,Furniture,Credit Card,29627.79,0.36,94,0.4666666666666667,0.1595744680851064,0.4462809917355372,0.06666666666666667,0
18,39.0,New,Clothing,Net Banking,33614.4,10.71,527,1.0,0.03415559772296015,2.735294117647059,1.0,0
19,68.0,New,Clothing,Cash,5298.08,21.55,1368,0.0,0.005116959064327485,0.48847926267281105,2.0,0
20,59.0,Premium,Groceries,Net Banking,17295.48,100.0,317,0.723404255319149,0.14826498422712933,0.390625,0.1276595744680851,0
21,45.0,Regular,Groceries,Credit Card,43787.05,3.77,1573,0.0,0.010171646535282899,0.09219858156028368,0.0625,1
22,33.0,New,Groceries,Upi,11080.49,20.05,573,0.0,0.05410122164048865,1.3870967741935485,0.3870967741935484,0
23,68.0,Regular,Groceries,Debit Card,47887.22,49.77,637,0.2,0.0706436420722135,0.5964912280701754,0.3333333333333333,0
24,31.0,Inactive,Sports,Net Banking,25545.48,15.68,352,0.9142857142857143,0.09943181818181818,5.769230769230769,0.42857142857142855,0
25,21.0,Premium,Books,Debit Card,3891.81,3.4,1215,0.75,0.009876543209876543,0.859504132231405,0.25,0
26,56.0,Inactive,Electronics,Upi,33039.97,28.26,518,0.7777777777777778,0.052123552123552123,0.41358024691358025,0.2222222222222222,0
27,34.0,Premium,Sports,Cash,15349.86,15.81,234,0.9285714285714286,0.1794871794871795,0.07894736842105263,0.3333333333333333,0
28,22.0,Regular,Furniture,Credit Card,7056.6,17.45,927,0.5294117647058824,0.018338727076591153,1.75,0.6470588235294118,0
29,52.0,Inactive,Books,Debit Card,26682.56,33.39,266,0.19047619047619047,0.15789473684210525,0.2711267605633803,0.07142857142857142,0
30,24.0,Premium,Clothing,Net Banking,30439.08,35.88,1030,0.42105263157894735,0.018446601941747572,1.6761904761904762,1.0526315789473684,0
31,34.0,Premium,Sports,Debit Card,41552.73,2.2,360,0.7142857142857143,0.07777777777777778,1.1578947368421053,0.14285714285714285,0
32,65.0,New,Sports,Upi,28264.89,5.59,1222,0.03571428571428571,0.022913256955810146,0.11016949152542373,0.6071428571428571,0
33,53.0,New,Electronics,Cash,15758.79,44.95,240,0.3333333333333333,0.0125,4.380952380952381,2.0,0
34,44.0,New,Furniture,Credit Card,8150.39,46.49,1538,0.020833333333333332,0.031209362808842653,0.5476190476190477,0.2708333333333333,0
35,39.0,Inactive,Books,Net Banking,40632.09,13.34,485,0.041666666666666664,0.09896907216494845,0.07777777777777778,0.25,0
36,30.0,Regular,Clothing,Debit Card,11534.72,33.0,749,0.13333333333333333,0.020026702269692925,0.4146341463414634,0.5333333333333333,1
37,59.0,New,Sports,Credit Card,16891.92,1.38,252,0.45714285714285713,0.1388888888888889,0.34328358208955223,0.5142857142857142,0
38,56.0,Regular,Sports,Debit Card,22101.5,49.21,120,0.2857142857142857,0.175,1.65,0.8571428571428571,0
39,63.0,Premium,Furniture,Credit Card,34499.43,47.01,1390,0.7714285714285715,0.025179856115107913,0.14825581395348839,0.3142857142857143,0
40,39.0,Inactive,Books,Upi,36127.84,15.02,1457,0.625,0.00549073438572409,1.0754716981132075,1.625,0
41,36.0,Premium,Clothing,Upi,33414.01,100.0,1152,0.3333333333333333,0.0234375,1.7555555555555555,0.6666666666666666,0
42,18.0,Regular,Clothing,Cash,39395.06,30.33,467,0.5,0.059957173447537475,0.7272727272727273,0.5,0
43,50.0,Premium,Sports,Debit Card,14547.43,33.19,1407,1.0,0.0042643923240938165,0.27044025157232704,0.3333333333333333,1
44,37.0,Regular,Electronics,Upi,2787.58,49.2,1319,0.5,0.001516300227445034,0.6293929712460063,1.0,0
45,54.0,New,Groceries,Upi,12577.23,32.8,478,0.9230769230769231,0.05439330543933055,64.33333333333333,0.11538461538461539,0
46,29.0,New,Electronics,Net Banking,12835.31,42.42,1249,0.9166666666666666,0.028823058446757407,0.14957264957264957,0.3888888888888889,0
47,38.0,Inactive,Books,Net Banking,44655.0,21.34,951,1.0,0.04942166140904311,0.4092526690391459,0.10638297872340426,0
48,34.0,Inactive,Clothing,Debit Card,38994.9,24.23,510,0.08,0.09803921568627451,0.5772357723577236,0.28,0
49,35.0,Regular,Furniture,Upi,7349.52,11.56,864,0.0,0.006944444444444444,0.11235955056179775,1.0,1
50,39.0,New,Groceries,Upi,10738.3,21.01,1006,1.0,0.003976143141153081,0.5966666666666667,0.0,0
51,18.0,Regular,Books,Cash,42745.67,47.67,481,1.0,0.05197505197505198,0.641860465116279,0.68,0
52,49.0,Regular,Groceries,Credit Card,1936.73,16.81,1304,0.90625,0.024539877300613498,0.2988505747126437,0.15625,0
53,52.0,New,Furniture,Credit Card,33318.49,4.2,562,0.2972972972972973,0.06583629893238434,0.1590909090909091,0.3783783783783784,0
54,42.0,Regular,Groceries,Credit Card,17206.28,43.98,993,0.38095238095238093,0.021148036253776436,1.3496503496503496,0.6190476190476191,0
55,19.0,Premium,Groceries,Debit Card,32682.13,39.06,1748,0.4666666666666667,0.008581235697940504,0.03293413173652695,0.0,1
56,19.0,Regular,Electronics,Credit Card,33638.21,28.2,1270,0.7419354838709677,0.024409448818897637,1.0714285714285714,0.25806451612903225,0
57,56.0,Premium,Clothing,Debit Card,29144.89,46.44,185,0.8571428571428571,0.03783783783783784,0.5898305084745763,1.7142857142857142,0
58,55.0,Premium,Sports,Net Banking,15428.34,34.21,907,0.44,0.05512679162072767,2.338709677419355,0.02,0
59,60.0,Premium,Furniture,Cash,17390.94,42.48,1727,0.5476190476190477,0.024319629415170817,0.11155378486055777,0.30952380952380953,0
60,47.0,New,Electronics,Upi,26326.46,100.0,1721,0.6170212765957447,0.027309703660662404,0.43670886075949367,0.3191489361702128,0
61,64.0,Regular,Groceries,Upi,41621.19,4.33,88,0.75,0.18181818181818182,0.2727272727272727,0.875,1
62,49.0,Premium,Groceries,Credit Card,18063.84,12.92,1088,0.5714285714285714,0.012867647058823529,1.0625,0.5714285714285714,0
63,30.0,Regular,Sports,Net Banking,24684.6,37.91,947,0.8148148148148148,0.028511087645195353,0.3446327683615819,0.7407407407407407,0
64,68.0,Premium,Clothing,Net Banking,20517.86,12.17,1117,1.0,0.01342882721575649,0.43823529411764706,0.7333333333333333,0
65,40.0,New,Groceries,Debit Card,35291.32,13.55,676,1.0,0.034023668639053255,0.46511627906976744,0.13043478260869565,0
66,25.0,Premium,Clothing,Debit Card,37060.93,13.82,235,0.6428571428571429,0.059574468085106386,0.6456953642384106,1.1428571428571428,0
67,30.0,Regular,Groceries,Net Banking,15462.25,35.4,628,0.0,0.01910828025477707,1.0923076923076922,0.08333333333333333,0
68,62.0,Inactive,Books,Net Banking,24798.5,43.64,727,0.6122448979591837,0.06740027510316368,0.24829931972789115,0.30612244897959184,0
69,29.0,Regular,Books,Credit Card,6147.31,3.27,335,0.0967741935483871,0.09253731343283582,0.07539682539682539,0.5806451612903226,0
70,69.0,Regular,Electronics,Net Banking,6363.35,38.22,809,0.4375,0.019777503090234856,0.4919614147909968,1.1875,0
71,46.0,Regular,Books,Debit Card,49506.55,15.27,1311,0.15789473684210525,0.028985507246376812,0.050314465408805034,0.5,0
72,31.0,Inactive,Electronics,Cash,12373.33,27.6,992,0.6363636363636364,0.011088709677419355,0.012345679012345678,1.1818181818181819,0
73,36.0,Regular,Clothing,Cash,14494.56,42.98,1237,0.34782608695652173,0.037186742118027485,4.756756756756757,0.15217391304347827,0
74,60.0,New,Electronics,Credit Card,11628.07,7.45,1653,0.08571428571428572,0.02117362371445856,0.27007299270072993,0.05714285714285714,0
75,37.0,Regular,Groceries,Net Banking,23700.55,15.2,926,1.0,0.008639308855291577,0.33816425120772947,2.0,1
76,23.0,New,Sports,Credit Card,30383.83,1.29,1596,0.8571428571428571,0.013157894736842105,1.4661016949152543,0.8571428571428571,0
77,61.0,Inactive,Electronics,Cash,37935.31,23.53,922,0.22448979591836735,0.05314533622559653,0.3413173652694611,0.16326530612244897,0
78,58.0,Premium,Groceries,Net Banking,20713.23,16.05,620,0.5652173913043478,0.037096774193548385,0.7777777777777778,0.43478260869565216,0
79,60.0,New,Electronics,Net Banking,4858.96,12.62,1719,0.9,0.017452006980802792,3.3,0.4,0
80,44.0,New,Groceries,Debit Card,9785.34,18.09,576,0.0,0.006944444444444444,0.62890625,3.5,0
81,53.0,Regular,Groceries,Credit Card,25545.48,1.44,666,1.0,0.06756756756756757,0.48297213622291024,0.15555555555555556,0
82,53.0,New,Groceries,Credit Card,11622.68,42.07,1050,0.8333333333333334,0.005714285714285714,2.016949152542373,0.5,0
83,63.0,New,Sports,Credit Card,21066.77,24.12,815,0.9444444444444444,0.022085889570552148,0.2603305785123967,0.7777777777777778,1
84,30.0,Premium,Books,Credit Card,14174.25,39.5,609,0.4,0.008210180623973728,0.4131455399061033,3.2,1
85,64.0,Inactive,Furniture,Net Banking,24737.2,7.43,1592,0.4883720930232558,0.02701005025125628,0.4492753623188406,0.2558139534883721,0
86,52.0,New,Groceries,Upi,49048.34,11.94,1555,0.0,0.008360128617363344,0.30456852791878175,1.0,1
87,48.0,New,Sports,Upi,49050.5,24.77,1811,0.8809523809523809,0.02319160684704583,1.736842105263158,0.38095238095238093,0
88,24.0,Premium,Furniture,Debit Card,1259.71,7.21,723,0.5,0.04149377593360996,0.11904761904761904,0.06666666666666667,0
89,57.0,Inactive,Electronics,Net Banking,42690.9,42.97,1816,1.0,0.012114537444933921,0.4205128205128205,0.9090909090909091,1
90,52.0,Inactive,Electronics,Credit Card,31742.47,46.05,1587,0.8125,0.010081915563957152,1.641025641025641,0.125,0
91,58.0,New,Electronics,Upi,15323.57,1.45,912,0.4888888888888889,0.049342105263157895,0.08982035928143713,0.2,0
92,27.0,New,Groceries,Cash,34249.12,9.0,1429,0.6486486486486487,0.02589223233030091,0.23333333333333334,0.5135135135135135,0
93,33.0,Inactive,Electronics,Debit Card,23326.92,12.7,1417,0.9333333333333333,0.01058574453069866,1.3053435114503817,0.0,0
94,52.0,Premium,Groceries,Debit Card,49388.76,14.96,437,0.6086956521739131,0.05263157894736842,0.8119266055045872,0.34782608695652173,0
95,42.0,Premium,Clothing,Upi,28810.17,28.74,592,0.84,0.04222972972972973,0.2116991643454039,0.0,1
96,18.0,Inactive,Books,Upi,48693.34,45.53,478,0.7916666666666666,0.100418410041841,0.2901960784313726,0.14583333333333334,0
97,58.0,Inactive,Clothing,Cash,37901.08,38.37,1353,0.13636363636363635,0.032520325203252036,0.10315186246418338,0.45454545454545453,0
98,20.0,New,Electronics,Debit Card,18560.63,6.57,300,0.2894736842105263,0.12666666666666668,0.5526315789473685,0.34210526315789475,0
99,68.0,Regular,Furniture,Credit Card,45717.61,41.52,989,0.6363636363636364,0.033367037411526794,0.9393939393939394,0.2727272727272727,0
100,22.0,Regular,Books,Credit Card,36348.73,49.0,571,0.5681818181818182,0.07705779334500876,0.32867132867132864,0.045454545454545456,0
101,52.0,New,Groceries,Cash,37576.07,13.11,508,0.13636363636363635,0.08661417322834646,0.8367346938775511,0.25,0
102,48.0,Inactive,Furniture,Cash,45805.17,11.07,866,0.42857142857142855,0.02424942263279446,4.9393939393939394,0.6666666666666666,0
103,25.0,Premium,Electronics,Net Banking,49798.41,5.81,789,0.6,0.025348542458808618,1.140495867768595,0.2,0
104,60.0,New,Furniture,Upi,36466.66,44.27,602,0.8125,0.07973421926910298,0.07738095238095238,0.3125,0
105,20.0,Regular,Groceries,Cash,47552.48,42.77,764,0.5862068965517241,0.03795811518324607,3.450980392156863,0.3793103448275862,0
106,21.0,Regular,Clothing,Credit Card,47476.03,41.21,1641,0.0,0.004875076173065204,3.617021276595745,0.75,0
107,39.0,Premium,Books,Debit Card,10657.68,41.49,702,0.35135135135135137,0.05270655270655271,0.19014084507042253,0.4864864864864865,0
108,67.0,Inactive,Electronics,Credit Card,42991.1,7.23,1383,0.0,0.018799710773680405,2.074626865671642,0.3076923076923077,0
109,19.0,Premium,Groceries,Net Banking,29648.22,0.79,262,0.8125,0.061068702290076333,0.10294117647058823,0.25,0
110,65.0,New,Groceries,Credit Card,18420.93,29.68,1519,0.78,0.032916392363396975,0.5560344827586207,0.14,0
111,68.0,Regular,Groceries,Net Banking,48219.3,3.04,1488,0.14285714285714285,0.028225806451612902,0.4186991869918699,0.30952380952380953,0
112,46.0,Premium,Groceries,Upi,7842.52,6.31,810,0.8974358974358975,0.04814814814814815,0.509375,0.46153846153846156,0
113,56.0,Regular,Groceries,Upi,30468.63,4.96,954,0.3939393939393939,0.03459119496855346,0.08333333333333333,0.6060606060606061,0
114,32.0,Regular,Books,Debit Card,20237.14,36.48,796,0.7,0.03768844221105527,0.6832298136645962,0.3333333333333333,0
115,27.0,Premium,Electronics,Cash,5114.89,4.83,1180,0.0,0.005084745762711864,0.17801047120418848,2.8333333333333335,1
116,53.0,Inactive,Electronics,Cash,18003.1,33.27,669,0.3333333333333333,0.04035874439461883,0.8525345622119815,0.037037037037037035,0
117,40.0,Inactive,Furniture,Credit Card,8159.14,24.11,1591,0.35714285714285715,0.008799497171590195,1.6071428571428572,1.2142857142857142,0
118,35.0,Regular,Books,Credit Card,42335.18,48.73,1277,0.6071428571428571,0.02192638997650744,0.4952978056426332,0.7142857142857143,0
119,60.0,Premium,Electronics,Credit Card,35283.59,15.45,1189,0.2777777777777778,0.015138772077375946,0.5172413793103449,0.0,0
120,60.0,Premium,Electronics,Net Banking,31842.01,1.53,728,0.5416666666666666,0.06593406593406594,0.20588235294117646,0.25,0
121,28.0,Regular,Sports,Cash,38953.36,28.38,131,0.23809523809523808,0.16030534351145037,0.3181818181818182,0.19047619047619047,0
122,61.0,Regular,Groceries,Credit Card,21488.73,30.35,736,0.7441860465116279,0.058423913043478264,0.3286384976525822,0.13953488372093023,0
123,45.0,Regular,Sports,Cash,29860.15,26.35,142,0.5681818181818182,0.30985915492957744,0.0759493670886076,0.1590909090909091,0
124,18.0,Regular,Clothing,Upi,7293.12,100.0,389,0.62,0.12853470437017994,0.18452380952380953,0.0,0
125,26.0,New,Sports,Upi,25262.99,41.67,68,0.06666666666666667,0.22058823529411764,0.1043956043956044,0.8,1
126,47.0,Regular,Furniture,Credit Card,28883.28,35.47,695,0.42857142857142855,0.04028776978417266,0.35046728971962615,0.10714285714285714,0
127,28.0,Regular,Electronics,Upi,42301.98,12.17,1812,0.07142857142857142,0.01545253863134658,0.34105960264900664,0.5714285714285714,0
128,37.0,Regular,Groceries,Upi,8822.57,25.52,749,0.24,0.06675567423230974,2.305084745762712,0.32,0
129,64.0,Regular,Electronics,Credit Card,13170.43,8.67,1612,0.1,0.00620347394540943,2.4683544303797467,2.0,0
130,58.0,New,Books,Cash,38113.92,22.45,677,0.5405405405405406,0.05465288035450517,0.5689655172413793,0.5405405405405406,0
131,27.0,Premium,Groceries,Credit Card,31753.56,39.82,665,0.5517241379310345,0.04360902255639098,0.04950495049504951,0.3793103448275862,0
132,47.0,Premium,Electronics,Upi,41668.98,3.84,977,0.6666666666666666,0.02456499488229273,3.3617021276595747,0.7916666666666666,0
133,55.0,Premium,Groceries,Net Banking,32765.95,16.08,241,0.08108108108108109,0.15352697095435686,0.5286885245901639,0.10810810810810811,0
134,69.0,Premium,Furniture,Cash,9041.67,12.39,355,0.7857142857142857,0.11830985915492957,0.5022222222222222,0.38095238095238093,0
135,41.0,Regular,Groceries,Credit Card,38836.01,33.94,705,0.37037037037037035,0.03829787234042553,6.0,0.7407407407407407,0
136,24.0,Inactive,Groceries,Cash,12973.79,42.58,1389,0.10526315789473684,0.013678905687544997,0.1262135922330097,0.5263157894736842,1
137,27.0,Regular,Sports,Upi,33275.69,6.45,1347,0.7777777777777778,0.0334075723830735,0.06060606060606061,0.2,0
138,68.0,Premium,Sports,Cash,41533.47,36.94,897,0.9111111111111111,0.05016722408026756,0.38461538461538464,0.044444444444444446,0
139,50.0,Premium,Groceries,Credit Card,9423.01,10.71,188,0.2,0.10638297872340426,0.20080321285140562,0.35,1
140,36.0,New,Books,Cash,41838.43,44.18,801,0.22857142857142856,0.04369538077403246,8.5,0.2857142857142857,0
141,27.0,Premium,Books,Upi,38669.34,40.45,776,0.044444444444444446,0.05798969072164949,2.176470588235294,0.3111111111111111,0
142,61.0,New,Furniture,Net Banking,37743.36,39.19,1740,0.47368421052631576,0.010919540229885057,1.1416666666666666,0.3684210526315789,0
143,30.0,Inactive,Furniture,Credit Card,23353.16,14.09,1702,0.4482758620689655,0.017038777908343124,0.6581632653061225,0.5517241379310345,0
144,30.0,Regular,Electronics,Debit Card,24289.24,18.56,201,0.16666666666666666,0.208955223880597,3.452830188679245,0.38095238095238093,0
145,66.0,Regular,Groceries,Upi,7793.76,21.87,139,0.030303030303030304,0.23741007194244604,1.0175438596491229,0.3333333333333333,0
146,43.0,Regular,Clothing,Cash,49729.0,18.75,716,0.88,0.034916201117318434,5.466666666666667,0.12,0
147,68.0,Premium,Electronics,Cash,45911.11,23.62,40,0.7368421052631579,0.475,2.7083333333333335,0.7894736842105263,0
148,23.0,Regular,Clothing,Debit Card,27665.81,36.36,646,0.4,0.015479876160990712,0.4022140221402214,0.3,0
149,25.0,Regular,Groceries,Credit Card,39798.01,22.86,1324,0.8292682926829268,0.030966767371601207,2.245614035087719,0.4634146341463415,0
150,50.0,Regular,Sports,Credit Card,14917.96,0.08,1390,0.6,0.007194244604316547,0.3425414364640884,1.8,1
151,60.0,New,Groceries,Net Banking,47693.48,27.2,119,0.6,0.04201680672268908,0.5461538461538461,0.0,0
152,58.0,Regular,Clothing,Cash,1303.99,39.43,1535,0.125,0.031270358306188926,0.3502824858757062,0.4166666666666667,0
153,66.0,Premium,Electronics,Net Banking,27527.68,40.68,1323,0.9565217391304348,0.017384731670445956,2.2222222222222223,0.6086956521739131,0
154,29.0,Premium,Sports,Upi,47208.45,1.85,665,0.04,0.07518796992481203,0.11538461538461539,0.12,0
155,50.0,New,Groceries,Debit Card,2312.73,32.35,284,0.5882352941176471,0.05985915492957746,0.6258503401360545,0.058823529411764705,0
156,69.0,New,Groceries,Net Banking,22266.96,47.82,782,0.9166666666666666,0.061381074168797956,0.27586206896551724,0.3125,0
157,69.0,Regular,Books,Upi,36490.53,3.95,240,0.3333333333333333,0.025,0.15210355987055016,2.8333333333333335,1
158,23.0,Inactive,Clothing,Net Banking,22572.83,35.88,116,0.55,0.1724137931034483,2.058139534883721,0.7,0
159,64.0,Inactive,Groceries,Upi,32153.73,39.57,1080,0.6666666666666666,0.016666666666666666,0.6666666666666666,1.1111111111111112,0
160,69.0,Premium,Electronics,Upi,34065.4,21.91,814,0.5897435897435898,0.04791154791154791,0.27692307692307694,0.1794871794871795,0
161,54.0,Inactive,Electronics,Credit Card,22771.17,18.55,1114,0.8181818181818182,0.03949730700179533,0.8596491228070176,0.045454545454545456,0
162,41.0,Regular,Sports,Net Banking,12855.78,5.67,271,0.6666666666666666,0.06642066420664207,1.3333333333333333,0.8888888888888888,0
163,34.0,New,Clothing,Credit Card,14636.06,45.82,955,0.2,0.041884816753926704,0.20634920634920634,0.075,0
164,29.0,Premium,Books,Net Banking,48394.28,49.33,624,0.7954545454545454,0.07051282051282051,0.260233918128655,0.045454545454545456,0
165,37.0,Inactive,Electronics,Credit Card,25683.41,6.07,769,0.625,0.031209362808842653,0.34951456310679613,0.2916666666666667,0
166,53.0,Regular,Groceries,Net Banking,6923.68,44.21,871,0.8333333333333334,0.04133180252583238,2.3529411764705883,0.3333333333333333,0
167,67.0,Inactive,Electronics,Credit Card,48632.8,32.12,1727,0.5555555555555556,0.0052113491603937466,0.5194805194805194,1.7777777777777777,0
168,67.0,Inactive,Furniture,Credit Card,38505.19,6.45,652,0.6666666666666666,0.018404907975460124,0.05813953488372093,0.25,1
169,28.0,Regular,Sports,Cash,17628.14,47.05,1158,0.4,0.012953367875647668,0.14383561643835616,0.5333333333333333,0
170,35.0,Inactive,Clothing,Credit Card,26907.16,100.0,1379,0.225,0.029006526468455404,1.7471264367816093,0.45,0
171,57.0,Inactive,Electronics,Cash,4520.53,47.43,883,0.0,0.0022650056625141564,0.22972972972972974,10.0,1
172,57.0,New,Sports,Net Banking,14838.75,47.83,179,0.5428571428571428,0.19553072625698323,0.2540322580645161,0.34285714285714286,0
173,62.0,Premium,Groceries,Upi,24470.43,10.2,1533,1.0,0.01761252446183953,0.1189710610932476,0.37037037037037035,0
174,40.0,Premium,Books,Net Banking,25991.52,5.31,537,0.3333333333333333,0.0446927374301676,0.967741935483871,0.125,0
175,27.0,Premium,Clothing,Upi,43276.11,20.91,418,0.92,0.05980861244019139,1.024390243902439,0.72,0
176,66.0,New,Furniture,Net Banking,25188.61,15.43,523,0.5333333333333333,0.05736137667304015,2.0,0.4,0
177,31.0,Regular,Electronics,Net Banking,14427.14,29.88,46,0.5,0.08695652173913043,0.5164179104477612,3.75,0
178,24.0,Premium,Clothing,Net Banking,18605.99,20.16,428,0.7659574468085106,0.10981308411214953,4.291666666666667,0.02127659574468085,0
179,41.0,Regular,Electronics,Credit Card,25460.65,38.22,228,0.12,0.10964912280701754,1.1111111111111112,0.76,0
180,43.0,Regular,Furniture,Credit Card,37870.78,9.95,109,0.041666666666666664,0.22018348623853212,0.3946360153256705,0.6666666666666666,0
181,26.0,New,Furniture,Credit Card,7872.56,44.66,834,0.3333333333333333,0.03597122302158273,1.1666666666666667,0.6333333333333333,0
182,57.0,Inactive,Groceries,Credit Card,41500.32,26.62,784,0.9090909090909091,0.042091836734693876,0.39944903581267216,0.2727272727272727,0
183,39.0,New,Furniture,Net Banking,39939.36,36.27,573,0.95,0.034904013961605584,0.45892351274787535,0.0,0
184,59.0,Inactive,Clothing,Credit Card,3042.08,24.02,1712,0.5106382978723404,0.027453271028037383,0.6022304832713755,0.40425531914893614,0
185,61.0,Premium,Furniture,Debit Card,5939.83,0.95,870,0.5777777777777777,0.05172413793103448,0.6708074534161491,0.08888888888888889,0
186,50.0,Premium,Sports,Upi,26174.82,28.04,384,0.6666666666666666,0.0234375,0.36176470588235293,1.7777777777777777,0
187,47.0,Regular,Furniture,Net Banking,33955.49,43.38,423,0.8260869565217391,0.054373522458628844,0.47277936962750716,0.34782608695652173,0
188,33.0,New,Clothing,Upi,47103.53,49.11,1012,1.0,0.014822134387351778,1.222972972972973,0.4,0
189,40.0,Regular,Clothing,Credit Card,28887.1,27.16,619,0.5,0.012924071082390954,0.43842364532019706,0.5,1
190,63.0,Regular,Groceries,Debit Card,13193.98,23.95,311,0.0,0.08360128617363344,1.3269230769230769,0.3076923076923077,0
191,24.0,Regular,Clothing,Upi,33656.78,26.55,706,0.0,0.0056657223796034,0.1834862385321101,0.25,1
192,63.0,Premium,Sports,Net Banking,7304.62,48.23,1362,0.6,0.03671071953010279,1.2962962962962963,0.4,0
193,30.0,Regular,Clothing,Credit Card,3428.55,38.44,388,0.8095238095238095,0.10824742268041238,0.44011976047904194,0.16666666666666666,0
194,44.0,Premium,Books,Cash,39504.05,9.32,1264,0.34615384615384615,0.020569620253164556,0.06711409395973154,0.0,0
195,24.0,Regular,Groceries,Debit Card,27393.37,24.7,1686,0.40476190476190477,0.02491103202846975,1.8840579710144927,0.3333333333333333,0
196,25.0,Premium,Sports,Debit Card,32590.12,35.93,1192,0.8333333333333334,0.025167785234899327,23.625,0.3333333333333333,0
197,61.0,Premium,Furniture,Cash,44903.62,41.35,225,0.6097560975609756,0.18222222222222223,0.3181818181818182,0.04878048780487805,0
198,29.0,New,Groceries,Debit Card,838.09,19.18,1222,0.625,0.01309328968903437,0.8427947598253275,0.5,0
199,64.0,Premium,Clothing,Credit Card,18297.83,11.82,860,0.4523809523809524,0.04883720930232558,0.09064327485380116,0.3333333333333333,0
200,61.0,Regular,Sports,Credit Card,32116.21,47.03,1009,0.375,0.007928642220019821,0.8359788359788359,0.875,0
201,27.0,Inactive,Groceries,Debit Card,35246.07,45.64,1423,0.8888888888888888,0.018973998594518624,0.6195652173913043,0.2222222222222222,0
202,66.0,New,Groceries,Debit Card,35336.42,3.91,1202,0.9411764705882353,0.028286189683860232,0.10034602076124567,0.029411764705882353,0
203,52.0,Premium,Groceries,Net Banking,22371.11,34.01,1686,0.9411764705882353,0.020166073546856466,0.4214046822742475,0.058823529411764705,0
204,21.0,Premium,Furniture,Credit Card,23111.52,2.89,840,0.8518518518518519,0.03214285714285714,0.729957805907173,0.3333333333333333,0
205,34.0,Regular,Furniture,Net Banking,2741.85,17.23,94,0.0,0.05319148936170213,4.212121212121212,0.2,0
206,36.0,Premium,Books,Net Banking,38408.47,48.92,1810,0.6666666666666666,0.004972375690607734,0.32628398791540786,1.2222222222222223,0
207,42.0,Premium,Sports,Upi,43790.41,6.65,1113,0.7906976744186046,0.03863432165318958,0.17318435754189945,0.11627906976744186,0
208,26.0,Premium,Books,Debit Card,48935.29,23.15,536,0.5,0.0037313432835820895,0.3906810035842294,8.5,0
209,47.0,Premium,Clothing,Credit Card,25545.48,36.25,522,0.6923076923076923,0.02490421455938697,0.15517241379310345,1.0,0
210,31.0,Premium,Furniture,Net Banking,22598.83,33.6,509,1.0,0.005893909626719057,2.52,0.3333333333333333,0
211,52.0,Premium,Electronics,Debit Card,49677.43,11.71,648,0.6060606060606061,0.05092592592592592,0.27796610169491526,0.5454545454545454,0
212,27.0,Regular,Groceries,Cash,14120.12,27.84,904,1.0,0.022123893805309734,0.6237623762376238,0.25,0
213,53.0,Premium,Groceries,Credit Card,33731.45,39.29,644,0.6190476190476191,0.06521739130434782,1.0914634146341464,0.30952380952380953,0
214,42.0,New,Groceries,Net Banking,42542.38,15.04,875,0.0625,0.018285714285714287,0.10192837465564739,0.875,1
215,44.0,New,Electronics,Credit Card,12521.5,10.17,1126,0.44,0.022202486678507993,0.06325301204819277,0.56,1
216,64.0,Premium,Clothing,Cash,33846.76,30.15,1174,0.92,0.02129471890971039,1.2894736842105263,0.72,0
217,31.0,Regular,Books,Debit Card,15507.81,45.45,1454,0.6818181818181818,0.015130674002751032,0.44954128440366975,0.13636363636363635,0
218,56.0,New,Clothing,Debit Card,16419.94,14.15,565,0.6111111111111112,0.06371681415929203,0.5732217573221757,0.5555555555555556,0
219,41.0,New,Groceries,Upi,40239.42,36.12,123,0.7142857142857143,0.056910569105691054,0.3231707317073171,1.5714285714285714,0
220,54.0,Premium,Electronics,Upi,27888.92,29.2,501,0.35294117647058826,0.033932135728542916,0.35514018691588783,0.23529411764705882,1
221,42.0,Regular,Groceries,Net Banking,32903.09,34.24,374,0.8611111111111112,0.0962566844919786,1.4848484848484849,0.4166666666666667,0
222,64.0,Premium,Electronics,Credit Card,27554.04,9.2,1748,0.7021276595744681,0.02688787185354691,0.5935251798561151,0.02127659574468085,0
223,22.0,Premium,Groceries,Net Banking,42205.96,11.57,963,0.3333333333333333,0.009345794392523364,0.10743801652892562,0.0,1
224,41.0,Inactive,Sports,Net Banking,46728.23,45.64,1159,0.0,0.03710094909404659,0.3698224852071006,0.0,0
225,44.0,Premium,Furniture,Credit Card,14099.67,48.87,227,0.23404255319148937,0.20704845814977973,14.333333333333334,0.2765957446808511,0
226,51.0,Regular,Clothing,Upi,26559.57,40.76,970,0.575,0.041237113402061855,0.7445255474452555,0.05,0
227,54.0,Regular,Clothing,Upi,41489.07,4.03,806,0.11363636363636363,0.05459057071960298,0.5855855855855856,0.022727272727272728,0
228,42.0,New,Electronics,Cash,967.78,8.57,1787,0.5121951219512195,0.02294348069390039,0.4375,0.4878048780487805,0
229,24.0,Premium,Clothing,Credit Card,45113.01,34.61,1431,0.0,0.009783368273934312,0.41924398625429554,0.5714285714285714,0
230,35.0,Inactive,Sports,Upi,9378.05,42.52,187,0.3333333333333333,0.016042780748663103,6.0,6.0,0
231,44.0,Inactive,Clothing,Credit Card,41815.2,19.46,1055,0.21621621621621623,0.035071090047393366,0.30685920577617326,0.32432432432432434,0
232,44.0,Premium,Electronics,Upi,11991.13,3.8,1614,0.6785714285714286,0.01734820322180917,0.635483870967742,0.6785714285714286,0
233,38.0,Inactive,Clothing,Cash,24784.87,17.79,1383,0.7241379310344828,0.02096890817064353,0.5751295336787565,0.1724137931034483,0
234,42.0,Inactive,Clothing,Upi,35798.87,4.1,678,0.25,0.02359882005899705,1.240506329113924,1.25,0
235,41.0,Premium,Electronics,Upi,22514.43,38.07,949,0.25,0.02107481559536354,0.6415094339622641,0.1,0
236,53.0,New,Groceries,Upi,1799.96,17.7,55,0.7142857142857143,0.12727272727272726,3.1875,2.7142857142857144,0
237,36.0,New,Books,Cash,36379.77,27.98,809,0.16666666666666666,0.007416563658838072,1.176,2.6666666666666665,0
238,28.0,Regular,Clothing,Net Banking,24909.64,3.16,1632,0.5,0.011029411764705883,0.3183856502242152,0.7222222222222222,1
239,22.0,Regular,Clothing,Debit Card,31439.17,29.69,43,0.1702127659574468,1.0930232558139534,1.1683168316831682,0.06382978723404255,0
240,43.0,Inactive,Groceries,Upi,22291.03,21.53,1265,0.4090909090909091,0.017391304347826087,0.45808383233532934,0.18181818181818182,0
241,62.0,New,Groceries,Cash,25545.48,48.44,1631,0.5833333333333334,0.007357449417535254,1.26,1.6666666666666667,0
242,33.0,New,Clothing,Cash,18568.27,46.6,1602,0.19230769230769232,0.016229712858926344,1.4757281553398058,0.6538461538461539,0
243,53.0,New,Sports,Net Banking,22203.52,14.57,315,0.7142857142857143,0.044444444444444446,0.05070422535211268,0.9285714285714286,1
244,58.0,Regular,Clothing,Net Banking,8130.09,21.16,1222,0.8837209302325582,0.03518821603927987,0.0979381443298969,0.32558139534883723,0
245,43.0,New,Books,Cash,21205.88,1.84,204,0.8444444444444444,0.22058823529411764,0.972972972972973,0.37777777777777777,0
246,24.0,Inactive,Sports,Upi,8733.76,30.63,1660,0.5217391304347826,0.013855421686746987,0.5743944636678201,0.8695652173913043,0
247,45.0,Premium,Electronics,Net Banking,11489.05,37.34,796,0.4117647058823529,0.02135678391959799,0.5209790209790209,1.0588235294117647,0
248,43.0,Inactive,Furniture,Upi,25273.06,17.25,205,0.4,0.21951219512195122,9.538461538461538,0.06666666666666667,0
249,25.0,Regular,Clothing,Net Banking,23038.97,10.34,1508,0.13636363636363635,0.014588859416445624,0.3629032258064516,0.6818181818181818,1
250,62.0,Regular,Electronics,Cash,2711.81,35.54,1668,0.15,0.011990407673860911,7.333333333333333,1.0,0
251,28.0,New,Electronics,Credit Card,8426.72,27.99,1341,0.3055555555555556,0.026845637583892617,0.25316455696202533,0.3333333333333333,0
252,60.0,New,Electronics,Debit Card,30898.29,9.87,451,0.0,0.10643015521064302,0.3618421052631579,0.25,0
253,35.0,Inactive,Electronics,Net Banking,9754.51,16.3,1338,0.8857142857142857,0.026158445440956652,0.1276595744680851,0.22857142857142856,0
254,38.0,Inactive,Groceries,Cash,6154.49,17.6,1238,0.5,0.030694668820678513,0.676595744680851,0.13157894736842105,0
255,23.0,Regular,Electronics,Upi,15616.31,9.15,1251,0.75,0.012789768185451638,0.10393258426966293,1.0,1
256,26.0,New,Groceries,Net Banking,24590.18,26.87,621,0.16666666666666666,0.01932367149758454,0.13595166163141995,1.4166666666666667,1
257,26.0,Regular,Books,Upi,31160.79,43.28,1180,0.20689655172413793,0.02457627118644068,25.0,0.13793103448275862,0
258,50.0,New,Sports,Debit Card,21073.71,41.99,628,0.03125,0.050955414012738856,0.17131474103585656,0.0625,0
259,20.0,Regular,Furniture,Cash,8826.34,22.87,263,0.15789473684210525,0.07224334600760456,0.5551181102362205,0.8421052631578947,0
260,35.0,Regular,Furniture,Cash,2559.72,35.95,1568,0.12244897959183673,0.03125,0.2,0.2653061224489796,0
261,33.0,Premium,Groceries,Cash,17754.56,40.84,1441,0.35294117647058826,0.01179736294240111,0.13777777777777778,0.4117647058823529,1
262,40.0,Premium,Furniture,Debit Card,39350.04,40.68,1252,0.8888888888888888,0.00718849840255591,4.709677419354839,1.2222222222222223,0
263,52.0,Regular,Sports,Upi,14822.0,13.37,151,0.21052631578947367,0.12582781456953643,0.6590909090909091,0.15789473684210525,0
264,35.0,Premium,Clothing,Cash,35714.05,41.42,1325,0.2,0.007547169811320755,0.2910662824207493,1.5,1
265,35.0,New,Groceries,Debit Card,31864.57,44.01,1452,1.0,0.003443526170798898,2.1666666666666665,3.2,0
266,41.0,New,Groceries,Credit Card,622.42,38.71,1659,0.5789473684210527,0.022905364677516575,3.9166666666666665,0.3684210526315789,0
267,52.0,Regular,Groceries,Credit Card,24988.39,16.14,1189,0.6428571428571429,0.011774600504625737,0.5958904109589042,1.2142857142857142,0
268,49.0,Inactive,Books,Net Banking,2774.17,31.31,964,0.25,0.004149377593360996,0.0211864406779661,0.75,1
269,18.0,Regular,Sports,Debit Card,44166.31,15.09,198,0.5555555555555556,0.045454545454545456,0.1702127659574468,2.2222222222222223,0
270,41.0,Premium,Groceries,Credit Card,15622.71,34.97,32,0.12195121951219512,1.28125,0.9166666666666666,0.4878048780487805,0
271,31.0,Premium,Electronics,Upi,11696.45,34.0,1451,0.18421052631578946,0.026188835286009647,0.6,0.2631578947368421,0
272,26.0,Premium,Clothing,Credit Card,4921.89,40.3,813,0.36,0.03075030750307503,1.528301886792453,0.44,0
273,67.0,Inactive,Sports,Upi,3886.37,28.16,1509,0.7,0.0066269052352551355,0.5335463258785943,0.5,0
274,31.0,New,Furniture,Upi,22398.0,10.86,749,0.8409090909090909,0.05874499332443257,0.6923076923076923,0.06818181818181818,0
275,45.0,Premium,Clothing,Credit Card,32408.72,12.41,1766,0.5,0.010192525481313703,0.5,1.0555555555555556,0
276,60.0,Regular,Furniture,Net Banking,25721.37,37.39,820,0.38461538461538464,0.0475609756097561,1.0921052631578947,0.02564102564102564,0
277,25.0,New,Sports,Upi,4015.09,44.44,1792,0.20512820512820512,0.021763392857142856,13.285714285714286,0.2564102564102564,0
278,54.0,Regular,Furniture,Credit Card,9052.13,23.55,566,0.09090909090909091,0.07773851590106007,0.13157894736842105,0.4090909090909091,0
279,31.0,Premium,Books,Upi,25577.22,31.43,198,0.5,0.13131313131313133,0.7665369649805448,0.5,0
280,44.0,New,Furniture,Upi,14234.65,15.5,830,0.8,0.012048192771084338,0.20229007633587787,0.4,1
281,55.0,Regular,Sports,Credit Card,36632.94,42.32,958,0.4642857142857143,0.029227557411273485,2.1,0.07142857142857142,0
282,57.0,Regular,Sports,Credit Card,33073.59,8.78,365,0.9166666666666666,0.13150684931506848,26.0,0.08333333333333333,0
283,49.0,New,Furniture,Upi,13332.72,18.59,1682,0.02127659574468085,0.02794292508917955,1.3623188405797102,0.06382978723404255,0
284,45.0,New,Electronics,Upi,35760.0,28.83,143,0.9411764705882353,0.11888111888111888,3.2,0.8235294117647058,0
285,49.0,Premium,Groceries,Net Banking,13128.25,5.15,35,0.2727272727272727,0.3142857142857143,0.5884353741496599,0.2727272727272727,0
286,20.0,Regular,Electronics,Debit Card,18516.84,46.01,689,0.8387096774193549,0.04499274310595065,0.10869565217391304,0.5483870967741935,0
287,33.0,Regular,Clothing,Net Banking,28791.03,5.97,124,0.2,0.04032258064516129,0.04057971014492753,1.0,1
288,43.0,New,Books,Upi,38789.61,15.53,440,0.0,0.04318181818181818,3.1555555555555554,0.7368421052631579,0
289,36.0,Regular,Sports,Debit Card,12507.91,18.41,338,0.85,0.11834319526627218,0.782608695652174,0.15,0
290,18.0,Premium,Clothing,Debit Card,17647.97,41.98,242,0.6857142857142857,0.1446280991735537,17.2,0.0,0
291,44.0,Regular,Groceries,Credit Card,48078.66,48.63,504,0.15625,0.06349206349206349,2.506849315068493,0.25,0
292,51.0,Regular,Groceries,Cash,4702.67,4.78,1192,0.08333333333333333,0.040268456375838924,2.3768115942028984,0.25,0
293,21.0,Inactive,Electronics,Net Banking,14937.96,42.55,586,0.625,0.027303754266211604,0.8910891089108911,0.625,0
294,32.0,Regular,Electronics,Upi,38622.26,5.45,862,0.58,0.058004640371229696,0.7818181818181819,0.28,0
295,25.0,Regular,Books,Cash,22869.9,23.17,653,0.8571428571428571,0.021439509954058193,0.3870967741935484,0.35714285714285715,0
296,70.0,Regular,Books,Cash,7842.03,35.56,642,0.047619047619047616,0.03271028037383177,0.5573770491803278,0.7619047619047619,0
297,34.0,Premium,Groceries,Credit Card,25545.48,27.51,278,0.8620689655172413,0.10431654676258993,2.4285714285714284,0.10344827586206896,0
298,18.0,Regular,Electronics,Cash,25545.48,18.61,560,0.6923076923076923,0.023214285714285715,0.5139318885448917,0.15384615384615385,0
299,70.0,Premium,Electronics,Credit Card,45173.56,22.17,974,0.07692307692307693,0.013347022587268994,0.36363636363636365,0.7692307692307693,0
300,21.0,Inactive,Groceries,Debit Card,20052.44,1.47,413,0.46808510638297873,0.11380145278450363,0.3142857142857143,0.10638297872340426,0
301,35.0,New,Electronics,Net Banking,30898.28,30.85,1011,1.0,0.002967359050445104,0.2289156626506024,5.0,1
302,21.0,Regular,Groceries,Credit Card,21252.12,32.13,813,0.8888888888888888,0.01107011070110701,0.23703703703703705,2.2222222222222223,1
303,68.0,New,Furniture,Credit Card,17529.69,28.28,683,0.34375,0.04685212298682284,0.6060606060606061,0.25,0
304,56.0,Premium,Books,Cash,14406.17,40.43,506,0.98,0.09881422924901186,0.5619834710743802,0.22,0
305,28.0,Regular,Sports,Upi,13693.09,40.81,1748,0.75,0.009153318077803204,6.758620689655173,0.4375,0
306,29.0,Regular,Furniture,Cash,40407.41,34.88,321,0.8571428571428571,0.06542056074766354,0.026402640264026403,0.5238095238095238,1
307,54.0,New,Furniture,Credit Card,9190.06,1.9,1108,0.35,0.018050541516245487,2.0689655172413794,0.95,0
308,48.0,Regular,Furniture,Credit Card,40419.05,17.04,1231,0.0,0.010560519902518278,0.9120879120879121,0.07692307692307693,0
309,63.0,Premium,Books,Upi,43103.14,48.03,648,0.17647058823529413,0.05246913580246913,0.9427083333333334,0.35294117647058826,0
310,38.0,Premium,Sports,Net Banking,39696.2,48.03,1450,0.7857142857142857,0.019310344827586208,0.24624624624624625,0.17857142857142858,0
311,57.0,Regular,Sports,Credit Card,40815.48,18.92,1467,0.2894736842105263,0.025903203817314247,0.21529745042492918,0.10526315789473684,0
312,54.0,Inactive,Electronics,Credit Card,30318.24,46.05,1046,0.75,0.011472275334608031,0.18152866242038215,1.6666666666666667,1
313,27.0,Premium,Clothing,Upi,49127.79,8.39,944,1.0,0.024364406779661018,3.9565217391304346,0.8695652173913043,0
314,18.0,Regular,Clothing,Upi,3855.84,12.83,927,0.06666666666666667,0.04854368932038835,3.3035714285714284,0.0,0
315,64.0,Premium,Groceries,Credit Card,44147.65,17.56,954,0.4375,0.033542976939203356,0.13471502590673576,0.46875,0
316,22.0,Regular,Electronics,Credit Card,13425.82,5.24,1150,0.23809523809523808,0.018260869565217393,0.25,0.5714285714285714,0
317,23.0,Inactive,Furniture,Credit Card,35372.98,21.57,139,0.8709677419354839,0.22302158273381295,0.12835820895522387,0.6129032258064516,0
318,24.0,Regular,Clothing,Debit Card,35011.24,36.1,226,0.3333333333333333,0.11946902654867257,0.24548736462093862,0.3333333333333333,0
319,21.0,Inactive,Furniture,Debit Card,8102.7,18.04,228,0.9375,0.14035087719298245,0.1050228310502283,0.28125,0
320,19.0,Premium,Sports,Net Banking,25545.48,23.68,1383,0.7894736842105263,0.01373825018076645,1.3166666666666667,0.631578947368421,0
321,34.0,Inactive,Furniture,Debit Card,9651.62,44.27,930,0.04,0.026881720430107527,0.25263157894736843,0.56,1
322,47.0,Regular,Books,Cash,28430.21,7.56,734,0.1111111111111111,0.02452316076294278,0.4789915966386555,0.16666666666666666,0
323,69.0,New,Books,Cash,11761.88,3.05,1805,0.8947368421052632,0.021052631578947368,0.6733668341708543,0.34210526315789475,0
324,48.0,Regular,Groceries,Cash,4408.27,45.14,1417,0.8,0.014114326040931546,7.166666666666667,0.9,0
325,57.0,Premium,Books,Upi,9057.51,49.22,190,0.034482758620689655,0.15263157894736842,0.45871559633027525,0.13793103448275862,0
326,61.0,Regular,Books,Upi,7819.97,29.75,1169,0.12195121951219512,0.03507271171941831,1.1402439024390243,0.04878048780487805,0
327,43.0,Regular,Books,Net Banking,26224.56,45.86,1630,1.0,0.011042944785276074,25.714285714285715,1.0555555555555556,0
328,44.0,New,Electronics,Debit Card,28546.4,29.13,1806,0.1,0.005537098560354375,0.5384615384615384,1.8,0
329,52.0,New,Clothing,Upi,32911.99,28.6,324,0.32,0.07716049382716049,0.0411522633744856,0.2,1
330,57.0,Premium,Groceries,Upi,34680.43,2.46,1704,0.0,0.012910798122065728,0.2827868852459016,0.5,1
331,68.0,Regular,Clothing,Upi,42982.62,34.24,581,0.875,0.055077452667814115,0.29914529914529914,0.28125,0
332,64.0,Inactive,Sports,Net Banking,9802.82,10.57,1806,1.0,0.0033222591362126247,0.9090909090909091,2.5,0
333,41.0,New,Books,Credit Card,3748.04,35.48,385,0.8181818181818182,0.02857142857142857,0.16908212560386474,1.4545454545454546,1
334,30.0,Premium,Clothing,Net Banking,23094.21,45.9,1064,0.6666666666666666,0.002819548872180451,0.14127423822714683,2.6666666666666665,1
335,43.0,Inactive,Electronics,Upi,18937.1,29.7,364,0.6875,0.04395604395604396,1.3406593406593406,1.125,0
336,34.0,Regular,Electronics,Cash,2957.73,42.69,453,0.28,0.05518763796909492,0.5181818181818182,0.8,0
337,35.0,New,Electronics,Cash,48373.35,34.11,1670,0.22,0.029940119760479042,0.13991769547325103,0.4,0
338,18.0,Regular,Furniture,Net Banking,35780.65,35.47,546,0.55,0.03663003663003663,0.7730496453900709,0.6,0
339,31.0,Regular,Sports,Net Banking,41303.39,19.86,1355,0.6764705882352942,0.025092250922509225,0.03773584905660377,0.47058823529411764,0
340,56.0,Regular,Sports,Debit Card,24346.05,16.81,1373,0.5714285714285714,0.005098324836125273,1.1549295774647887,1.4285714285714286,0
341,63.0,Regular,Electronics,Credit Card,38390.98,44.98,1372,0.23529411764705882,0.02478134110787172,0.33766233766233766,0.29411764705882354,0
342,49.0,Regular,Groceries,Debit Card,19719.61,1.77,1435,0.38461538461538464,0.018118466898954706,0.4049586776859504,0.23076923076923078,0
343,52.0,Inactive,Groceries,Credit Card,15359.64,8.5,994,0.5454545454545454,0.03319919517102616,0.42433234421364985,0.15151515151515152,0
344,26.0,New,Books,Debit Card,47372.71,44.98,1554,0.4166666666666667,0.007722007722007722,0.06845238095238096,0.5833333333333334,1
345,37.0,Regular,Groceries,Net Banking,29485.75,23.19,428,0.11764705882352941,0.0397196261682243,1.9836065573770492,0.058823529411764705,0
346,50.0,Inactive,Groceries,Upi,15268.61,2.7,1196,0.6176470588235294,0.028428093645484948,0.46153846153846156,0.17647058823529413,0
347,47.0,Regular,Books,Cash,9427.66,4.04,148,0.43478260869565216,0.3108108108108108,0.9473684210526315,0.10869565217391304,0
348,18.0,Regular,Clothing,Cash,38790.34,28.81,918,0.16326530612244897,0.05337690631808279,1.5365853658536586,0.04081632653061224,0
349,58.0,New,Groceries,Upi,19474.16,1.89,1580,0.0,0.019620253164556962,1.825242718446602,0.3548387096774194,0
350,51.0,Premium,Sports,Credit Card,31521.0,12.44,815,0.0,0.001226993865030675,0.25,9.0,1
351,50.0,Regular,Electronics,Net Banking,41280.27,14.91,721,0.8,0.006934812760055479,0.785234899328859,3.2,0
352,44.0,Regular,Groceries,Credit Card,37630.72,8.24,462,0.30434782608695654,0.049783549783549784,0.024154589371980676,0.30434782608695654,1
353,64.0,Inactive,Furniture,Net Banking,6596.52,35.56,1306,0.36363636363636365,0.008422664624808576,4.85,1.8181818181818181,0
354,21.0,Inactive,Electronics,Credit Card,41887.94,2.41,1150,0.5714285714285714,0.036521739130434785,1.7833333333333334,0.3333333333333333,0
355,34.0,Premium,Clothing,Net Banking,34444.13,0.47,582,0.9333333333333333,0.07731958762886598,0.7870370370370371,0.06666666666666667,0
356,57.0,New,Books,Debit Card,25823.45,30.88,1277,1.0,0.00548159749412686,0.20689655172413793,0.42857142857142855,0
357,30.0,New,Clothing,Net Banking,35320.12,14.77,707,0.2608695652173913,0.03253182461103253,6.714285714285714,0.6521739130434783,0
358,33.0,Premium,Sports,Net Banking,45390.56,41.76,183,0.0,0.03278688524590164,0.37026239067055394,0.6666666666666666,0
359,64.0,Regular,Sports,Credit Card,23109.19,48.86,1820,0.2,0.008241758241758242,0.875,0.06666666666666667,0
360,20.0,Regular,Books,Credit Card,15979.0,36.93,1388,0.0,0.03170028818443804,3.979591836734694,0.022727272727272728,0
361,59.0,Regular,Groceries,Credit Card,47776.91,13.42,850,0.0,0.03058823529411765,2.0,0.38461538461538464,0
362,43.0,Regular,Books,Credit Card,34650.17,23.91,1455,0.12,0.01718213058419244,0.7731481481481481,0.2,0
363,64.0,Premium,Electronics,Cash,45605.72,24.13,807,0.18518518518518517,0.03345724907063197,0.5958904109589042,0.5185185185185185,0
364,67.0,Inactive,Electronics,Upi,44057.54,36.36,932,0.1590909090909091,0.04721030042918455,1.8507462686567164,0.3409090909090909,0
365,20.0,Regular,Sports,Debit Card,1111.83,43.42,1401,0.8571428571428571,0.014989293361884369,0.7323420074349443,0.8571428571428571,0
366,39.0,New,Sports,Cash,31102.83,21.64,1343,0.9333333333333333,0.03350707371556218,0.96875,0.24444444444444444,0
367,42.0,New,Furniture,Credit Card,1076.42,46.72,1568,0.25,0.002551020408163265,0.4671814671814672,3.75,0
368,49.0,Regular,Groceries,Credit Card,2992.36,11.14,970,0.3888888888888889,0.018556701030927835,0.29393939393939394,0.6666666666666666,1
369,46.0,New,Electronics,Credit Card,22629.87,5.94,856,0.03125,0.037383177570093455,0.7490196078431373,0.625,0
370,44.0,New,Furniture,Cash,41382.48,39.59,1405,0.0,0.0007117437722419929,0.5173501577287066,9.0,0
371,47.0,Regular,Books,Net Banking,40921.14,42.22,1497,1.0,0.0026720106880427524,0.8470588235294118,4.75,0
372,44.0,New,Electronics,Net Banking,38086.34,11.09,1099,0.5714285714285714,0.006369426751592357,0.52,2.857142857142857,0
373,41.0,Premium,Electronics,Debit Card,7452.23,35.84,277,0.375,0.11552346570397112,0.13333333333333333,0.25,0
374,43.0,New,Books,Cash,35981.0,5.39,1235,1.0,0.010526315789473684,0.056338028169014086,1.5384615384615385,1
375,25.0,New,Sports,Net Banking,47831.42,6.73,916,0.07894736842105263,0.04148471615720524,0.0078125,0.42105263157894735,0
376,55.0,New,Books,Cash,34744.98,8.68,1271,0.8333333333333334,0.00944138473642801,0.4090909090909091,1.0,0
377,38.0,New,Groceries,Net Banking,45837.56,38.12,1678,0.46153846153846156,0.023241954707985697,0.723404255319149,0.2564102564102564,0
378,26.0,New,Furniture,Net Banking,44378.62,25.61,1325,1.0,0.033962264150943396,0.39166666666666666,0.2222222222222222,0
379,31.0,Regular,Furniture,Net Banking,14883.69,17.26,1141,0.2391304347826087,0.040315512708150744,0.09855072463768116,0.43478260869565216,0
380,62.0,Premium,Books,Net Banking,28332.87,29.14,615,0.9130434782608695,0.03739837398373984,0.5321637426900585,0.5652173913043478,0
381,45.0,New,Electronics,Debit Card,19353.08,2.65,1429,0.0,0.0013995801259622112,1.793103448275862,4.0,0
382,34.0,Premium,Sports,Cash,25545.48,27.06,1544,1.0,0.012305699481865285,0.6304347826086957,0.15789473684210525,0
383,53.0,Inactive,Furniture,Upi,12260.98,39.22,883,0.48,0.028312570781426953,0.20728291316526612,0.04,1
384,68.0,New,Electronics,Cash,37311.66,10.15,1149,1.0,0.0008703220191470844,0.2555066079295154,20.0,1
385,65.0,Regular,Clothing,Upi,9282.58,34.13,113,0.10344827586206896,0.25663716814159293,0.46875,0.5517241379310345,0
386,45.0,New,Clothing,Credit Card,8465.98,42.3,344,0.2222222222222222,0.02616279069767442,28.333333333333332,1.5555555555555556,0
387,38.0,Inactive,Furniture,Net Banking,15407.16,39.5,480,0.46511627906976744,0.08958333333333333,0.3262411347517731,0.046511627906976744,0
388,29.0,Premium,Books,Debit Card,8388.84,27.15,1388,0.42424242424242425,0.02377521613832853,0.11594202898550725,0.3333333333333333,0
389,39.0,Regular,Clothing,Credit Card,47540.26,30.91,1399,0.0,0.010007147962830594,0.5901639344262295,1.4285714285714286,0
390,40.0,Regular,Sports,Credit Card,45971.06,12.19,820,0.6,0.04878048780487805,8.333333333333334,0.25,0
391,34.0,Regular,Electronics,Debit Card,41194.4,18.75,1364,0.058823529411764705,0.024926686217008796,0.44061302681992337,0.4411764705882353,0
392,30.0,New,Electronics,Debit Card,8786.04,47.81,1402,0.14285714285714285,0.004992867332382311,0.4963768115942029,0.0,0
393,58.0,Inactive,Groceries,Credit Card,10676.19,41.44,970,0.2857142857142857,0.007216494845360825,0.7443946188340808,0.2857142857142857,0
394,63.0,Premium,Electronics,Debit Card,3186.27,39.71,864,0.2,0.005787037037037037,0.06643356643356643,3.6,1
395,42.0,Inactive,Groceries,Cash,16162.01,19.48,159,0.7142857142857143,0.1761006289308176,2.2459016393442623,0.0,0
396,66.0,Premium,Sports,Credit Card,18206.16,25.14,606,0.8,0.00825082508250825,1.1812080536912752,1.8,0
397,66.0,New,Groceries,Debit Card,2025.55,7.82,1328,0.7906976744186046,0.03237951807228916,0.30973451327433627,0.27906976744186046,0
398,27.0,Inactive,Books,Credit Card,32573.06,47.87,115,0.19148936170212766,0.40869565217391307,23.666666666666668,0.3617021276595745,0
399,18.0,Inactive,Groceries,Upi,27602.51,4.26,1352,0.37142857142857144,0.025887573964497042,1.7777777777777777,0.3142857142857143,0
400,50.0,Premium,Electronics,Net Banking,31035.8,12.64,974,0.0,0.026694045174537988,0.7966101694915254,0.6923076923076923,0
401,59.0,Premium,Clothing,Credit Card,3834.46,4.91,1404,0.5116279069767442,0.030626780626780627,0.41946308724832215,0.23255813953488372,0
402,59.0,Premium,Clothing,Cash,3955.54,9.67,656,0.975,0.06097560975609756,0.46586345381526106,0.25,0
403,62.0,Premium,Furniture,Debit Card,18542.43,15.82,1639,0.5405405405405406,0.022574740695546065,0.2,0.0,0
404,32.0,Regular,Books,Debit Card,7148.14,36.65,1027,0.4583333333333333,0.023369036027263874,0.483739837398374,0.5833333333333334,0
405,53.0,Premium,Sports,Cash,4557.7,14.03,186,0.41025641025641024,0.20967741935483872,1.9166666666666667,0.15384615384615385,0
406,64.0,Premium,Books,Credit Card,31765.51,40.63,1159,0.3939393939393939,0.028472821397756688,0.3501683501683502,0.5454545454545454,0
407,34.0,New,Groceries,Credit Card,38872.26,18.29,981,0.42857142857142855,0.04281345565749235,1.7217391304347827,0.42857142857142855,0
408,50.0,Premium,Groceries,Net Banking,25357.28,33.13,317,1.0,0.07570977917981073,0.5587301587301587,0.20833333333333334,0
409,46.0,Premium,Furniture,Net Banking,33140.96,48.39,504,0.3783783783783784,0.07341269841269842,0.3709677419354839,0.02702702702702703,0
410,22.0,Regular,Clothing,Credit Card,33594.99,25.89,111,1.0,0.02702702702702703,0.5405405405405406,5.0,1
411,59.0,Premium,Sports,Upi,31861.57,13.67,1368,0.3235294117647059,0.024853801169590642,1.1037037037037036,0.5,0
412,42.0,Inactive,Sports,Upi,26074.81,18.82,1027,0.4,0.004868549172346641,1.1565217391304348,2.4,0
413,68.0,Inactive,Electronics,Debit Card,44160.7,21.99,337,0.5151515151515151,0.09792284866468842,0.1694915254237288,0.48484848484848486,0
414,29.0,Regular,Furniture,Cash,40939.28,33.06,1010,0.6521739130434783,0.04554455445544554,0.39906103286384975,0.06521739130434782,0
415,48.0,Inactive,Electronics,Credit Card,41751.57,1.12,305,0.8809523809523809,0.1377049180327869,1.434782608695652,0.42857142857142855,0
416,58.0,Premium,Furniture,Cash,3267.64,12.91,1335,0.9,0.00749063670411985,1.4301075268817205,1.2,0
417,19.0,Premium,Clothing,Upi,30523.03,23.57,1260,0.896551724137931,0.023015873015873017,0.17813765182186234,0.2413793103448276,0
418,27.0,Premium,Furniture,Cash,25784.84,8.39,170,0.8837209302325582,0.2529411764705882,0.25,0.32558139534883723,0
419,32.0,New,Electronics,Cash,25545.48,26.14,227,0.2857142857142857,0.030837004405286344,0.6795366795366795,1.8571428571428572,0
420,29.0,Inactive,Furniture,Cash,43948.76,26.57,1134,0.3333333333333333,0.0026455026455026454,0.39344262295081966,5.0,0
421,70.0,Inactive,Sports,Debit Card,26341.19,18.52,1673,0.4642857142857143,0.016736401673640166,7.782608695652174,0.5714285714285714,0
422,48.0,Regular,Furniture,Debit Card,45439.01,41.86,1007,0.16666666666666666,0.047666335650446874,0.08813559322033898,0.2708333333333333,0
423,67.0,Premium,Clothing,Net Banking,25545.48,20.43,271,0.9230769230769231,0.14391143911439114,0.020618556701030927,0.0,0
424,51.0,New,Sports,Cash,34544.45,15.8,1228,0.42857142857142855,0.011400651465798045,0.15053763440860216,0.2857142857142857,1
425,34.0,New,Groceries,Net Banking,18599.38,13.78,1635,0.7027027027027027,0.022629969418960245,0.2922636103151863,0.16216216216216217,0
426,44.0,Premium,Groceries,Credit Card,27968.11,12.69,1781,0.6944444444444444,0.02021336327905671,0.9367088607594937,0.3055555555555556,0
427,60.0,Regular,Groceries,Cash,47487.64,5.01,1457,0.7777777777777778,0.03088538091969801,0.3946360153256705,0.2222222222222222,0
428,61.0,Premium,Groceries,Credit Card,761.89,4.55,161,0.6585365853658537,0.2546583850931677,1.6133333333333333,0.4634146341463415,0
429,34.0,Regular,Electronics,Debit Card,2368.89,19.22,1487,0.8461538461538461,0.026227303295225286,0.7669902912621359,0.5128205128205128,0
430,56.0,Premium,Sports,Credit Card,22229.12,10.09,1635,0.375,0.019571865443425075,0.39465875370919884,0.28125,0
431,56.0,New,Sports,Credit Card,30951.9,33.7,207,0.0,0.07246376811594203,0.33513513513513515,1.3333333333333333,1
432,35.0,Regular,Sports,Net Banking,20569.82,10.02,612,0.07692307692307693,0.042483660130718956,23.625,0.07692307692307693,0
433,64.0,Inactive,Groceries,Cash,48182.74,13.83,39,0.5217391304347826,0.5897435897435898,0.1607717041800643,0.6086956521739131,1
434,34.0,New,Furniture,Net Banking,28152.22,25.16,1695,0.5714285714285714,0.004129793510324484,0.17142857142857143,2.2857142857142856,0
435,68.0,Regular,Sports,Net Banking,48319.75,28.16,1425,0.8275862068965517,0.020350877192982456,1.552,0.3448275862068966,0
436,47.0,Premium,Groceries,Upi,13262.08,19.13,753,0.625,0.010624169986719787,1.5398230088495575,0.875,0
437,51.0,Premium,Sports,Net Banking,12788.75,4.65,395,0.11764705882352941,0.043037974683544304,0.5565217391304348,0.5882352941176471,0
438,48.0,Regular,Clothing,Debit Card,13819.25,47.36,1536,0.32432432432432434,0.024088541666666668,0.14,0.40540540540540543,0
439,33.0,Regular,Clothing,Credit Card,41829.55,41.82,1414,0.07692307692307693,0.009193776520509194,0.2185792349726776,0.23076923076923078,1
440,60.0,Inactive,Electronics,Net Banking,25545.48,47.9,1206,0.40816326530612246,0.0406301824212272,0.38866396761133604,0.3877551020408163,0
441,35.0,Premium,Books,Upi,14373.2,11.1,1009,1.0,0.03270564915758176,0.11148648648648649,0.030303030303030304,0
442,52.0,New,Groceries,Upi,43089.81,38.8,1441,0.5384615384615384,0.018043025676613464,0.13191489361702127,0.6153846153846154,0
443,18.0,Inactive,Clothing,Debit Card,29259.91,16.27,515,0.68,0.04854368932038835,0.21337579617834396,0.2,1
444,35.0,Inactive,Groceries,Upi,9603.73,21.2,602,0.4583333333333333,0.03986710963455149,0.8372093023255814,0.4583333333333333,0
445,46.0,Inactive,Electronics,Upi,34457.59,40.71,431,0.7297297297297297,0.08584686774941995,0.43884892086330934,0.4594594594594595,0
446,27.0,New,Books,Net Banking,9242.06,24.98,644,1.0,0.0015527950310559005,0.4117647058823529,17.0,0
447,34.0,Inactive,Electronics,Cash,5399.25,8.17,227,1.0,0.1145374449339207,0.5945945945945946,0.5769230769230769,0
448,44.0,Regular,Groceries,Credit Card,28237.33,46.59,749,0.5416666666666666,0.03204272363150868,0.6742424242424242,0.0,0
449,61.0,Inactive,Furniture,Net Banking,32631.98,8.73,1616,0.7619047619047619,0.02599009900990099,0.6232876712328768,0.23809523809523808,0
450,65.0,Premium,Groceries,Upi,14682.92,31.59,1322,0.525,0.030257186081694403,0.5733333333333334,0.5,0
451,57.0,New,Books,Debit Card,4416.04,17.18,1269,0.4,0.003940110323089046,0.5093167701863354,4.0,0
452,59.0,Regular,Groceries,Credit Card,43208.92,18.16,406,0.52,0.12315270935960591,0.44518272425249167,0.28,0
453,19.0,Regular,Sports,Credit Card,47051.65,35.03,225,0.7058823529411765,0.07555555555555556,1.3170731707317074,0.29411764705882354,0
454,22.0,New,Electronics,Credit Card,25545.48,26.2,202,1.0,0.009900990099009901,0.627906976744186,4.0,0
455,59.0,Regular,Clothing,Credit Card,37010.86,22.16,101,0.3125,0.15841584158415842,0.5230769230769231,1.0,0
456,60.0,Regular,Books,Net Banking,23626.08,43.54,392,0.25806451612903225,0.07908163265306123,1.0071428571428571,0.45161290322580644,0
457,55.0,Inactive,Sports,Upi,43926.04,21.75,1016,0.4634146341463415,0.040354330708661415,0.5,0.4146341463414634,0
458,52.0,Premium,Groceries,Credit Card,18606.27,12.99,734,0.8,0.027247956403269755,0.019230769230769232,0.0,0
459,36.0,New,Electronics,Debit Card,46143.38,47.35,1252,0.6,0.035942492012779555,0.3142857142857143,0.0,0
460,32.0,New,Groceries,Cash,20880.93,28.03,828,0.8461538461538461,0.01570048309178744,0.31527093596059114,0.38461538461538464,1
461,42.0,Regular,Electronics,Cash,31453.49,25.83,1551,0.32142857142857145,0.018052869116698903,0.5668789808917197,0.2857142857142857,0
462,52.0,New,Clothing,Debit Card,9529.16,14.48,1464,0.6,0.0034153005464480873,0.3577981651376147,3.8,0
463,57.0,Regular,Groceries,Debit Card,8031.39,48.49,286,0.5,0.006993006993006993,4.0,1.5,0
464,63.0,Premium,Clothing,Net Banking,7958.84,24.68,790,1.0,0.007594936708860759,0.6136363636363636,1.5,0
465,47.0,Regular,Electronics,Credit Card,47606.38,2.8,423,0.6122448979591837,0.11583924349881797,0.0945273631840796,0.3469387755102041,0
466,34.0,Premium,Electronics,Net Banking,25545.48,19.24,1535,0.24,0.03257328990228013,0.28193832599118945,0.02,0
467,67.0,New,Sports,Credit Card,23904.86,34.07,1555,0.7142857142857143,0.0090032154340836,0.51875,0.35714285714285715,0
468,53.0,Premium,Clothing,Debit Card,32106.74,9.94,1326,0.22580645161290322,0.023378582202111614,6.333333333333333,0.1935483870967742,0
469,45.0,Premium,Electronics,Net Banking,29442.49,19.79,1439,1.0,0.01250868658790827,0.024,0.05555555555555555,0
470,56.0,Regular,Books,Cash,12811.75,25.0,152,1.0,0.039473684210526314,0.45170454545454547,1.6666666666666667,0
471,21.0,Inactive,Electronics,Cash,27049.49,5.37,1579,0.7777777777777778,0.028499050031665613,0.24,0.2222222222222222,0
472,40.0,Regular,Electronics,Net Banking,19199.56,36.22,1174,1.0,0.03833049403747871,0.08527131782945736,0.3333333333333333,0
473,36.0,New,Clothing,Credit Card,9738.02,17.38,171,0.9459459459459459,0.21637426900584794,0.29583333333333334,0.5135135135135135,0
474,51.0,New,Clothing,Credit Card,27309.49,22.7,1299,0.29411764705882354,0.01308698999230177,0.39755351681957185,0.7058823529411765,0
475,41.0,Regular,Sports,Net Banking,33085.33,26.95,1598,1.0,0.0031289111389236545,0.24623115577889448,3.2,1
476,53.0,Inactive,Clothing,Credit Card,20785.32,16.1,395,0.047619047619047616,0.053164556962025315,2.68,0.09523809523809523,0
477,20.0,Premium,Groceries,Cash,5388.3,28.55,1466,0.6153846153846154,0.008867667121418827,0.8492462311557789,1.1538461538461537,0
478,55.0,Premium,Groceries,Net Banking,30494.7,3.54,1670,0.13333333333333333,0.008982035928143712,1.5700934579439252,1.0,0
479,58.0,Regular,Furniture,Debit Card,46943.07,20.8,1113,0.8125,0.0431266846361186,0.9629629629629629,0.020833333333333332,0
480,20.0,Regular,Electronics,Debit Card,48049.04,4.86,1107,0.21428571428571427,0.012646793134598013,1.1512605042016806,0.8571428571428571,0
481,60.0,Inactive,Sports,Upi,28141.96,100.0,1411,0.75,0.008504606661941885,3.581818181818182,1.6666666666666667,0
482,47.0,Premium,Electronics,Net Banking,27723.29,25.23,751,0.75,0.015978695073235686,0.12166172106824925,1.4166666666666667,1
483,38.0,Regular,Books,Net Banking,20910.99,31.66,468,0.75,0.05128205128205128,0.9397590361445783,0.2916666666666667,0
484,42.0,Regular,Groceries,Net Banking,22651.24,19.85,306,0.0,0.09477124183006536,4.055555555555555,0.6551724137931034,0
485,37.0,Regular,Clothing,Net Banking,42858.16,1.09,1198,0.5714285714285714,0.011686143572621035,0.20056497175141244,1.2142857142857142,1
486,54.0,Premium,Electronics,Debit Card,18104.96,6.92,1691,0.23333333333333334,0.017740981667652277,0.7978723404255319,0.23333333333333334,0
487,37.0,Inactive,Groceries,Cash,45935.15,36.71,1708,0.8378378378378378,0.021662763466042154,0.7425149700598802,0.13513513513513514,0
488,24.0,Premium,Sports,Credit Card,19386.53,39.01,1811,0.7027027027027027,0.020430701270016567,0.5232558139534884,0.35135135135135137,0
489,67.0,Inactive,Books,Net Banking,46468.33,31.69,114,0.48717948717948717,0.34210526315789475,0.30246913580246915,0.02564102564102564,0
490,38.0,Inactive,Electronics,Cash,25368.88,11.04,1208,0.6666666666666666,0.0173841059602649,6.653846153846154,0.5714285714285714,0
491,50.0,Regular,Groceries,Credit Card,39425.23,7.4,1152,0.9473684210526315,0.016493055555555556,0.12716763005780346,0.7894736842105263,0
492,43.0,Premium,Groceries,Net Banking,22007.31,34.89,839,0.36363636363636365,0.03933253873659118,1.7714285714285714,0.5151515151515151,0
493,59.0,Regular,Furniture,Upi,49855.4,26.21,1432,0.675,0.027932960893854747,0.152,0.2,0
494,54.0,Premium,Sports,Credit Card,21465.26,17.42,1606,0.7407407407407407,0.016811955168119553,0.5393939393939394,0.7037037037037037,0
495,37.0,Regular,Furniture,Credit Card,31347.52,22.02,260,0.13793103448275862,0.11153846153846154,0.43333333333333335,0.3793103448275862,0
496,65.0,Regular,Furniture,Net Banking,43503.24,41.01,994,0.4,0.01006036217303823,11.0,0.3,0
497,19.0,Regular,Sports,Cash,10987.83,27.32,67,0.2571428571428571,0.5223880597014925,1.0601503759398496,0.42857142857142855,0
498,42.0,Inactive,Furniture,Credit Card,13145.09,3.01,982,0.6666666666666666,0.003054989816700611,1.7378640776699028,6.333333333333333,0
499,59.0,Premium,Groceries,Debit Card,13929.86,42.6,1806,0.023255813953488372,0.023809523809523808,0.27514792899408286,0.06976744186046512,0
500,59.0,Regular,Groceries,Credit Card,48842.29,4.98,437,0.15151515151515152,0.07551487414187644,0.7716049382716049,0.5757575757575758,0
501,50.0,New,Sports,Credit Card,2467.74,46.11,67,0.5,0.029850746268656716,0.5477707006369427,7.5,0
502,40.0,Regular,Sports,Debit Card,25545.48,48.91,822,1.0,0.024330900243309004,0.27626459143968873,0.05,1
503,70.0,New,Clothing,Net Banking,8009.55,44.86,1418,0.8,0.010578279266572637,0.10682492581602374,0.13333333333333333,1
504,57.0,New,Clothing,Credit Card,8061.08,48.53,453,0.918918918918919,0.08167770419426049,0.27419354838709675,0.3783783783783784,0
505,59.0,Inactive,Furniture,Upi,40105.2,43.13,1607,0.18181818181818182,0.027380211574362167,1.1132075471698113,0.36363636363636365,0
506,27.0,Premium,Groceries,Credit Card,28088.34,47.43,1597,0.2,0.0031308703819661866,0.7868852459016393,2.0,0
507,38.0,New,Clothing,Debit Card,37407.68,41.08,248,0.13793103448275862,0.11693548387096774,0.581039755351682,0.27586206896551724,0
508,26.0,Premium,Books,Debit Card,31038.85,30.28,1437,0.35,0.027835768963117607,0.1910828025477707,0.475,0
509,19.0,Premium,Sports,Credit Card,24091.81,25.12,1775,0.46,0.028169014084507043,0.3903225806451613,0.4,0
510,42.0,New,Electronics,Cash,10066.36,1.61,445,0.2727272727272727,0.024719101123595506,8.75,1.1818181818181819,0
511,66.0,Premium,Electronics,Upi,43422.89,24.5,1619,0.4482758620689655,0.017912291537986413,0.7065868263473054,0.2413793103448276,0
512,20.0,Regular,Groceries,Net Banking,46987.39,28.6,253,0.05,0.15810276679841898,0.4909090909090909,0.5,0
513,46.0,Premium,Clothing,Cash,27124.52,49.19,130,0.9705882352941176,0.26153846153846155,6.809523809523809,0.35294117647058826,0
514,30.0,New,Groceries,Credit Card,38797.01,14.3,1443,0.95,0.01386001386001386,1.2674418604651163,0.45,0
515,51.0,New,Books,Credit Card,22859.06,36.13,835,0.8095238095238095,0.05029940119760479,0.8103448275862069,0.42857142857142855,0
516,44.0,New,Electronics,Upi,22957.2,44.83,1446,0.3333333333333333,0.008298755186721992,1.125,0.16666666666666666,0
517,59.0,Premium,Electronics,Cash,35458.22,31.7,357,1.0,0.022408963585434174,3.0681818181818183,1.5,0
518,42.0,New,Electronics,Credit Card,8958.81,16.76,1605,0.18,0.03115264797507788,0.11538461538461539,0.1,0
519,63.0,New,Clothing,Credit Card,36643.01,48.05,445,0.15,0.0449438202247191,1.087837837837838,0.25,0
520,18.0,Premium,Groceries,Debit Card,42842.85,27.18,1235,0.46875,0.025910931174089068,52.0,0.46875,0
521,60.0,New,Groceries,Cash,4430.54,30.01,1171,0.6551724137931034,0.024765157984628524,1.119047619047619,0.27586206896551724,0
522,70.0,Premium,Electronics,Debit Card,3225.66,17.45,708,0.9,0.014124293785310734,0.12,1.8,0
523,23.0,Premium,Groceries,Net Banking,8486.09,14.22,393,0.75,0.030534351145038167,0.5250737463126843,1.5833333333333333,0
524,47.0,Regular,Electronics,Net Banking,38541.34,16.14,162,1.0,0.037037037037037035,0.09230769230769231,2.1666666666666665,1
525,36.0,Premium,Electronics,Debit Card,43040.69,16.46,1283,0.9777777777777777,0.03507404520654715,0.6367924528301887,0.13333333333333333,0
526,21.0,Inactive,Sports,Cash,26682.86,4.38,1766,0.6585365853658537,0.0232163080407701,0.43909348441926344,0.21951219512195122,0
527,38.0,New,Furniture,Net Banking,18015.74,6.49,1038,1.0,0.038535645472061654,0.4429065743944637,0.4,0
528,69.0,Inactive,Clothing,Credit Card,14879.16,9.68,1540,0.8695652173913043,0.02987012987012987,0.11475409836065574,0.30434782608695654,0
529,31.0,New,Electronics,Debit Card,17807.68,40.3,551,0.2727272727272727,0.039927404718693285,0.027522935779816515,0.9090909090909091,0
530,68.0,Regular,Clothing,Upi,27724.68,38.35,1513,0.6363636363636364,0.021810971579643092,2.983050847457627,0.30303030303030304,0
531,54.0,Premium,Clothing,Credit Card,41774.35,46.11,1016,0.9090909090909091,0.021653543307086614,0.4959349593495935,0.045454545454545456,0
532,27.0,New,Groceries,Cash,39307.46,20.7,676,0.6,0.04437869822485207,4.620689655172414,0.3,0
533,53.0,Premium,Clothing,Credit Card,34431.92,39.98,724,0.4594594594594595,0.05110497237569061,0.09340659340659341,0.10810810810810811,0
534,42.0,Premium,Furniture,Debit Card,19783.53,29.76,877,0.05128205128205128,0.04446978335233751,1.1455696202531647,0.2564102564102564,0
535,23.0,Regular,Groceries,Upi,41558.14,15.13,1637,0.10344827586206896,0.0177153329260843,0.2899628252788104,0.1724137931034483,0
536,20.0,Premium,Groceries,Net Banking,1734.27,24.13,1530,0.6363636363636364,0.021568627450980392,0.1556420233463035,0.18181818181818182,0
537,51.0,Regular,Electronics,Credit Card,43654.05,41.11,970,0.26,0.05154639175257732,0.6566037735849056,0.08,0
538,42.0,Premium,Electronics,Credit Card,46650.7,34.35,241,0.7,0.08298755186721991,0.07540983606557378,0.5,1
539,51.0,Premium,Furniture,Debit Card,25545.48,44.61,1120,0.3673469387755102,0.04375,0.3151515151515151,0.12244897959183673,0
540,38.0,Inactive,Electronics,Credit Card,7891.38,13.68,453,0.8888888888888888,0.039735099337748346,20.0,0.9444444444444444,0
541,52.0,New,Groceries,Credit Card,7507.06,35.22,667,0.2777777777777778,0.026986506746626688,1.0068493150684932,0.3888888888888889,0
542,57.0,New,Groceries,Credit Card,6938.66,23.54,206,0.75,0.019417475728155338,0.03757225433526012,0.75,1
543,45.0,Premium,Sports,Upi,44618.16,31.47,669,1.0,0.05829596412556054,0.5084745762711864,0.358974358974359,0
544,39.0,Inactive,Books,Net Banking,4388.01,46.14,229,0.14285714285714285,0.15283842794759825,0.6108786610878661,0.11428571428571428,0
545,44.0,Inactive,Sports,Upi,38441.43,23.53,832,0.34782608695652173,0.055288461538461536,0.3217391304347826,0.41304347826086957,0
546,29.0,Regular,Groceries,Debit Card,1998.07,23.77,1602,0.3125,0.019975031210986267,0.6833333333333333,0.4375,0
547,40.0,Premium,Furniture,Debit Card,20581.46,35.71,1121,0.14285714285714285,0.006244424620874219,1.5272727272727273,2.4285714285714284,0
548,47.0,Inactive,Groceries,Debit Card,31233.3,27.4,1696,0.625,0.009433962264150943,0.4008097165991903,0.125,1
549,62.0,New,Books,Cash,28576.95,17.11,189,0.75,0.14814814814814814,0.17134831460674158,0.17857142857142858,0
550,65.0,New,Electronics,Upi,30005.74,16.27,172,0.5,0.22093023255813954,2.28,0.13157894736842105,0
551,56.0,Inactive,Books,Debit Card,38681.5,18.95,1703,0.1282051282051282,0.022900763358778626,0.6535433070866141,0.02564102564102564,0
552,26.0,Inactive,Books,Cash,37975.35,33.04,1213,1.0,0.0008244023083264633,0.5905172413793104,9.0,0
553,46.0,Regular,Sports,Credit Card,15336.9,39.72,1223,0.5238095238095238,0.017170891251022075,0.22413793103448276,0.6190476190476191,1
554,18.0,New,Books,Upi,42699.01,3.12,254,0.8888888888888888,0.03543307086614173,0.04964539007092199,0.0,1
555,36.0,Regular,Groceries,Upi,29713.11,31.26,1146,0.5333333333333333,0.03926701570680628,0.2684931506849315,0.26666666666666666,0
556,31.0,New,Electronics,Cash,25545.48,42.17,287,0.3076923076923077,0.04529616724738676,0.5783783783783784,0.3076923076923077,0
557,26.0,Premium,Sports,Credit Card,7627.8,44.24,1345,0.0,0.001486988847583643,0.3323442136498516,2.0,0
558,69.0,New,Books,Net Banking,30419.26,21.29,1709,0.6,0.02633118782913985,1.2580645161290323,0.35555555555555557,0
559,46.0,Regular,Clothing,Net Banking,21526.21,0.37,581,0.9166666666666666,0.020654044750430294,0.734375,0.5833333333333334,0
560,44.0,Inactive,Groceries,Credit Card,48922.56,28.41,320,1.0,0.009375,0.2631578947368421,1.0,1
561,64.0,Regular,Groceries,Cash,4372.61,44.5,1327,0.11764705882352941,0.02562170308967596,1.3695652173913044,0.4411764705882353,0
562,52.0,Regular,Furniture,Net Banking,45227.47,26.75,1205,1.0,0.0033195020746887966,20.166666666666668,3.5,0
563,64.0,New,Groceries,Debit Card,14815.82,1.77,155,0.9473684210526315,0.12258064516129032,0.6274509803921569,0.47368421052631576,0
564,58.0,Inactive,Electronics,Credit Card,3055.18,49.52,289,0.8378378378378378,0.12802768166089964,0.021875,0.24324324324324326,0
565,50.0,Regular,Clothing,Credit Card,30981.99,13.76,1241,1.0,0.007252215954875101,0.030303030303030304,0.3333333333333333,0
566,65.0,Inactive,Groceries,Net Banking,40488.11,13.06,1795,0.20833333333333334,0.013370473537604457,0.16991643454038996,0.625,1
567,20.0,Premium,Electronics,Debit Card,46730.12,7.71,1383,0.6153846153846154,0.028199566160520606,0.7598425196850394,0.3333333333333333,0
568,46.0,Regular,Furniture,Credit Card,42170.74,2.72,980,0.06382978723404255,0.04795918367346939,1.4264705882352942,0.06382978723404255,0
569,43.0,Regular,Groceries,Debit Card,47438.46,46.12,327,0.625,0.14678899082568808,0.8166666666666667,0.25,0
570,51.0,Premium,Clothing,Net Banking,19409.2,15.78,1335,0.10344827586206896,0.021722846441947566,0.6433823529411765,0.034482758620689655,0
571,40.0,Inactive,Sports,Upi,17080.89,13.35,974,1.0,0.018480492813141684,1.2941176470588236,1.1111111111111112,0
572,67.0,Inactive,Furniture,Credit Card,10148.82,16.87,1407,0.7,0.03553660270078181,0.1327683615819209,0.2,0
573,18.0,Premium,Groceries,Debit Card,26500.58,34.27,99,0.5714285714285714,0.0707070707070707,0.31666666666666665,1.2857142857142858,0
574,19.0,Premium,Furniture,Credit Card,44751.36,10.84,1783,0.16279069767441862,0.02411665731912507,0.5342019543973942,0.06976744186046512,0
575,56.0,New,Sports,Debit Card,45044.91,28.3,986,0.32653061224489793,0.04969574036511156,0.30526315789473685,0.10204081632653061,0
576,60.0,Inactive,Groceries,Credit Card,38583.28,34.61,1628,0.4444444444444444,0.011056511056511056,0.5789473684210527,0.5555555555555556,0
577,22.0,Premium,Groceries,Net Banking,16966.41,3.0,440,0.08,0.056818181818181816,0.3382352941176471,0.56,0
578,44.0,Premium,Sports,Net Banking,5867.31,27.03,1495,0.1875,0.02140468227424749,0.25339366515837103,0.59375,0
579,34.0,Premium,Electronics,Cash,28781.56,12.53,1341,0.2,0.0037285607755406414,0.021834061135371178,3.0,1
580,18.0,Inactive,Groceries,Net Banking,8004.57,16.49,1009,0.8888888888888888,0.017839444995044598,0.736318407960199,0.0,0
581,45.0,Premium,Furniture,Upi,663.71,47.71,1426,0.7333333333333333,0.010518934081346423,0.12955465587044535,1.2,1
582,37.0,Premium,Sports,Cash,4988.02,26.73,445,0.42857142857142855,0.09438202247191012,0.12,0.3333333333333333,0
583,29.0,Premium,Groceries,Credit Card,9954.66,34.79,1325,0.7209302325581395,0.03245283018867925,2.9454545454545453,0.2558139534883721,0
584,46.0,Premium,Electronics,Net Banking,1755.55,49.82,1347,0.07692307692307693,0.009651076466221232,1.024390243902439,0.9230769230769231,0
585,37.0,New,Books,Credit Card,25545.48,0.82,860,0.8620689655172413,0.03372093023255814,0.08620689655172414,0.3448275862068966,0
586,25.0,Inactive,Sports,Credit Card,23189.33,33.9,105,0.4117647058823529,0.3238095238095238,0.14181818181818182,0.5294117647058824,0
587,65.0,New,Sports,Credit Card,23825.37,45.9,382,0.0,0.005235602094240838,2.625,10.0,0
588,58.0,Regular,Books,Net Banking,23081.14,8.53,1248,0.14285714285714285,0.005608974358974359,0.056105610561056105,0.42857142857142855,1
589,69.0,Premium,Books,Cash,21597.47,40.58,1209,0.07692307692307693,0.010752688172043012,0.2959770114942529,0.7692307692307693,0
590,44.0,Regular,Books,Credit Card,38329.28,29.65,1581,0.2857142857142857,0.008855154965211892,0.09883720930232558,0.21428571428571427,0
591,44.0,Regular,Furniture,Cash,22213.73,46.28,800,0.9090909090909091,0.01375,1.6666666666666667,0.2727272727272727,0
592,67.0,Premium,Groceries,Debit Card,814.3,8.97,882,0.6666666666666666,0.006802721088435374,3.9347826086956523,3.3333333333333335,0
593,62.0,Premium,Clothing,Credit Card,32171.37,26.15,1251,0.9,0.007993605115907274,0.2938388625592417,0.5,1
594,29.0,Inactive,Electronics,Debit Card,41410.94,15.06,270,0.36585365853658536,0.15185185185185185,0.009302325581395349,0.4146341463414634,0
595,51.0,Inactive,Groceries,Debit Card,49345.72,25.38,596,0.8571428571428571,0.08221476510067115,0.8319327731092437,0.40816326530612246,0
596,21.0,Premium,Books,Cash,34419.57,48.43,118,0.2,0.0847457627118644,0.5267489711934157,0.5,0
597,21.0,Regular,Clothing,Credit Card,12943.4,30.84,1130,0.8214285714285714,0.024778761061946902,0.05150214592274678,0.10714285714285714,0
598,29.0,Premium,Groceries,Upi,6245.22,44.75,437,0.6060606060606061,0.07551487414187644,0.6666666666666666,0.5454545454545454,0
599,65.0,Regular,Books,Credit Card,16643.55,4.9,994,0.375,0.008048289738430584,0.24528301886792453,1.5,1
600,55.0,Premium,Groceries,Net Banking,11200.18,30.47,1504,0.2,0.006648936170212766,1.0869565217391304,1.1,0
601,30.0,Regular,Clothing,Net Banking,6796.98,34.61,969,0.13636363636363635,0.022703818369453045,2.3225806451612905,0.18181818181818182,0
602,44.0,Regular,Clothing,Net Banking,30379.98,39.48,1781,0.9473684210526315,0.010668163952835485,0.4801223241590214,0.2631578947368421,0
603,32.0,New,Books,Credit Card,24716.06,49.78,1525,0.5,0.022295081967213116,0.40264026402640263,0.4117647058823529,0
604,45.0,Regular,Groceries,Credit Card,29183.62,44.59,885,1.0,0.031638418079096044,0.12871287128712872,0.6428571428571429,0
605,20.0,New,Sports,Net Banking,25458.71,21.28,522,0.56,0.09578544061302682,0.6089108910891089,0.06,0
606,23.0,Premium,Sports,Credit Card,20627.59,10.9,62,0.8723404255319149,0.7580645161290323,0.41304347826086957,0.14893617021276595,0
607,48.0,Premium,Sports,Credit Card,42967.14,37.36,1820,0.8,0.016483516483516484,9.0,0.4666666666666667,0
608,63.0,Premium,Books,Upi,31527.14,35.2,1117,0.5,0.021486123545210387,161.0,0.08333333333333333,0
609,20.0,New,Books,Credit Card,35053.72,30.63,1084,0.5555555555555556,0.016605166051660517,0.18305084745762712,0.1111111111111111,1
610,61.0,Premium,Electronics,Net Banking,18596.75,30.96,1473,0.8,0.01697216564833673,0.5,0.2,1
611,22.0,Regular,Electronics,Debit Card,12312.32,5.68,1572,1.0,0.013994910941475827,0.7714285714285715,0.8181818181818182,0
612,65.0,Regular,Groceries,Net Banking,25426.52,21.15,1025,0.6111111111111112,0.0175609756097561,0.6071428571428571,0.6111111111111112,0
613,50.0,Premium,Groceries,Cash,26829.27,41.27,1449,0.5,0.031746031746031744,0.7733333333333333,0.41304347826086957,0
614,69.0,Regular,Groceries,Debit Card,4468.43,44.9,259,0.16666666666666666,0.023166023166023165,0.13513513513513514,0.5,0
615,62.0,New,Electronics,Credit Card,26274.04,31.36,1000,1.0,0.014,0.7086092715231788,1.2142857142857142,0
616,40.0,New,Sports,Upi,1563.37,9.45,873,0.9761904761904762,0.048109965635738834,5.0,0.38095238095238093,0
617,55.0,Inactive,Sports,Debit Card,24564.35,33.29,1191,0.6666666666666666,0.017632241813602016,0.5183823529411765,0.6666666666666666,0
618,26.0,Premium,Books,Upi,11725.71,18.6,612,0.23529411764705882,0.027777777777777776,1.337837837837838,0.058823529411764705,0
619,47.0,Inactive,Electronics,Debit Card,26998.18,9.11,269,0.21739130434782608,0.17100371747211895,2.022222222222222,0.08695652173913043,0
620,20.0,Inactive,Electronics,Upi,13390.16,9.22,734,0.7241379310344828,0.039509536784741145,0.6319444444444444,0.034482758620689655,0
621,27.0,New,Furniture,Net Banking,26915.33,6.07,685,0.18181818181818182,0.016058394160583942,8.0,1.3636363636363635,0
622,27.0,New,Furniture,Credit Card,32538.58,14.78,1667,0.9545454545454546,0.013197360527894421,1.3020134228187918,0.8181818181818182,0
623,54.0,Regular,Sports,Debit Card,36716.21,45.01,80,0.125,0.1,2.4166666666666665,2.125,0
624,43.0,New,Groceries,Debit Card,16655.14,30.41,430,0.16666666666666666,0.013953488372093023,1.5,2.6666666666666665,0
625,19.0,New,Books,Upi,34014.64,47.88,1265,0.5172413793103449,0.02292490118577075,0.3840304182509506,0.20689655172413793,0
626,56.0,Premium,Sports,Credit Card,20179.12,35.8,612,0.4583333333333333,0.0392156862745098,0.4337899543378995,0.5,1
627,40.0,Regular,Groceries,Debit Card,4836.13,36.39,365,0.7777777777777778,0.09863013698630137,0.8333333333333334,0.3611111111111111,0
628,69.0,New,Electronics,Credit Card,30097.82,7.18,1239,0.5526315789473685,0.03066989507667474,0.782051282051282,0.42105263157894735,0
629,66.0,Premium,Electronics,Cash,32120.9,13.67,1576,0.8148148148148148,0.01713197969543147,1.5888888888888888,0.5185185185185185,0
630,26.0,Premium,Books,Net Banking,14828.43,24.53,1545,0.6,0.016181229773462782,0.967741935483871,0.36,0
631,47.0,Premium,Books,Cash,8124.19,15.01,1393,0.0,0.0007178750897343862,0.4969512195121951,15.0,0
632,36.0,Premium,Groceries,Upi,32416.9,1.42,1220,0.8444444444444444,0.036885245901639344,0.8943661971830986,0.044444444444444446,0
633,48.0,New,Books,Cash,31585.8,23.8,65,0.9411764705882353,0.26153846153846155,0.08707865168539326,0.6470588235294118,1
634,34.0,Inactive,Electronics,Debit Card,16324.22,43.92,769,0.0,0.013003901170351105,1.3142857142857143,0.5,0
635,44.0,Premium,Clothing,Credit Card,26715.81,46.82,1256,0.2631578947368421,0.015127388535031847,0.1893939393939394,1.0526315789473684,1
636,66.0,New,Groceries,Net Banking,41427.69,34.25,1217,0.14285714285714285,0.01725554642563681,0.45161290322580644,0.5238095238095238,0
637,40.0,Premium,Electronics,Debit Card,14430.18,38.94,346,0.17647058823529413,0.09826589595375723,0.41706161137440756,0.14705882352941177,0
638,50.0,Regular,Books,Upi,30864.7,41.57,973,0.19444444444444445,0.03699897225077081,0.5074074074074074,0.4722222222222222,0
639,22.0,Premium,Electronics,Credit Card,17736.39,34.55,1483,0.6774193548387096,0.020903573836817263,1.5833333333333333,0.6129032258064516,0
640,37.0,Premium,Clothing,Credit Card,42912.35,7.12,190,0.3333333333333333,0.04736842105263158,0.6752136752136753,0.4444444444444444,0
641,45.0,Premium,Electronics,Cash,24470.62,21.56,1081,1.0,0.04625346901017576,0.27722772277227725,0.02,0
642,55.0,New,Electronics,Cash,2642.43,15.08,450,0.17647058823529413,0.03777777777777778,32.333333333333336,0.17647058823529413,0
643,55.0,Premium,Sports,Credit Card,1948.33,7.28,1781,0.4782608695652174,0.01291409320606401,1.0419580419580419,0.4782608695652174,0
644,50.0,New,Furniture,Debit Card,5405.73,28.91,607,1.0,0.008237232289950576,17.0,1.2,0
645,28.0,Premium,Sports,Net Banking,46249.49,46.02,1409,0.2857142857142857,0.0049680624556423,0.33608815426997246,1.5714285714285714,0
646,24.0,Regular,Groceries,Net Banking,11106.56,11.38,255,0.10714285714285714,0.10980392156862745,3.3620689655172415,0.35714285714285715,0
647,51.0,New,Books,Credit Card,35384.18,27.86,818,0.625,0.029339853300733496,1.0476190476190477,0.4166666666666667,0
648,36.0,Inactive,Sports,Upi,34508.8,42.05,416,0.45,0.04807692307692308,1.2241379310344827,0.65,0
649,22.0,Inactive,Groceries,Net Banking,1132.9,33.71,1378,0.5833333333333334,0.008708272859216255,0.0782608695652174,1.0,1
650,61.0,Premium,Electronics,Upi,20330.9,29.53,437,0.07692307692307693,0.059496567505720827,3.5849056603773586,0.19230769230769232,0
651,39.0,Inactive,Books,Debit Card,6576.73,41.91,1578,0.6923076923076923,0.016476552598225603,0.28125,0.6923076923076923,0
652,68.0,Regular,Groceries,Net Banking,30356.69,20.22,251,0.20930232558139536,0.17131474103585656,0.5261044176706827,0.18604651162790697,0
653,25.0,New,Groceries,Net Banking,31604.37,6.73,1418,0.13333333333333333,0.010578279266572637,3.7058823529411766,0.06666666666666667,0
654,19.0,New,Furniture,Net Banking,16684.32,15.14,1601,0.9545454545454546,0.027482823235477825,0.078125,0.045454545454545456,0
655,49.0,Regular,Clothing,Credit Card,25146.0,25.24,1594,0.7906976744186046,0.026976160602258468,0.31654676258992803,0.3953488372093023,0
656,20.0,Premium,Groceries,Net Banking,16070.68,18.82,1380,0.1724137931034483,0.021014492753623187,0.0423728813559322,0.034482758620689655,0
657,67.0,Premium,Groceries,Cash,7157.17,35.79,1034,0.6428571428571429,0.027079303675048357,0.784,0.10714285714285714,0
658,60.0,Inactive,Furniture,Debit Card,23756.01,28.11,1043,0.6756756756756757,0.03547459252157239,1.6049382716049383,0.02702702702702703,0
659,55.0,Inactive,Sports,Credit Card,38440.3,14.22,1744,0.043478260869565216,0.013188073394495414,0.25,0.782608695652174,0
660,41.0,Inactive,Electronics,Upi,44621.47,17.06,749,0.4489795918367347,0.06542056074766354,2.2,0.22448979591836735,0
661,21.0,Regular,Clothing,Upi,15948.93,4.25,377,0.16666666666666666,0.11140583554376658,0.04815864022662889,0.21428571428571427,0
662,19.0,Regular,Electronics,Net Banking,33059.51,21.12,1234,0.0,0.024311183144246355,0.4090909090909091,0.26666666666666666,0
663,19.0,New,Furniture,Net Banking,16459.86,4.89,1059,0.4,0.023607176581680833,0.10358565737051793,0.24,1
664,69.0,Premium,Furniture,Debit Card,18485.05,21.8,618,0.85,0.032362459546925564,0.6392156862745098,0.1,0
665,34.0,Regular,Furniture,Cash,40327.85,31.23,719,0.11538461538461539,0.03616133518776078,3.8333333333333335,0.6923076923076923,0
666,35.0,Inactive,Books,Debit Card,24025.78,10.49,916,0.9411764705882353,0.03711790393013101,4.175,0.2647058823529412,0
667,60.0,Regular,Clothing,Credit Card,20413.9,31.25,1315,0.18518518518518517,0.02053231939163498,0.7381974248927039,0.6296296296296297,0
668,63.0,Premium,Furniture,Cash,11041.16,48.11,1518,0.84375,0.021080368906455864,0.2875,0.625,0
669,58.0,New,Clothing,Upi,23393.09,12.02,682,0.0,0.03812316715542522,0.5584045584045584,0.34615384615384615,0
670,22.0,New,Clothing,Credit Card,32479.11,12.82,337,0.3684210526315789,0.05637982195845697,0.19805194805194806,0.631578947368421,1
671,30.0,Regular,Books,Debit Card,23475.91,27.99,356,0.05,0.056179775280898875,0.48660714285714285,1.0,0
672,35.0,Premium,Clothing,Credit Card,33104.2,8.8,1790,0.0,0.01005586592178771,8.409090909090908,0.8333333333333334,0
673,23.0,Inactive,Clothing,Credit Card,45078.46,20.35,513,0.6,0.009746588693957114,0.9197860962566845,0.4,0
674,25.0,New,Electronics,Debit Card,33378.75,29.02,1258,0.14705882352941177,0.02702702702702703,0.241635687732342,0.4411764705882353,0
675,25.0,Regular,Books,Credit Card,36993.2,40.29,388,0.23684210526315788,0.0979381443298969,0.9008264462809917,0.15789473684210525,0
676,31.0,New,Groceries,Net Banking,43213.55,2.8,897,0.5882352941176471,0.0189520624303233,0.35036496350364965,0.17647058823529413,1
677,48.0,Regular,Books,Credit Card,18468.4,35.78,1753,0.9,0.005704506560182544,0.0379746835443038,2.0,0
678,65.0,Inactive,Clothing,Debit Card,27860.03,15.46,1786,1.0,0.009518477043673012,0.2590529247910863,0.17647058823529413,1
679,46.0,Premium,Groceries,Net Banking,15393.96,46.82,1323,0.29411764705882354,0.012849584278155708,3.727272727272727,0.35294117647058826,0
680,38.0,Premium,Clothing,Upi,41248.29,47.02,1499,1.0,0.004002668445630421,0.78099173553719,2.1666666666666665,0
681,45.0,Premium,Sports,Net Banking,25563.56,17.59,1453,0.5882352941176471,0.01169993117687543,0.6051779935275081,1.0,0
682,19.0,Inactive,Sports,Cash,31692.74,39.55,655,0.25,0.0183206106870229,0.014285714285714285,1.0,0
683,38.0,Premium,Electronics,Cash,12855.38,35.68,870,0.8181818181818182,0.01264367816091954,0.5885885885885885,0.36363636363636365,0
684,68.0,New,Groceries,Credit Card,7108.74,8.67,878,0.25,0.05466970387243736,0.27631578947368424,0.1875,0
685,41.0,New,Groceries,Credit Card,11612.11,47.41,977,0.3783783783783784,0.037871033776867964,0.5804195804195804,0.5135135135135135,0
686,30.0,Premium,Electronics,Cash,31091.2,30.02,270,0.19230769230769232,0.0962962962962963,0.2987012987012987,0.4230769230769231,0
687,18.0,New,Books,Debit Card,41449.24,24.71,619,0.2,0.048465266558966075,1.5913043478260869,0.2,0
688,65.0,New,Electronics,Credit Card,42888.72,30.0,866,0.4642857142857143,0.03233256351039261,1.289655172413793,0.21428571428571427,0
689,68.0,Premium,Clothing,Credit Card,12156.54,22.55,51,0.8235294117647058,0.3333333333333333,0.7421875,1.0588235294117647,0
690,48.0,Regular,Sports,Credit Card,34499.2,35.67,225,0.3076923076923077,0.11555555555555555,0.3002754820936639,0.7307692307692307,0
691,53.0,Premium,Groceries,Credit Card,23811.15,17.72,549,0.0625,0.029143897996357013,0.5530546623794212,1.1875,0
692,50.0,Regular,Groceries,Debit Card,18859.61,48.4,377,0.2558139534883721,0.11405835543766578,0.03832752613240418,0.4186046511627907,0
693,50.0,Regular,Groceries,Upi,4937.58,35.51,120,0.1111111111111111,0.075,0.16666666666666666,0.8888888888888888,1
694,26.0,Regular,Sports,Upi,46348.73,14.15,922,0.6666666666666666,0.026030368763557483,1.162962962962963,0.3333333333333333,0
695,28.0,New,Books,Credit Card,28005.9,46.14,141,0.3,0.07092198581560284,0.34662576687116564,0.1,0
696,32.0,Premium,Groceries,Upi,8595.97,23.36,1482,0.8235294117647058,0.011470985155195682,2.1166666666666667,0.058823529411764705,0
697,53.0,New,Groceries,Debit Card,42369.0,43.34,399,0.375,0.020050125313283207,1.40625,0.25,0
698,28.0,Regular,Furniture,Upi,29491.03,29.18,187,0.2558139534883721,0.22994652406417113,45.0,0.4186046511627907,0
699,33.0,Inactive,Electronics,Cash,1785.13,34.07,247,0.5,0.08906882591093117,0.09169054441260745,0.5454545454545454,1
700,38.0,Premium,Electronics,Cash,41619.61,32.98,41,0.6333333333333333,0.7317073170731707,0.6909871244635193,0.26666666666666666,0
701,39.0,Inactive,Furniture,Credit Card,16583.32,36.58,1671,0.9310344827586207,0.017354877318970677,0.11643835616438356,0.20689655172413793,0
702,59.0,Regular,Books,Debit Card,37318.1,27.36,394,0.75,0.01015228426395939,0.31715210355987056,0.5,1
703,33.0,Premium,Electronics,Credit Card,8565.56,38.97,641,0.14285714285714285,0.0218408736349454,1.1369863013698631,1.4285714285714286,0
704,49.0,Regular,Sports,Net Banking,6998.69,33.28,824,0.7948717948717948,0.04733009708737864,0.6984126984126984,0.15384615384615385,0
705,48.0,Inactive,Furniture,Cash,4966.01,21.13,902,0.4642857142857143,0.031042128603104215,0.8359788359788359,0.17857142857142858,0
706,44.0,New,Groceries,Cash,33983.78,32.38,1104,0.6666666666666666,0.02717391304347826,1.5875,0.5333333333333333,0
707,23.0,New,Groceries,Debit Card,45406.78,23.88,1101,1.0,0.005449591280653951,0.42857142857142855,1.5,0
708,45.0,Inactive,Electronics,Credit Card,4288.36,2.25,981,0.7222222222222222,0.03669724770642202,2.3392857142857144,0.3611111111111111,0
709,60.0,Regular,Groceries,Credit Card,29485.61,38.43,1756,0.29411764705882354,0.00968109339407745,3.3333333333333335,0.8235294117647058,0
710,43.0,Premium,Groceries,Debit Card,15233.55,29.36,729,0.8478260869565217,0.06310013717421124,0.8326180257510729,0.30434782608695654,0
711,69.0,Regular,Electronics,Credit Card,37477.95,30.2,41,0.6666666666666666,0.14634146341463414,0.08115942028985507,2.1666666666666665,1
712,43.0,Premium,Electronics,Debit Card,24117.43,34.59,1296,0.7380952380952381,0.032407407407407406,0.5667655786350149,0.4523809523809524,0
713,70.0,Inactive,Sports,Credit Card,20052.36,15.13,1701,0.2727272727272727,0.02586713697824809,0.5384615384615384,0.0,0
714,19.0,Premium,Clothing,Credit Card,32606.85,32.49,646,0.3870967741935484,0.047987616099071206,0.71875,0.5483870967741935,0
715,67.0,Premium,Groceries,Net Banking,1579.93,8.31,70,0.5357142857142857,0.4,2.4050632911392404,0.5,0
716,46.0,Regular,Clothing,Cash,28686.81,41.69,1765,0.15789473684210525,0.01076487252124646,3.185185185185185,0.0,0
717,63.0,New,Books,Upi,36985.38,29.79,1025,0.96875,0.03121951219512195,0.2640845070422535,0.03125,0
718,50.0,Inactive,Sports,Net Banking,11979.34,3.04,160,0.625,0.2,10.9,0.5625,0
719,35.0,New,Electronics,Credit Card,31323.49,32.31,619,0.03125,0.051696284329563816,0.7782608695652173,0.40625,0
720,64.0,New,Groceries,Cash,11989.1,10.99,989,0.9310344827586207,0.029322548028311426,0.24786324786324787,0.6551724137931034,0
721,26.0,New,Groceries,Debit Card,32798.76,18.01,1444,0.29545454545454547,0.030470914127423823,0.17355371900826447,0.4318181818181818,0
722,65.0,Inactive,Groceries,Debit Card,9077.91,7.82,510,0.7777777777777778,0.01764705882352941,0.10317460317460317,1.4444444444444444,1
723,31.0,Premium,Electronics,Credit Card,44104.85,17.85,721,0.043478260869565216,0.0319001386962552,0.5487804878048781,0.6956521739130435,0
724,45.0,Inactive,Clothing,Debit Card,28318.08,24.32,339,1.0,0.02359882005899705,0.52,0.125,0
725,62.0,Inactive,Sports,Cash,25545.48,46.33,1278,0.14285714285714285,0.005477308294209703,0.5244444444444445,0.42857142857142855,0
726,68.0,New,Electronics,Net Banking,5717.85,31.5,1590,0.5454545454545454,0.020754716981132074,0.8773584905660378,0.15151515151515152,0
727,50.0,Premium,Electronics,Credit Card,18504.98,40.96,532,0.6190476190476191,0.07894736842105263,0.8253968253968254,0.3333333333333333,0
728,69.0,Regular,Clothing,Credit Card,8977.46,13.3,1572,0.45454545454545453,0.02099236641221374,0.43661971830985913,0.6060606060606061,0
729,66.0,New,Books,Credit Card,7330.72,100.0,936,0.7333333333333333,0.016025641025641024,0.5619047619047619,1.0666666666666667,0
730,27.0,New,Electronics,Credit Card,17246.03,20.08,1382,0.5,0.004341534008683068,1.3176470588235294,0.16666666666666666,0
731,59.0,Inactive,Electronics,Cash,49012.33,39.95,1465,0.6097560975609756,0.027986348122866895,0.2846441947565543,0.3170731707317073,0
732,53.0,Regular,Groceries,Cash,41436.68,45.01,450,1.0,0.0022222222222222222,0.12140575079872204,12.0,1
733,52.0,Regular,Books,Upi,20523.03,9.86,828,0.8095238095238095,0.050724637681159424,0.14193548387096774,0.023809523809523808,0
734,64.0,New,Furniture,Credit Card,11079.86,25.58,87,0.2631578947368421,0.21839080459770116,0.8375,0.5263157894736842,0
735,68.0,Inactive,Clothing,Upi,41695.33,15.2,561,0.0625,0.0285204991087344,0.5990783410138248,0.1875,0
736,58.0,Regular,Electronics,Net Banking,37949.72,47.07,724,0.0,0.0055248618784530384,0.3347826086956522,4.5,1
737,33.0,Inactive,Sports,Cash,33443.27,42.22,1637,0.43902439024390244,0.02504581551618815,0.75,0.21951219512195122,0
738,70.0,Inactive,Electronics,Debit Card,19194.45,36.88,1715,0.8043478260869565,0.026822157434402333,1.5555555555555556,0.34782608695652173,0
739,67.0,New,Electronics,Credit Card,35726.2,41.42,1005,0.6,0.009950248756218905,0.5714285714285714,0.1,0
740,31.0,Premium,Groceries,Cash,26549.65,29.41,1051,0.36363636363636365,0.04186489058039962,0.7518796992481203,0.2727272727272727,0
741,58.0,New,Sports,Net Banking,36719.99,20.85,1486,0.25,0.021534320323014805,0.44047619047619047,0.5,0
742,47.0,New,Books,Credit Card,6343.88,10.63,1262,0.6764705882352942,0.02694136291600634,0.037037037037037035,0.14705882352941177,0
743,44.0,Premium,Groceries,Debit Card,14834.73,26.14,632,0.6216216216216216,0.058544303797468354,7.39344262295082,0.24324324324324326,0
744,49.0,Premium,Electronics,Net Banking,21376.97,46.84,34,0.2894736842105263,1.1176470588235294,0.46496815286624205,0.15789473684210525,0
745,44.0,Regular,Electronics,Net Banking,21169.97,28.65,1738,1.0,0.0017261219792865361,0.4,3.3333333333333335,0
746,64.0,Premium,Furniture,Cash,23316.34,22.5,1390,0.12195121951219512,0.029496402877697843,0.16956521739130434,0.24390243902439024,0
747,57.0,New,Clothing,Credit Card,17280.4,2.29,1803,0.7692307692307693,0.014420410427066,0.3313953488372093,0.3076923076923077,0
748,28.0,Inactive,Sports,Debit Card,35516.24,28.05,1297,0.1,0.03855050115651504,2.578125,0.34,0
749,52.0,Premium,Furniture,Credit Card,9875.1,23.79,593,0.3235294117647059,0.05733558178752108,3.1,0.5,0
750,68.0,Regular,Books,Upi,42026.41,28.98,1236,0.43478260869565216,0.0372168284789644,3.1136363636363638,0.41304347826086957,0
751,20.0,Premium,Groceries,Credit Card,9435.15,1.2,264,0.2857142857142857,0.10606060606060606,0.3025830258302583,0.42857142857142855,0
752,24.0,Premium,Clothing,Credit Card,9542.11,38.42,150,1.0,0.06666666666666667,1.0,1.3,0
753,57.0,Premium,Electronics,Debit Card,3395.84,19.5,799,0.43478260869565216,0.057571964956195244,0.22560975609756098,0.2826086956521739,0
754,70.0,Premium,Clothing,Credit Card,37730.62,29.3,581,0.75,0.027538726333907058,0.5177865612648221,1.0,0
755,21.0,New,Furniture,Net Banking,3740.18,1.45,1230,0.2962962962962963,0.02195121951219512,0.18461538461538463,0.0,0
756,61.0,Regular,Books,Cash,32751.77,6.28,1054,0.1388888888888889,0.03415559772296015,0.36082474226804123,0.3888888888888889,0
757,31.0,Regular,Furniture,Credit Card,39210.17,26.88,1694,0.0,0.006493506493506494,0.6589861751152074,1.2727272727272727,0
758,47.0,Inactive,Electronics,Upi,3478.66,46.09,1755,1.0,0.0005698005698005698,1.1,8.0,0
759,58.0,Inactive,Books,Credit Card,14424.91,8.07,839,0.5757575757575758,0.03933253873659118,0.5291970802919708,0.06060606060606061,0
760,62.0,Premium,Sports,Cash,49941.65,43.91,731,0.5555555555555556,0.049247606019151846,1.4537037037037037,0.4444444444444444,0
761,58.0,New,Clothing,Credit Card,33282.71,16.08,1446,0.625,0.011065006915629323,1.0925925925925926,1.1875,0
762,26.0,Inactive,Groceries,Net Banking,45121.53,33.64,196,1.0,0.00510204081632653,0.6745283018867925,15.0,0
763,68.0,New,Electronics,Credit Card,22536.25,6.17,1748,0.5581395348837209,0.02459954233409611,0.7979274611398963,0.2558139534883721,0
764,67.0,Premium,Groceries,Debit Card,46844.27,22.23,1423,1.0,0.016865776528460996,1.6754385964912282,0.0,0
765,63.0,Regular,Electronics,Credit Card,31449.21,40.42,604,0.575,0.06622516556291391,0.5263157894736842,0.375,0
766,49.0,Premium,Clothing,Net Banking,20106.27,43.5,426,0.24390243902439024,0.09624413145539906,0.4417808219178082,0.36585365853658536,0
767,60.0,Inactive,Sports,Debit Card,28474.44,3.27,1197,0.20512820512820512,0.03258145363408521,2.893939393939394,0.05128205128205128,0
768,32.0,Regular,Clothing,Cash,1644.32,48.49,1177,0.36363636363636365,0.037383177570093455,0.3936781609195402,0.4318181818181818,0
769,47.0,New,Sports,Credit Card,47182.17,2.59,1422,0.38636363636363635,0.030942334739803096,0.6686746987951807,0.29545454545454547,0
770,51.0,New,Groceries,Net Banking,38071.57,44.19,949,0.7647058823529411,0.03582718651211802,0.11304347826086956,0.23529411764705882,0
771,38.0,New,Clothing,Upi,4549.54,28.59,182,1.0,0.12087912087912088,14.538461538461538,0.3181818181818182,0
772,33.0,Premium,Groceries,Cash,3610.78,31.26,1662,0.0,0.012033694344163659,8.2,0.65,0
773,58.0,Regular,Clothing,Credit Card,23942.04,47.94,1618,0.42857142857142855,0.004326328800988875,3.0714285714285716,2.2857142857142856,0
774,56.0,Premium,Sports,Credit Card,29157.26,4.28,1632,0.3448275862068966,0.017769607843137254,0.28125,0.41379310344827586,0
775,26.0,New,Electronics,Credit Card,30731.56,21.59,633,0.85,0.0315955766192733,3.2830188679245285,0.05,0
776,42.0,Premium,Furniture,Upi,20849.85,43.23,980,0.5918367346938775,0.05,0.47337278106508873,0.0,0
777,68.0,Inactive,Furniture,Cash,17311.02,46.88,424,0.7142857142857143,0.01650943396226415,8.357142857142858,2.2857142857142856,0
778,24.0,Premium,Furniture,Net Banking,3843.45,39.47,554,0.8695652173913043,0.08303249097472924,1.47,0.08695652173913043,0
779,40.0,New,Sports,Cash,22508.9,12.16,922,0.475,0.04338394793926247,0.6956521739130435,0.1,0
780,50.0,Regular,Furniture,Upi,38887.04,7.37,46,0.5142857142857142,0.7608695652173914,0.9748427672955975,0.2857142857142857,0
781,51.0,Inactive,Sports,Debit Card,3337.22,25.36,440,0.5,0.022727272727272728,0.04878048780487805,1.3,1
782,58.0,Premium,Groceries,Cash,33559.08,34.74,1189,1.0,0.010933557611438183,0.6416666666666667,0.7692307692307693,0
783,39.0,New,Groceries,Cash,5689.97,43.81,486,0.0,0.02263374485596708,5.7727272727272725,0.6363636363636364,0
784,62.0,New,Furniture,Upi,12331.44,36.73,407,0.21428571428571427,0.0343980343980344,1.1176470588235294,0.8571428571428571,0
785,70.0,Regular,Electronics,Cash,18215.39,27.73,1229,0.2,0.0040683482506102524,1.0273972602739727,2.8,0
786,66.0,Premium,Electronics,Net Banking,10292.34,8.71,533,0.38461538461538464,0.024390243902439025,1.3703703703703705,0.38461538461538464,0
787,29.0,Premium,Electronics,Upi,45577.12,1.05,460,0.17647058823529413,0.03695652173913044,0.1037463976945245,0.7058823529411765,1
788,37.0,Regular,Groceries,Credit Card,25545.48,47.06,297,0.125,0.08080808080808081,0.35,0.08333333333333333,0
789,68.0,Regular,Furniture,Cash,34870.52,15.9,1232,0.04,0.020292207792207792,0.740909090909091,0.28,0
790,30.0,Regular,Books,Net Banking,16720.19,2.66,458,0.9,0.021834061135371178,0.22916666666666666,1.6,0
791,64.0,New,Books,Upi,30936.88,8.37,1051,0.7441860465116279,0.04091341579448145,0.9698492462311558,0.46511627906976744,0
792,51.0,Premium,Groceries,Upi,19007.0,34.73,1336,0.8043478260869565,0.0344311377245509,0.48031496062992124,0.17391304347826086,0
793,68.0,Inactive,Electronics,Upi,11366.55,10.15,802,0.2857142857142857,0.017456359102244388,0.8429752066115702,0.42857142857142855,0
794,54.0,Regular,Clothing,Debit Card,4695.57,37.58,1225,0.6111111111111112,0.029387755102040815,0.75,0.4444444444444444,0
795,20.0,New,Furniture,Debit Card,21592.07,23.38,813,0.45454545454545453,0.02706027060270603,0.4523809523809524,0.6818181818181818,1
796,19.0,New,Clothing,Net Banking,32445.07,17.95,1348,0.9411764705882353,0.012611275964391691,1.7674418604651163,0.9411764705882353,0
797,23.0,Regular,Electronics,Debit Card,4031.76,1.91,649,0.625,0.012326656394453005,0.8349514563106796,0.75,0
798,65.0,Regular,Sports,Debit Card,49900.79,49.92,1714,0.48717948717948717,0.022753792298716453,0.24014336917562723,0.0,0
799,40.0,New,Books,Debit Card,38011.4,0.59,494,0.6578947368421053,0.07692307692307693,0.3940298507462687,0.10526315789473684,0
800,64.0,New,Clothing,Credit Card,29556.68,27.63,671,0.6176470588235294,0.05067064083457526,0.7708333333333334,0.4117647058823529,0
801,30.0,New,Clothing,Credit Card,22773.61,27.92,655,0.9310344827586207,0.044274809160305344,0.1875,0.6206896551724138,0
802,65.0,New,Books,Debit Card,41797.79,16.99,697,0.7906976744186046,0.06169296987087518,0.5069767441860465,0.27906976744186046,0
803,55.0,Inactive,Books,Upi,46146.14,7.68,448,1.0,0.006696428571428571,0.8588235294117647,6.666666666666667,0
804,43.0,New,Groceries,Credit Card,24001.49,16.44,243,0.07692307692307693,0.053497942386831275,0.7068965517241379,0.6923076923076923,0
805,61.0,Premium,Electronics,Debit Card,30366.51,1.34,507,0.4,0.08875739644970414,0.17647058823529413,0.26666666666666666,0
806,36.0,Premium,Groceries,Credit Card,18748.29,0.55,294,0.25,0.013605442176870748,0.6309523809523809,3.0,0
807,52.0,New,Sports,Upi,19755.15,45.18,1705,0.4,0.002932551319648094,0.32075471698113206,1.2,0
808,63.0,Premium,Furniture,Debit Card,46988.14,29.37,45,0.4594594594594595,0.8222222222222222,0.7131782945736435,0.3783783783783784,0
809,27.0,Premium,Books,Net Banking,30440.01,12.34,1209,0.5384615384615384,0.021505376344086023,0.863905325443787,0.5769230769230769,0
810,20.0,Regular,Sports,Credit Card,17665.7,42.13,880,0.8666666666666667,0.03409090909090909,0.6601307189542484,0.6333333333333333,0
811,33.0,Inactive,Sports,Upi,23162.49,45.54,1460,0.10714285714285714,0.019178082191780823,1.9042553191489362,0.6428571428571429,0
812,20.0,Premium,Clothing,Upi,25545.48,33.33,1590,0.7560975609756098,0.02578616352201258,5.114285714285714,0.14634146341463414,0
813,53.0,Regular,Electronics,Debit Card,5708.62,38.33,454,0.20408163265306123,0.10792951541850221,0.6287425149700598,0.2857142857142857,0
814,50.0,New,Electronics,Upi,32123.9,33.78,1782,1.0,0.0028058361391694723,0.41350210970464135,2.0,1
815,30.0,Premium,Electronics,Net Banking,6176.79,45.86,169,0.8823529411764706,0.10059171597633136,1.0238095238095237,0.8235294117647058,0
816,23.0,Inactive,Clothing,Cash,47525.91,7.01,235,0.021739130434782608,0.19574468085106383,0.2937062937062937,0.10869565217391304,0
817,29.0,Premium,Furniture,Net Banking,19847.05,3.88,763,0.1875,0.06290956749672345,29.0,0.16666666666666666,0
818,29.0,Premium,Sports,Upi,11200.24,34.84,1443,0.17142857142857143,0.024255024255024255,0.4110429447852761,0.5714285714285714,0
819,37.0,Premium,Furniture,Debit Card,2908.9,18.87,217,0.0,0.004608294930875576,0.6153846153846154,11.0,0
820,19.0,Premium,Electronics,Credit Card,41116.06,34.0,1512,0.9545454545454546,0.01455026455026455,1.7272727272727273,0.13636363636363635,0
821,28.0,New,Furniture,Net Banking,40873.4,16.13,839,0.42857142857142855,0.00834326579261025,0.1526479750778816,2.7142857142857144,1
822,45.0,Regular,Clothing,Upi,18150.53,8.68,465,0.0,0.015053763440860216,0.8155339805825242,1.4285714285714286,0
823,47.0,Premium,Sports,Cash,32672.28,18.45,1053,0.5,0.017094017094017096,1.6,0.7222222222222222,0
824,24.0,Inactive,Electronics,Upi,47972.22,29.99,389,0.23529411764705882,0.043701799485861184,0.5524691358024691,0.7058823529411765,0
825,58.0,Inactive,Groceries,Cash,17087.71,30.43,1549,0.8,0.0032278889606197547,0.38333333333333336,2.4,0
826,32.0,Inactive,Sports,Debit Card,12013.99,30.82,1299,1.0,0.0007698229407236335,1.25,7.0,0
827,23.0,Premium,Groceries,Cash,15182.43,7.58,938,0.46875,0.03411513859275053,1.5714285714285714,0.03125,0
828,65.0,Premium,Clothing,Credit Card,32358.3,38.02,499,0.42857142857142855,0.04208416833667335,0.40074906367041196,0.9523809523809523,0
829,64.0,Regular,Clothing,Upi,27195.93,45.33,1097,0.6428571428571429,0.01276207839562443,0.187683284457478,0.5,1
830,38.0,New,Sports,Debit Card,3698.54,24.58,287,0.0,0.003484320557491289,0.1414141414141414,20.0,0
831,23.0,Inactive,Furniture,Debit Card,12197.35,3.91,531,0.7857142857142857,0.026365348399246705,0.3333333333333333,0.35714285714285715,1
832,45.0,Inactive,Clothing,Credit Card,14624.97,22.41,766,0.75,0.02610966057441253,0.15950920245398773,0.4,1
833,43.0,Premium,Groceries,Net Banking,21423.51,30.47,70,0.896551724137931,0.4142857142857143,0.8783783783783784,0.13793103448275862,0
834,66.0,New,Books,Credit Card,38063.49,46.08,556,0.6666666666666666,0.01079136690647482,0.4524590163934426,0.6666666666666666,0
835,42.0,Regular,Groceries,Debit Card,19069.77,30.3,346,0.7894736842105263,0.05491329479768786,2.324324324324324,0.21052631578947367,0
836,30.0,Premium,Books,Upi,36653.25,18.71,1032,0.696969696969697,0.03197674418604651,0.5144230769230769,0.36363636363636365,0
837,37.0,Premium,Groceries,Debit Card,49627.39,6.22,1609,1.0,0.0018645121193287756,0.14482758620689656,2.0,1
838,66.0,New,Sports,Debit Card,31931.5,18.41,526,0.84375,0.060836501901140684,5.566666666666666,0.375,0
839,48.0,Regular,Sports,Net Banking,33983.07,34.87,1424,0.8260869565217391,0.032303370786516857,0.1148036253776435,0.17391304347826086,0
840,27.0,Regular,Furniture,Upi,47613.02,42.08,1476,0.631578947368421,0.025745257452574527,4.285714285714286,0.05263157894736842,0
841,55.0,New,Clothing,Cash,8708.27,21.34,813,0.6071428571428571,0.03444034440344403,0.21971830985915494,0.5714285714285714,0
842,55.0,New,Books,Debit Card,43536.19,5.46,1563,0.19148936170212766,0.030070377479206652,0.6768707482993197,0.23404255319148937,0
843,31.0,Regular,Electronics,Upi,40911.27,0.08,1370,0.7272727272727273,0.008029197080291971,5.527777777777778,1.1818181818181819,0
844,36.0,Premium,Electronics,Net Banking,9726.8,6.72,1191,0.125,0.020151133501259445,0.188,0.6666666666666666,1
845,70.0,Premium,Clothing,Cash,37620.83,40.46,1308,0.75,0.0030581039755351682,0.6767676767676768,3.25,0
846,24.0,Premium,Clothing,Net Banking,19197.56,13.84,1023,0.16666666666666666,0.005865102639296188,0.045454545454545456,3.0,0
847,61.0,Premium,Electronics,Net Banking,37714.04,0.36,1651,0.3333333333333333,0.010902483343428226,0.03678929765886288,0.16666666666666666,1
848,18.0,Inactive,Furniture,Upi,13658.87,24.3,1426,0.42857142857142855,0.034361851332398316,0.8959537572254336,0.2653061224489796,0
849,44.0,Regular,Groceries,Net Banking,20224.33,30.54,1812,0.0,0.023730684326710817,0.4644808743169399,0.06976744186046512,0
850,62.0,Premium,Electronics,Net Banking,6583.28,26.53,1296,0.5897435897435898,0.03009259259259259,0.5376044568245125,0.1794871794871795,0
851,61.0,New,Groceries,Credit Card,9802.78,49.31,1683,0.5348837209302325,0.0255496137849079,0.030303030303030304,0.46511627906976744,0
852,65.0,Inactive,Groceries,Net Banking,30534.77,20.01,1378,0.8666666666666667,0.01088534107402032,0.06687898089171974,0.7333333333333333,1
853,62.0,New,Clothing,Credit Card,10156.31,7.16,1049,0.05128205128205128,0.037178265014299335,0.550561797752809,0.41025641025641024,0
854,68.0,Regular,Books,Net Banking,49817.08,49.36,1387,0.1590909090909091,0.03172314347512617,0.18333333333333332,0.3181818181818182,0
855,52.0,Regular,Clothing,Credit Card,37786.0,32.99,358,1.0,0.030726256983240222,0.6086956521739131,1.1818181818181819,0
856,38.0,Regular,Clothing,Cash,13252.61,23.82,1515,0.723404255319149,0.031023102310231022,0.09302325581395349,0.0851063829787234,0
857,49.0,Regular,Books,Upi,46623.11,38.32,1499,0.6666666666666666,0.01000667111407605,0.05519480519480519,1.3333333333333333,1
858,65.0,Inactive,Sports,Debit Card,48329.28,21.85,209,0.19444444444444445,0.1722488038277512,0.48333333333333334,0.2222222222222222,0
859,25.0,Regular,Sports,Upi,46891.93,37.23,808,0.21052631578947367,0.04702970297029703,2.45,0.2894736842105263,0
860,54.0,Regular,Electronics,Net Banking,27012.35,42.36,1389,0.21052631578947367,0.027357811375089993,0.3778801843317972,0.2894736842105263,0
861,56.0,Regular,Electronics,Debit Card,954.83,42.62,1053,1.0,0.024691358024691357,0.2345679012345679,0.34615384615384615,0
862,61.0,Premium,Furniture,Debit Card,7720.6,33.27,1058,0.5263157894736842,0.017958412098298678,0.025,1.0,1
863,62.0,Regular,Books,Upi,28911.61,31.55,150,0.9782608695652174,0.30666666666666664,1.1441441441441442,0.1956521739130435,0
864,69.0,Premium,Books,Net Banking,10925.35,36.63,1519,0.2391304347826087,0.030283080974325215,1.5517241379310345,0.021739130434782608,0
865,43.0,Inactive,Books,Upi,49557.63,27.4,830,0.45454545454545453,0.01325301204819277,0.630057803468208,1.3636363636363635,0
866,22.0,Regular,Clothing,Upi,46191.66,35.06,1570,0.17777777777777778,0.028662420382165606,0.3594306049822064,0.06666666666666667,0
867,68.0,Premium,Books,Net Banking,15551.66,32.73,626,0.9565217391304348,0.07348242811501597,0.12162162162162163,0.30434782608695654,0
868,27.0,Regular,Books,Cash,10184.93,32.56,1638,0.125,0.029304029304029304,1.0,0.375,0
869,27.0,New,Sports,Net Banking,46336.27,4.8,1361,0.09090909090909091,0.008082292432035268,0.18930041152263374,0.09090909090909091,1
870,39.0,New,Electronics,Debit Card,36266.25,12.25,1438,0.7560975609756098,0.02851182197496523,1.0163934426229508,0.2926829268292683,0
871,56.0,Inactive,Sports,Net Banking,38904.57,49.56,1801,0.96,0.0138811771238201,0.49127906976744184,0.08,0
872,70.0,Regular,Sports,Cash,22533.35,0.58,1399,0.7380952380952381,0.03002144388849178,0.36666666666666664,0.07142857142857142,0
873,50.0,Premium,Furniture,Credit Card,49373.79,23.97,816,1.0,0.04534313725490196,0.5365168539325843,0.08108108108108109,0
874,48.0,Regular,Furniture,Upi,5422.34,3.17,1168,0.0,0.007705479452054794,0.17391304347826086,1.3333333333333333,1
875,70.0,New,Groceries,Credit Card,26185.61,29.24,400,1.0,0.0125,0.09580838323353294,1.2,1
876,56.0,Premium,Furniture,Credit Card,40125.39,6.15,209,0.6896551724137931,0.13875598086124402,2.242424242424242,0.20689655172413793,0
877,53.0,Premium,Electronics,Debit Card,25554.34,18.18,645,0.0,0.012403100775193798,0.15770609318996415,1.625,1
878,20.0,Regular,Sports,Cash,22523.55,28.85,1132,0.6285714285714286,0.030918727915194347,0.22752808988764045,0.45714285714285713,0
879,50.0,Premium,Sports,Cash,12236.47,9.4,765,0.3333333333333333,0.00392156862745098,0.36363636363636365,1.3333333333333333,0
880,35.0,Inactive,Groceries,Credit Card,27717.51,13.03,550,0.6,0.00909090909090909,0.12612612612612611,2.4,1
881,61.0,Premium,Furniture,Upi,3992.62,36.63,1184,0.21428571428571427,0.011824324324324325,0.5507692307692308,1.4285714285714286,0
882,60.0,Inactive,Electronics,Debit Card,41167.61,15.82,188,0.7037037037037037,0.14361702127659576,0.43946188340807174,0.0,0
883,35.0,New,Electronics,Debit Card,27644.25,3.3,329,0.4772727272727273,0.1337386018237082,0.0701219512195122,0.25,0
884,69.0,Regular,Electronics,Net Banking,19169.22,48.44,1521,0.2857142857142857,0.0046022353714661405,0.13917525773195877,0.42857142857142855,1
885,37.0,New,Electronics,Credit Card,17770.56,100.0,379,0.17647058823529413,0.08970976253298153,0.9793103448275862,0.23529411764705882,0
886,38.0,Premium,Groceries,Cash,34051.69,39.44,291,0.625,0.16494845360824742,0.5406360424028268,0.25,0
887,34.0,Inactive,Furniture,Cash,8196.82,6.32,788,0.06521739130434782,0.0583756345177665,0.7525773195876289,0.17391304347826086,0
888,63.0,Inactive,Furniture,Debit Card,35485.94,9.16,906,0.3333333333333333,0.029801324503311258,0.6593406593406593,0.5925925925925926,0
889,51.0,Regular,Sports,Credit Card,47399.01,20.33,1524,0.0,0.003937007874015748,0.14906832298136646,3.3333333333333335,0
890,44.0,Premium,Furniture,Credit Card,4686.96,14.29,1012,1.0,0.003952569169960474,0.011857707509881422,3.25,1
891,49.0,Inactive,Sports,Net Banking,35045.16,20.27,1565,0.7714285714285715,0.022364217252396165,0.1550632911392405,0.0,0
892,40.0,Inactive,Books,Credit Card,34361.87,2.12,183,0.4117647058823529,0.18579234972677597,0.19130434782608696,0.47058823529411764,0
893,41.0,New,Groceries,Net Banking,21424.75,18.95,1772,0.25,0.002257336343115124,0.15104166666666666,2.5,1
894,67.0,Regular,Clothing,Debit Card,15030.48,10.65,1346,0.41935483870967744,0.023031203566121844,0.4506172839506173,0.3870967741935484,0
895,50.0,New,Furniture,Credit Card,3346.09,0.29,40,0.6875,0.8,0.3601694915254237,0.28125,0
896,40.0,New,Groceries,Upi,5516.22,24.6,283,0.0,0.0035335689045936395,3.090909090909091,16.0,0
897,49.0,Premium,Books,Credit Card,12881.67,23.53,1128,0.627906976744186,0.038120567375886524,0.4010416666666667,0.2558139534883721,0
898,69.0,Premium,Groceries,Upi,42048.19,8.09,1812,0.0,0.023730684326710817,1.054945054945055,0.3023255813953488,0
899,63.0,Premium,Clothing,Net Banking,2492.69,19.73,1392,0.3157894736842105,0.013649425287356323,0.052941176470588235,0.2631578947368421,0
900,35.0,New,Groceries,Upi,25030.6,34.09,299,0.8888888888888888,0.12040133779264214,1.2727272727272727,0.3333333333333333,0
901,25.0,Premium,Electronics,Upi,17533.97,0.68,909,1.0,0.011001100110011002,0.1737891737891738,0.1,1
902,56.0,New,Groceries,Net Banking,14470.06,4.13,412,0.21052631578947367,0.04611650485436893,0.2909090909090909,1.0,1
903,33.0,Premium,Books,Net Banking,49715.72,12.37,1281,0.17647058823529413,0.01327088212334114,0.2318181818181818,0.8823529411764706,1
904,29.0,Inactive,Sports,Credit Card,7861.94,6.02,903,0.2926829268292683,0.04540420819490587,0.04854368932038835,0.1951219512195122,0
905,19.0,Premium,Books,Upi,19327.46,26.25,902,0.25,0.004434589800443459,0.45403899721448465,1.75,0
906,48.0,New,Groceries,Debit Card,3056.95,5.5,685,0.6190476190476191,0.061313868613138686,0.3850267379679144,0.2619047619047619,0
907,21.0,Premium,Electronics,Credit Card,33191.32,16.08,912,1.0,0.0043859649122807015,0.8231292517006803,2.0,0
908,29.0,New,Groceries,Upi,15565.66,4.84,768,0.18181818181818182,0.028645833333333332,25.0,0.7727272727272727,0
909,65.0,Inactive,Furniture,Credit Card,18893.82,32.51,297,0.1282051282051282,0.13131313131313133,1.3888888888888888,0.3076923076923077,0
910,58.0,Premium,Furniture,Cash,40961.75,9.65,732,0.8095238095238095,0.05737704918032787,0.11353711790393013,0.047619047619047616,0
911,37.0,Regular,Furniture,Upi,8106.78,6.39,779,0.7446808510638298,0.06033376123234917,0.6558139534883721,0.1702127659574468,0
912,46.0,New,Electronics,Credit Card,21240.71,46.57,623,0.5483870967741935,0.04975922953451043,0.023255813953488372,0.16129032258064516,0
913,20.0,Premium,Books,Credit Card,9914.45,40.73,368,0.7111111111111111,0.12228260869565218,0.6929133858267716,0.37777777777777777,0
914,46.0,New,Furniture,Cash,19817.22,30.36,476,0.2,0.10504201680672269,0.4528301886792453,0.0,0
915,55.0,New,Groceries,Net Banking,35533.82,26.25,273,0.5151515151515151,0.12087912087912088,0.36538461538461536,0.2727272727272727,0
916,28.0,Premium,Furniture,Cash,14946.24,31.98,539,0.0625,0.029684601113172542,0.24475524475524477,0.5,0
917,70.0,New,Electronics,Credit Card,32607.95,31.63,866,1.0,0.0011547344110854503,0.4444444444444444,2.0,1
918,57.0,Regular,Electronics,Debit Card,40888.15,41.2,62,0.2682926829268293,0.6612903225806451,1.663716814159292,0.1951219512195122,0
919,52.0,Premium,Sports,Net Banking,34561.71,47.28,452,0.7916666666666666,0.10619469026548672,1.2196969696969697,0.4166666666666667,0
920,70.0,Regular,Groceries,Upi,10593.97,31.49,784,0.3888888888888889,0.02295918367346939,0.19704433497536947,0.7777777777777778,1
921,27.0,Premium,Groceries,Credit Card,23239.81,40.78,1356,0.5833333333333334,0.008849557522123894,0.5384615384615384,1.5,0
922,36.0,Regular,Electronics,Upi,40966.21,34.37,532,0.08333333333333333,0.022556390977443608,0.18556701030927836,0.3333333333333333,0
923,47.0,Premium,Sports,Upi,7295.92,37.52,72,0.7058823529411765,0.4722222222222222,22.142857142857142,0.08823529411764706,0
924,25.0,Inactive,Electronics,Credit Card,12792.98,4.18,1651,0.0,0.005451241671714113,2.175675675675676,2.111111111111111,0
925,24.0,Regular,Books,Upi,4705.78,6.96,1010,0.41304347826086957,0.04554455445544554,0.3944636678200692,0.10869565217391304,0
926,27.0,Premium,Furniture,Debit Card,13739.1,27.18,240,0.7555555555555555,0.1875,1.0909090909090908,0.06666666666666667,0
927,44.0,Premium,Electronics,Debit Card,1688.04,21.36,1431,0.6,0.010482180293501049,1.1973684210526316,1.3333333333333333,0
928,42.0,New,Electronics,Credit Card,11613.86,47.82,768,0.625,0.010416666666666666,0.6344827586206897,0.25,0
929,23.0,Inactive,Electronics,Cash,21717.11,16.74,1437,0.16666666666666666,0.008350730688935281,1.8709677419354838,1.0833333333333333,0
930,37.0,Regular,Electronics,Credit Card,45853.6,33.09,1622,0.0,0.011097410604192354,1.3455882352941178,0.1111111111111111,0
931,59.0,Regular,Electronics,Upi,22611.42,39.84,1518,0.72,0.016469038208168644,0.07346938775510205,0.12,1
932,35.0,Premium,Groceries,Upi,9502.68,19.25,1262,0.7777777777777778,0.0071315372424722665,0.774390243902439,1.4444444444444444,0
933,44.0,Premium,Books,Net Banking,46119.44,19.16,1120,0.8095238095238095,0.0375,0.45390070921985815,0.40476190476190477,0
934,52.0,New,Electronics,Debit Card,35888.59,26.35,770,0.13157894736842105,0.04935064935064935,0.5393258426966292,0.18421052631578946,0
935,18.0,Premium,Groceries,Credit Card,23959.35,6.68,633,0.6388888888888888,0.05687203791469194,0.2807017543859649,0.3055555555555556,0
936,47.0,New,Groceries,Credit Card,10931.5,11.23,1455,0.75,0.010996563573883162,0.43661971830985913,0.25,0
937,45.0,Premium,Sports,Upi,33305.99,3.69,319,0.0,0.08150470219435736,0.13442622950819672,0.0,0
938,23.0,Premium,Electronics,Debit Card,41637.87,20.82,992,0.8918918918918919,0.037298387096774195,1.2872340425531914,0.10810810810810811,0
939,44.0,New,Books,Cash,34914.73,14.34,1568,0.047619047619047616,0.026785714285714284,0.2,0.47619047619047616,0
940,29.0,Premium,Electronics,Net Banking,41717.66,34.0,656,0.6923076923076923,0.039634146341463415,0.6094420600858369,0.3076923076923077,0
941,63.0,New,Electronics,Cash,48669.56,26.08,144,0.6666666666666666,0.125,2.9384615384615387,0.3333333333333333,0
942,32.0,Premium,Books,Upi,48811.38,30.25,1366,0.625,0.03513909224011713,4.45,0.2916666666666667,0
943,59.0,New,Electronics,Credit Card,40265.29,32.33,772,0.0,0.0051813471502590676,0.7,0.75,0
944,56.0,Premium,Clothing,Debit Card,8556.64,5.32,1159,0.47368421052631576,0.01639344262295082,1.4036697247706422,0.0,0
945,44.0,Regular,Clothing,Upi,48844.83,28.24,220,0.0,0.02727272727272727,0.4290657439446367,0.16666666666666666,0
946,37.0,Regular,Books,Credit Card,47957.58,25.01,1469,0.5789473684210527,0.012933968686181076,1.191358024691358,0.631578947368421,0
947,61.0,Regular,Groceries,Net Banking,25427.13,25.11,1230,0.5,0.03902439024390244,0.09090909090909091,0.375,0
948,20.0,Premium,Electronics,Cash,23423.76,44.26,1369,0.29545454545454547,0.03214024835646457,3.8333333333333335,0.1590909090909091,0
949,27.0,New,Furniture,Debit Card,30632.58,26.16,767,0.44680851063829785,0.061277705345501955,0.6571428571428571,0.0851063829787234,0
950,57.0,Premium,Sports,Cash,34302.24,11.96,1315,0.18,0.03802281368821293,0.4984025559105431,0.04,0
951,49.0,Premium,Electronics,Upi,43587.65,27.36,377,0.58,0.13262599469496023,2.8444444444444446,0.06,0
952,36.0,Premium,Clothing,Net Banking,18484.75,4.46,554,0.43243243243243246,0.06678700361010831,1.9782608695652173,0.3783783783783784,0
953,66.0,Inactive,Electronics,Cash,48598.19,24.41,1423,0.75,0.005621925509486999,0.39572192513368987,1.5,1
954,26.0,Regular,Furniture,Debit Card,47626.23,18.68,1823,0.7,0.021941854086670324,0.3028571428571429,0.4,0
955,61.0,Inactive,Sports,Debit Card,37181.61,12.24,799,0.0,0.0050062578222778474,0.010416666666666666,1.0,1
956,28.0,New,Books,Net Banking,11541.04,43.71,1345,0.6,0.0037174721189591076,0.06997084548104957,2.2,1
957,52.0,Premium,Electronics,Upi,36723.02,45.87,703,0.25,0.017069701280227598,0.9656862745098039,1.0833333333333333,0
958,22.0,Regular,Furniture,Net Banking,11025.44,37.06,348,0.0625,0.09195402298850575,1.2203389830508475,0.4375,0
959,48.0,Inactive,Clothing,Net Banking,28626.23,49.39,467,0.6190476190476191,0.044967880085653104,0.08205128205128205,0.5238095238095238,1
960,21.0,Premium,Books,Debit Card,21434.56,12.6,859,0.09090909090909091,0.051222351571594875,0.24175824175824176,0.09090909090909091,0
961,23.0,New,Books,Upi,26476.51,33.48,730,0.07407407407407407,0.036986301369863014,0.3609022556390977,0.037037037037037035,0
962,66.0,Premium,Clothing,Upi,47126.11,24.08,756,0.9565217391304348,0.03042328042328042,0.6436363636363637,0.21739130434782608,0
963,62.0,New,Books,Upi,28264.97,44.69,1390,0.0,0.0007194244604316547,0.19607843137254902,18.0,0
964,70.0,Premium,Electronics,Net Banking,46724.06,24.97,1509,0.26666666666666666,0.019880715705765408,0.18404907975460122,0.43333333333333335,0
965,18.0,Premium,Sports,Net Banking,32126.36,28.92,1615,0.4482758620689655,0.017956656346749224,2.9473684210526314,0.20689655172413793,0
966,28.0,Regular,Groceries,Upi,47642.66,48.59,63,0.9285714285714286,0.2222222222222222,0.013513513513513514,0.7857142857142857,1
967,37.0,New,Books,Upi,35116.2,32.45,1726,0.625,0.004634994206257242,0.452991452991453,1.625,0
968,52.0,New,Books,Cash,6112.31,8.79,363,0.7727272727272727,0.06060606060606061,0.43636363636363634,0.22727272727272727,1
969,52.0,New,Clothing,Credit Card,34583.26,21.87,1680,0.13953488372093023,0.025595238095238095,1.2328767123287672,0.4418604651162791,0
970,24.0,Inactive,Electronics,Net Banking,46658.59,5.18,1060,1.0,0.03773584905660377,0.4375,0.075,0
971,55.0,Inactive,Clothing,Net Banking,10987.62,38.84,284,0.2222222222222222,0.09507042253521127,0.3462897526501767,0.1111111111111111,0
972,40.0,New,Books,Debit Card,35339.83,37.06,578,0.7619047619047619,0.0726643598615917,24.0,0.16666666666666666,0
973,60.0,Regular,Books,Credit Card,33828.39,0.21,1648,0.0,0.016383495145631068,0.04225352112676056,0.0,0
974,41.0,Inactive,Groceries,Debit Card,8935.33,28.61,1292,0.5454545454545454,0.017027863777089782,0.28054298642533937,0.7727272727272727,1
975,59.0,Premium,Books,Upi,21740.57,46.97,1089,0.6756756756756757,0.03397612488521579,0.935,0.13513513513513514,0
976,28.0,Regular,Electronics,Debit Card,40158.01,25.21,1744,0.8695652173913043,0.026376146788990827,0.4567901234567901,0.2608695652173913,0
977,53.0,Regular,Clothing,Credit Card,5116.64,21.87,1295,0.16666666666666666,0.004633204633204633,0.6149068322981367,3.0,0
978,63.0,Premium,Furniture,Upi,1751.85,36.71,412,0.96,0.06067961165048544,0.6995708154506438,0.8,0
979,33.0,Regular,Clothing,Debit Card,42102.61,36.32,199,0.08571428571428572,0.17587939698492464,1.0206185567010309,0.22857142857142856,0
980,27.0,Inactive,Furniture,Debit Card,5991.11,46.36,399,0.5714285714285714,0.017543859649122806,0.4444444444444444,0.5714285714285714,0
981,23.0,New,Books,Credit Card,45679.6,10.4,1026,0.5416666666666666,0.023391812865497075,2.423076923076923,0.0,0
982,58.0,Regular,Sports,Credit Card,19075.09,15.68,395,0.3333333333333333,0.06835443037974684,0.18181818181818182,0.18518518518518517,0
983,60.0,Inactive,Furniture,Credit Card,6301.75,17.14,1098,0.0,0.00273224043715847,0.6966292134831461,6.333333333333333,0
984,65.0,Premium,Clothing,Upi,1962.98,1.15,265,0.3333333333333333,0.1471698113207547,0.7414448669201521,0.10256410256410256,0
985,31.0,Regular,Electronics,Debit Card,4630.42,34.58,218,1.0,0.06880733944954129,1.0615384615384615,0.5333333333333333,0
986,40.0,Inactive,Clothing,Credit Card,37387.13,24.79,435,0.26666666666666666,0.06896551724137931,0.3916349809885932,0.2,0
987,61.0,New,Electronics,Net Banking,39761.08,29.38,897,0.7105263157894737,0.042363433667781496,0.6235294117647059,0.39473684210526316,0
988,56.0,Regular,Furniture,Net Banking,30561.13,21.47,372,0.14285714285714285,0.01881720430107527,0.3127147766323024,1.5714285714285714,1
989,20.0,Regular,Furniture,Credit Card,15026.94,41.33,264,0.4444444444444444,0.10227272727272728,0.4108761329305136,0.4074074074074074,0
990,29.0,New,Books,Upi,18208.35,3.63,280,0.16666666666666666,0.04285714285714286,0.28486646884273,0.9166666666666666,1
991,18.0,Premium,Sports,Upi,11081.74,28.37,610,0.09090909090909091,0.036065573770491806,0.36363636363636365,0.7727272727272727,0
992,56.0,New,Clothing,Cash,28267.46,35.81,1578,0.8571428571428571,0.004435994930291508,0.05813953488372093,2.5714285714285716,1
993,45.0,Regular,Clothing,Credit Card,2958.16,24.7,957,0.07692307692307693,0.013584117032392894,2.9583333333333335,1.0,0
994,28.0,Inactive,Groceries,Debit Card,29032.48,14.25,298,0.875,0.053691275167785234,0.4484848484848485,0.0,0
995,43.0,New,Furniture,Debit Card,17200.8,0.81,679,0.6666666666666666,0.004418262150220913,0.1037344398340249,4.333333333333333,1
996,66.0,New,Electronics,Net Banking,38843.37,24.69,1768,0.8055555555555556,0.020361990950226245,4.04,0.25,0
997,59.0,Regular,Furniture,Upi,1949.77,2.39,493,0.7142857142857143,0.014198782961460446,6.0,0.42857142857142855,0
998,28.0,Regular,Sports,Credit Card,40899.31,26.88,256,0.3333333333333333,0.09375,59.0,0.041666666666666664,0
999,21.0,Premium,Clothing,Cash,34552.12,39.58,973,0.18181818181818182,0.022610483042137718,0.358974358974359,0.22727272727272727,1
1000,25.0,Regular,Books,Credit Card,37775.22,44.39,1098,1.0,0.009107468123861567,0.7735849056603774,1.4,0
1001,51.0,Inactive,Groceries,Debit Card,24760.14,14.03,1486,0.37209302325581395,0.028936742934051143,0.23387096774193547,0.046511627906976744,0
1002,23.0,New,Books,Net Banking,33144.3,36.76,153,0.125,0.10457516339869281,1.679245283018868,0.125,0
1003,44.0,Inactive,Clothing,Cash,41016.32,9.4,1589,0.8666666666666667,0.018879798615481436,1.6296296296296295,0.2,0
1004,51.0,Regular,Books,Upi,35571.36,32.76,819,0.35,0.02442002442002442,0.10810810810810811,0.2,1
1005,46.0,Regular,Books,Cash,9803.7,13.89,239,0.6923076923076923,0.1087866108786611,2.070588235294118,0.34615384615384615,0
1006,27.0,Premium,Sports,Cash,12407.84,44.7,1117,0.875,0.007162041181736795,0.71875,0.0,0
1007,46.0,Regular,Electronics,Net Banking,4661.3,21.57,713,0.75,0.05049088359046283,1.3076923076923077,0.4444444444444444,0
1008,21.0,Regular,Groceries,Upi,2932.15,19.13,391,0.42857142857142855,0.017902813299232736,0.2304147465437788,1.2857142857142858,1
1009,56.0,New,Furniture,Debit Card,26171.61,5.46,265,0.21875,0.12075471698113208,6.384615384615385,0.21875,0
1010,21.0,Inactive,Clothing,Upi,3759.45,5.05,237,0.75,0.06751054852320675,1.3706896551724137,0.75,0
1011,32.0,New,Clothing,Credit Card,39393.52,17.38,223,0.36363636363636365,0.04932735426008968,1.222972972972973,1.7272727272727273,0
1012,29.0,Inactive,Groceries,Credit Card,15613.55,45.33,371,0.8958333333333334,0.1293800539083558,0.35772357723577236,0.20833333333333334,0
1013,29.0,New,Electronics,Credit Card,33468.55,21.4,1421,0.0,0.0007037297677691766,4.181818181818182,8.0,0
1014,66.0,Inactive,Groceries,Credit Card,29366.36,24.42,1191,0.06451612903225806,0.026028547439126783,0.952755905511811,0.0967741935483871,0
1015,61.0,Regular,Furniture,Net Banking,8781.58,7.33,1034,0.6363636363636364,0.031914893617021274,0.5306122448979592,0.2727272727272727,0
1016,65.0,New,Clothing,Net Banking,24581.42,18.21,1616,0.4883720930232558,0.026608910891089108,13.0,0.20930232558139536,0
1017,60.0,Premium,Clothing,Credit Card,26205.79,31.99,761,0.9545454545454546,0.05781865965834428,1.394736842105263,0.1590909090909091,0
1018,49.0,Regular,Furniture,Upi,34942.4,21.54,1338,0.25,0.03587443946188341,1.8018867924528301,0.041666666666666664,0
1019,24.0,Inactive,Sports,Upi,45011.46,22.46,830,0.6285714285714286,0.04216867469879518,0.16666666666666666,0.22857142857142856,0
1020,55.0,Regular,Clothing,Net Banking,2534.45,26.0,1190,0.46153846153846156,0.010924369747899159,0.8920454545454546,0.23076923076923078,0
1021,68.0,Regular,Electronics,Cash,25545.48,34.28,1173,1.0,0.0008525149190110827,0.7322175732217573,4.0,0
1022,60.0,Regular,Groceries,Cash,3698.52,14.74,282,0.47368421052631576,0.0673758865248227,0.04721030042918455,0.3157894736842105,1
1023,21.0,Regular,Electronics,Debit Card,25545.48,41.71,1638,0.39285714285714285,0.017094017094017096,2.5,0.14285714285714285,0
1024,50.0,Premium,Electronics,Debit Card,13898.11,49.8,478,0.10869565217391304,0.09623430962343096,1.099009900990099,0.391304347826087,0
1025,20.0,Regular,Clothing,Debit Card,32033.71,21.13,384,0.8636363636363636,0.11458333333333333,1.3137254901960784,0.20454545454545456,0
1026,54.0,Inactive,Groceries,Debit Card,7389.23,38.38,646,0.9210526315789473,0.058823529411764705,0.2713178294573643,0.34210526315789475,0
1027,37.0,Regular,Furniture,Net Banking,23327.14,9.17,1451,0.8048780487804879,0.028256374913852515,0.11160714285714286,0.0975609756097561,0
1028,38.0,Inactive,Sports,Net Banking,23684.75,21.38,84,0.0,0.27380952380952384,0.49074074074074076,0.6086956521739131,0
1029,67.0,Premium,Books,Credit Card,30952.82,15.12,1301,0.5555555555555556,0.006917755572636433,1.192,1.7777777777777777,0
1030,52.0,Regular,Electronics,Net Banking,42332.81,6.3,972,0.9795918367346939,0.050411522633744855,0.005813953488372093,0.2857142857142857,0
1031,21.0,Premium,Clothing,Credit Card,5798.92,29.72,278,0.5,0.1510791366906475,0.9731543624161074,0.35714285714285715,0
1032,65.0,Inactive,Furniture,Net Banking,35989.09,35.08,309,0.9791666666666666,0.1553398058252427,0.13962264150943396,0.3541666666666667,0
1033,32.0,Regular,Sports,Credit Card,25545.48,46.83,30,0.15,0.6666666666666666,0.642570281124498,0.3,0
1034,44.0,New,Electronics,Credit Card,10612.54,23.69,644,0.0625,0.024844720496894408,0.44015444015444016,0.75,0
1035,43.0,Premium,Books,Upi,42165.18,27.34,329,0.1875,0.0486322188449848,0.5573248407643312,0.875,0
1036,58.0,Premium,Electronics,Net Banking,33044.54,8.54,623,0.625,0.07704654895666131,0.38997214484679665,0.125,0
1037,36.0,Inactive,Groceries,Upi,33551.13,19.56,333,0.5416666666666666,0.07207207207207207,0.0782122905027933,0.5833333333333334,1
1038,19.0,New,Electronics,Credit Card,19776.76,29.03,756,0.7567567567567568,0.04894179894179894,9.222222222222221,0.5405405405405406,0
1039,26.0,New,Clothing,Net Banking,49096.81,17.89,158,1.0,0.006329113924050633,0.20930232558139536,11.0,1
1040,29.0,Regular,Sports,Credit Card,28375.81,22.97,1748,0.5319148936170213,0.02688787185354691,1.0,0.19148936170212766,0
1041,59.0,New,Groceries,Credit Card,33119.1,28.8,1459,0.41025641025641024,0.026730637422892393,0.7653846153846153,0.41025641025641024,0
1042,38.0,Inactive,Groceries,Credit Card,31065.01,20.19,1392,0.3684210526315789,0.027298850574712645,0.3333333333333333,0.13157894736842105,0
1043,24.0,Inactive,Groceries,Upi,38115.51,49.07,161,0.5714285714285714,0.13043478260869565,0.22131147540983606,0.23809523809523808,0
1044,21.0,Premium,Electronics,Upi,4107.64,38.17,250,0.22916666666666666,0.192,0.5209003215434084,0.0,0
1045,62.0,New,Electronics,Debit Card,25545.48,9.99,442,0.43902439024390244,0.09276018099547512,0.9692307692307692,0.34146341463414637,0
1046,65.0,New,Books,Debit Card,40529.27,9.61,98,0.17647058823529413,0.3469387755102041,0.023411371237458192,0.5882352941176471,0
1047,69.0,Premium,Groceries,Cash,25545.48,27.33,1111,0.86,0.045004500450045004,2.3783783783783785,0.1,0
1048,44.0,Regular,Furniture,Upi,25292.09,17.82,1310,0.9032258064516129,0.02366412213740458,0.1254355400696864,0.06451612903225806,0
1049,42.0,Inactive,Electronics,Cash,39228.17,14.91,1137,0.0,0.0079155672823219,2.098360655737705,0.7777777777777778,0
1050,39.0,Regular,Books,Debit Card,25545.48,12.57,183,0.2631578947368421,0.10382513661202186,0.2548476454293629,0.10526315789473684,1
1051,52.0,Regular,Books,Credit Card,46624.55,25.0,1223,1.0,0.027800490596892886,0.775609756097561,0.029411764705882353,0
1052,48.0,Inactive,Electronics,Debit Card,17233.24,13.04,1150,0.3333333333333333,0.0026086956521739132,1.1395348837209303,0.3333333333333333,0
1053,70.0,Inactive,Electronics,Credit Card,24930.98,40.28,882,0.6875,0.018140589569160998,0.5432525951557093,0.0625,0
1054,56.0,New,Groceries,Cash,13890.17,2.09,747,0.3333333333333333,0.012048192771084338,6.7368421052631575,1.7777777777777777,0
1055,45.0,Regular,Books,Cash,1561.44,2.77,1430,0.8,0.01048951048951049,1.3564356435643565,1.2666666666666666,0
1056,65.0,New,Groceries,Credit Card,19662.68,18.86,266,1.0,0.015037593984962405,1.7076923076923076,3.25,0
1057,46.0,Inactive,Groceries,Cash,10085.46,21.83,50,0.08695652173913043,0.46,2.033333333333333,0.30434782608695654,0
1058,32.0,New,Furniture,Credit Card,49551.47,0.74,928,0.0,0.003232758620689655,0.1171875,0.6666666666666666,0
1059,29.0,Premium,Groceries,Net Banking,30319.59,44.52,1376,0.5217391304347826,0.016715116279069766,0.22666666666666666,0.8260869565217391,0
1060,25.0,Premium,Clothing,Upi,10690.12,35.26,1627,0.5428571428571428,0.0215119852489244,0.3114754098360656,0.4,0
1061,53.0,Inactive,Clothing,Upi,44702.43,15.94,871,0.08823529411764706,0.03903559127439724,0.46402877697841727,0.08823529411764706,0
1062,63.0,Regular,Electronics,Net Banking,45646.44,42.07,461,0.7857142857142857,0.03036876355748373,0.2247191011235955,0.6428571428571429,1
1063,25.0,Premium,Electronics,Credit Card,35067.93,32.5,583,0.9375,0.0274442538593482,0.12875536480686695,0.0,1
1064,35.0,New,Clothing,Upi,3456.14,42.73,817,1.0,0.0073439412484700125,0.6446700507614214,0.0,0
1065,46.0,Regular,Clothing,Net Banking,9629.13,21.55,1592,0.04,0.015703517587939697,6.296296296296297,0.36,0
1066,40.0,Inactive,Books,Cash,46173.58,45.37,918,0.45454545454545453,0.023965141612200435,0.1848184818481848,0.0,1
1067,45.0,Premium,Furniture,Cash,47647.44,46.62,1502,0.52,0.016644474034620507,0.9256756756756757,0.56,0
1068,54.0,Regular,Electronics,Cash,23632.96,49.63,591,0.32,0.04230118443316413,0.2786885245901639,0.0,0
1069,23.0,New,Clothing,Debit Card,28768.59,1.93,1632,0.9545454545454546,0.013480392156862746,0.6595744680851063,0.36363636363636365,0
1070,59.0,Premium,Clothing,Net Banking,33208.44,41.8,48,0.02702702702702703,0.7708333333333334,1.2391304347826086,0.3783783783783784,0
1071,47.0,Regular,Groceries,Cash,42294.1,10.89,1159,0.4146341463414634,0.03537532355478861,4.966666666666667,0.04878048780487805,0
1072,38.0,New,Electronics,Credit Card,38415.85,13.81,1814,0.29411764705882354,0.009371554575523704,0.12992125984251968,0.4117647058823529,1
1073,57.0,Regular,Electronics,Net Banking,2405.84,34.22,1499,0.047619047619047616,0.028018679119412943,0.6592920353982301,0.23809523809523808,0
1074,44.0,Regular,Clothing,Debit Card,34080.2,42.87,746,1.0,0.002680965147453083,0.7679558011049724,0.5,0
1075,24.0,New,Groceries,Credit Card,25796.26,11.85,1344,0.75,0.005952380952380952,0.8802395209580839,1.375,0
1076,45.0,Premium,Electronics,Debit Card,30544.85,18.01,1303,0.7142857142857143,0.016116653875671526,0.7990430622009569,0.5238095238095238,0
1077,19.0,Regular,Electronics,Upi,46550.27,45.59,1076,0.3157894736842105,0.017657992565055763,2.0,1.0,0
1078,63.0,Inactive,Sports,Cash,47027.02,18.94,190,0.5217391304347826,0.12105263157894737,0.030100334448160536,0.17391304347826086,1
1079,22.0,Inactive,Furniture,Credit Card,31701.06,36.7,1273,0.8918918918918919,0.029065200314218383,0.6811594202898551,0.08108108108108109,0
1080,48.0,New,Groceries,Upi,13824.54,41.8,502,0.3333333333333333,0.04183266932270916,0.41721854304635764,0.47619047619047616,0
1081,47.0,Premium,Sports,Net Banking,22527.87,47.88,1065,0.6875,0.015023474178403756,0.44285714285714284,0.125,1
1082,22.0,Inactive,Groceries,Debit Card,11902.32,39.32,1620,0.8717948717948718,0.024074074074074074,1.2372881355932204,0.10256410256410256,0
1083,44.0,Inactive,Electronics,Upi,13383.81,14.34,1064,0.6666666666666666,0.03665413533834586,0.19254658385093168,0.05128205128205128,0
1084,27.0,New,Sports,Upi,10306.16,9.0,569,0.14,0.08787346221441125,0.017167381974248927,0.1,0
1085,66.0,New,Sports,Credit Card,6756.7,1.7,1084,0.14285714285714285,0.006457564575645757,0.03167420814479638,0.7142857142857143,1
1086,51.0,New,Groceries,Upi,20414.72,27.85,1241,0.5555555555555556,0.007252215954875101,0.20821917808219179,0.3333333333333333,1
1087,56.0,Premium,Electronics,Upi,46075.82,100.0,622,0.9791666666666666,0.07717041800643087,0.7714285714285715,0.2916666666666667,0
1088,66.0,Premium,Sports,Cash,36323.52,29.48,1244,0.0,0.00964630225080386,0.0842911877394636,0.3333333333333333,1
1089,41.0,New,Groceries,Debit Card,9247.75,36.13,1040,0.2413793103448276,0.027884615384615386,1.375,0.10344827586206896,0
1090,39.0,Inactive,Furniture,Upi,29201.5,42.2,1580,0.7058823529411765,0.021518987341772152,0.3378995433789954,0.29411764705882354,0
1091,29.0,Premium,Books,Cash,44178.02,36.55,673,0.75,0.0713224368499257,0.6018099547511312,0.16666666666666666,0
1092,24.0,Regular,Electronics,Cash,14748.24,24.33,1573,0.5,0.0050858232676414495,0.3826086956521739,1.125,0
1093,24.0,Inactive,Clothing,Cash,5250.81,27.61,111,0.0,0.09009009009009009,0.7432950191570882,0.5,0
1094,52.0,Regular,Electronics,Net Banking,41708.97,1.29,1096,0.84375,0.029197080291970802,0.6952380952380952,0.5625,0
1095,26.0,Regular,Electronics,Credit Card,35462.95,42.24,1800,0.34782608695652173,0.025555555555555557,0.4868421052631579,0.32608695652173914,0
1096,26.0,Inactive,Electronics,Credit Card,25545.48,37.21,1068,0.43478260869565216,0.02153558052434457,1.6403508771929824,0.08695652173913043,0
1097,39.0,New,Sports,Upi,25885.78,38.85,235,0.041666666666666664,0.20425531914893616,0.4889502762430939,0.20833333333333334,0
1098,63.0,Regular,Clothing,Debit Card,33225.96,43.88,310,0.0,0.11612903225806452,8.578947368421053,0.5555555555555556,0
1099,55.0,Regular,Sports,Credit Card,13631.66,7.57,436,0.3076923076923077,0.02981651376146789,1.9583333333333333,1.1538461538461537,0
1100,58.0,New,Books,Debit Card,37597.58,0.16,1484,0.8297872340425532,0.03167115902964959,3.6,0.3617021276595745,0
1101,29.0,New,Sports,Net Banking,30862.22,31.55,1375,0.8823529411764706,0.012363636363636363,1.3553719008264462,0.6470588235294118,0
1102,29.0,Regular,Clothing,Net Banking,24510.47,39.84,635,0.7906976744186046,0.06771653543307087,0.7661691542288557,0.2558139534883721,0
1103,24.0,Premium,Books,Credit Card,14719.93,48.47,981,0.14285714285714285,0.04994903160040775,0.38323353293413176,0.2653061224489796,0
1104,38.0,Regular,Sports,Cash,35388.53,38.68,510,0.5,0.050980392156862744,0.5080645161290323,0.7307692307692307,0
1105,19.0,Regular,Furniture,Cash,44545.63,39.14,680,0.2857142857142857,0.020588235294117647,4.5,0.7142857142857143,0
1106,44.0,New,Groceries,Cash,13404.62,2.73,1706,0.38461538461538464,0.015240328253223915,0.751004016064257,0.2692307692307692,0
1107,20.0,New,Groceries,Cash,28839.03,8.33,1280,0.2,0.01171875,1.8867924528301887,1.3333333333333333,0
1108,39.0,Inactive,Furniture,Net Banking,47538.79,1.06,159,0.5,0.012578616352201259,0.12307692307692308,5.0,1
1109,59.0,New,Clothing,Credit Card,27005.9,49.26,795,0.375,0.03018867924528302,0.3709090909090909,0.2916666666666667,0
1110,39.0,Regular,Furniture,Net Banking,12810.84,0.68,844,0.1276595744680851,0.05568720379146919,17.636363636363637,0.3404255319148936,0
1111,68.0,Premium,Electronics,Credit Card,15422.59,11.5,1695,0.42105263157894735,0.011209439528023599,0.1813031161473088,0.05263157894736842,1
1112,68.0,Inactive,Groceries,Upi,41005.65,43.83,71,0.8888888888888888,0.1267605633802817,0.45454545454545453,0.2222222222222222,0
1113,18.0,Inactive,Electronics,Upi,36925.73,39.63,1079,0.7142857142857143,0.006487488415199258,1.56,1.2857142857142858,0
1114,65.0,Regular,Clothing,Debit Card,10532.0,13.21,909,0.4,0.033003300330033,1.3422619047619047,0.5,0
1115,23.0,New,Furniture,Credit Card,24425.8,45.38,1047,0.6666666666666666,0.017191977077363897,0.4744525547445255,0.3888888888888889,0
1116,64.0,Regular,Books,Net Banking,35871.65,22.61,787,0.4,0.044472681067344345,0.02364864864864865,0.34285714285714286,0
1117,48.0,Premium,Sports,Debit Card,16955.56,40.48,1801,0.25,0.01110494169905608,0.5813953488372093,0.85,0
1118,49.0,Regular,Electronics,Credit Card,20458.16,41.9,1601,0.3,0.006246096189881324,0.6940298507462687,1.8,0
1119,49.0,New,Clothing,Upi,17224.49,7.53,1814,0.7916666666666666,0.026460859977949284,1.0727272727272728,0.375,0
1120,18.0,Regular,Books,Net Banking,39837.44,27.28,1481,0.5555555555555556,0.024307900067521943,1.0372670807453417,0.19444444444444445,0
1121,48.0,New,Books,Credit Card,49641.39,4.07,1580,0.5,0.030379746835443037,2.0185185185185186,0.041666666666666664,0
1122,18.0,New,Sports,Credit Card,8726.75,21.88,1312,0.875,0.006097560975609756,0.1694915254237288,1.625,0
1123,69.0,New,Electronics,Debit Card,43773.64,20.91,1504,0.5625,0.031914893617021274,15.2,0.0625,0
1124,61.0,New,Groceries,Cash,44532.48,28.19,448,0.825,0.08928571428571429,0.43529411764705883,0.225,0
1125,69.0,New,Furniture,Net Banking,23869.45,10.53,1494,0.29411764705882354,0.011378848728246318,1.1294117647058823,0.23529411764705882,0
1126,48.0,Regular,Groceries,Credit Card,7942.28,3.35,1131,0.25,0.010610079575596816,26.666666666666668,0.5,0
1127,47.0,Premium,Electronics,Upi,23700.36,7.82,1317,0.35,0.030372057706909643,0.9055555555555556,0.425,0
1128,18.0,Regular,Clothing,Net Banking,29431.19,15.29,1138,0.2857142857142857,0.02460456942003515,0.615625,0.42857142857142855,0
1129,59.0,Premium,Furniture,Credit Card,5597.33,10.82,1662,0.1,0.006016847172081829,0.7391304347826086,1.8,0
1130,51.0,Inactive,Books,Cash,16842.93,38.6,1399,1.0,0.017869907076483203,0.5098684210526315,0.32,0
1131,48.0,Premium,Electronics,Net Banking,49459.82,4.57,1821,0.3333333333333333,0.008237232289950576,0.12063492063492064,0.26666666666666666,1
1132,18.0,Premium,Electronics,Net Banking,25829.41,21.98,1586,0.4444444444444444,0.005674653215636823,0.3548387096774194,1.1111111111111112,0
1133,25.0,New,Groceries,Net Banking,38809.02,35.31,190,0.4,0.13157894736842105,0.43956043956043955,0.64,1
1134,56.0,Premium,Sports,Cash,35711.71,41.99,276,0.4444444444444444,0.06521739130434782,0.397212543554007,0.8333333333333334,0
1135,53.0,Inactive,Groceries,Upi,1752.13,18.28,467,0.9166666666666666,0.02569593147751606,0.8284518828451883,0.9166666666666666,0
1136,57.0,Regular,Groceries,Net Banking,9360.78,37.38,429,0.4583333333333333,0.055944055944055944,8.5,0.5833333333333334,0
1137,18.0,Regular,Groceries,Credit Card,45596.52,45.79,1355,0.5714285714285714,0.0051660516605166054,0.015503875968992248,2.7142857142857144,1
1138,35.0,New,Electronics,Net Banking,35361.09,13.71,1274,1.0,0.03532182103610675,4.9,0.0,0
1139,58.0,New,Electronics,Credit Card,37621.83,32.38,1285,0.7419354838709677,0.024124513618677044,0.09642857142857143,0.03225806451612903,0
1140,63.0,Premium,Books,Upi,4599.82,41.7,229,0.0,0.039301310043668124,0.24193548387096775,1.5555555555555556,0
1141,52.0,Regular,Sports,Upi,37003.95,16.63,1087,0.925,0.03679852805887764,0.23768115942028986,0.125,0
1142,18.0,New,Books,Credit Card,33647.24,3.25,938,0.11627906976744186,0.04584221748400853,0.14785992217898833,0.18604651162790697,0
1143,20.0,Inactive,Clothing,Upi,25520.56,8.65,271,0.7777777777777778,0.16605166051660517,40.0,0.17777777777777778,0
1144,39.0,Inactive,Books,Credit Card,4761.71,46.51,410,0.24444444444444444,0.10975609756097561,0.6521739130434783,0.044444444444444446,0
1145,38.0,Inactive,Electronics,Debit Card,8882.12,0.52,660,0.1,0.07575757575757576,0.29357798165137616,0.28,0
1146,61.0,Premium,Clothing,Upi,19275.87,14.35,492,0.5,0.008130081300813009,0.2517482517482518,4.5,0
1147,30.0,Regular,Electronics,Upi,13338.03,21.98,744,0.9473684210526315,0.025537634408602152,2.625,0.5789473684210527,0
1148,67.0,New,Books,Cash,34508.47,8.52,461,0.8292682926829268,0.08893709327548807,0.33,0.0975609756097561,0
1149,62.0,Regular,Sports,Credit Card,39915.43,10.37,1081,0.38636363636363635,0.04070305272895467,0.3593314763231198,0.38636363636363635,0
1150,67.0,Regular,Clothing,Net Banking,13411.87,46.1,316,0.16666666666666666,0.0949367088607595,0.6377358490566037,0.6666666666666666,0
1151,47.0,Regular,Groceries,Credit Card,19206.55,29.42,355,0.5945945945945946,0.10422535211267606,4.611111111111111,0.08108108108108109,0
1152,44.0,Regular,Groceries,Net Banking,45197.5,9.36,411,0.6904761904761905,0.10218978102189781,0.42934782608695654,0.11904761904761904,0
1153,66.0,New,Books,Debit Card,23094.06,28.8,547,0.75,0.07312614259597806,0.8430493273542601,0.3,0
1154,64.0,Inactive,Groceries,Upi,34088.51,15.01,902,0.1935483870967742,0.03436807095343681,1.6333333333333333,0.5161290322580645,0
1155,67.0,Inactive,Groceries,Cash,1913.48,25.61,1569,0.3157894736842105,0.024219247928616953,0.9935064935064936,0.42105263157894735,0
1156,26.0,Inactive,Groceries,Credit Card,48531.09,15.46,973,0.75,0.0041109969167523125,1.2191780821917808,3.5,0
1157,18.0,Regular,Electronics,Credit Card,15722.57,9.23,1432,0.35,0.013966480446927373,1.0666666666666667,0.1,0
1158,53.0,Premium,Groceries,Cash,17563.24,23.54,800,0.6363636363636364,0.01375,0.2869318181818182,0.5454545454545454,1
1159,47.0,Premium,Groceries,Cash,16258.66,46.76,1525,0.4444444444444444,0.005901639344262295,0.9658536585365853,1.1111111111111112,0
1160,45.0,New,Electronics,Credit Card,24671.31,37.02,1602,0.8260869565217391,0.01435705368289638,0.023255813953488372,0.30434782608695654,1
1161,33.0,Regular,Groceries,Credit Card,41250.29,30.53,1053,0.42424242424242425,0.03133903133903134,0.09803921568627451,0.6060606060606061,0
1162,30.0,Regular,Clothing,Debit Card,5096.09,19.2,822,0.32142857142857145,0.0340632603406326,1.1720430107526882,0.14285714285714285,0
1163,61.0,Premium,Clothing,Credit Card,9386.14,19.91,739,0.9259259259259259,0.036535859269282815,0.10566037735849057,0.5185185185185185,0
1164,61.0,Inactive,Books,Upi,40275.74,0.61,1435,0.6153846153846154,0.018118466898954706,0.20121951219512196,0.6923076923076923,0
1165,47.0,New,Sports,Credit Card,20384.32,38.57,1266,0.9302325581395349,0.0339652448657188,0.6987179487179487,0.18604651162790697,0
1166,69.0,New,Groceries,Credit Card,23940.59,16.75,898,1.0,0.0556792873051225,0.34306569343065696,0.06,0
1167,52.0,Inactive,Electronics,Net Banking,844.36,47.41,1694,0.3,0.0059031877213695395,0.418732782369146,0.8,0
1168,57.0,New,Electronics,Cash,14444.84,6.08,1435,0.03333333333333333,0.020905923344947737,0.4701195219123506,0.36666666666666664,0
1169,41.0,New,Groceries,Upi,15159.15,40.96,884,0.4090909090909091,0.049773755656108594,0.24820143884892087,0.11363636363636363,0
1170,19.0,Regular,Clothing,Credit Card,2262.95,5.58,202,0.36585365853658536,0.20297029702970298,7.2105263157894735,0.2926829268292683,0
1171,52.0,Premium,Sports,Debit Card,31829.54,21.56,1720,0.9,0.005813953488372093,0.6312056737588653,1.4,0
1172,64.0,Inactive,Groceries,Upi,4288.54,18.64,1079,0.0,0.0027803521779425394,2.0526315789473686,6.666666666666667,0
1173,64.0,Regular,Sports,Cash,15448.31,20.04,1551,0.9583333333333334,0.030947775628626693,2.0210526315789474,0.16666666666666666,0
1174,23.0,Premium,Books,Debit Card,28759.31,49.75,1451,1.0,0.00895933838731909,0.4177215189873418,1.3076923076923077,0
1175,69.0,Regular,Furniture,Net Banking,11152.86,46.77,1405,0.5483870967741935,0.02206405693950178,1.3617021276595744,0.16129032258064516,0
1176,20.0,Premium,Sports,Debit Card,13997.63,20.36,977,0.42105263157894735,0.019447287615148412,10.7,0.21052631578947367,0
1177,56.0,Premium,Clothing,Cash,1394.61,16.23,891,0.9333333333333333,0.016835016835016835,4.757575757575758,0.6,0
1178,58.0,New,Groceries,Credit Card,46528.7,0.63,976,0.9032258064516129,0.031762295081967214,0.4685714285714286,0.3548387096774194,0
1179,65.0,Regular,Furniture,Cash,8915.66,19.5,1026,0.1111111111111111,0.043859649122807015,0.043478260869565216,0.4,0
1180,53.0,Premium,Clothing,Cash,49251.0,18.46,987,0.5833333333333334,0.0486322188449848,1.2866666666666666,0.20833333333333334,0
1181,19.0,Inactive,Furniture,Net Banking,31401.12,28.24,1553,0.36363636363636365,0.0070830650354153256,0.92018779342723,0.0,0
1182,44.0,New,Furniture,Debit Card,19232.23,47.44,256,0.3333333333333333,0.03515625,0.390625,1.3333333333333333,0
1183,54.0,Premium,Books,Debit Card,38460.29,49.22,886,0.45454545454545453,0.012415349887133182,0.6844660194174758,1.1818181818181819,0
1184,56.0,Regular,Books,Net Banking,31698.65,33.21,1126,0.4166666666666667,0.021314387211367674,0.4630681818181818,0.8333333333333334,0
1185,52.0,Regular,Books,Debit Card,24994.24,23.2,36,0.46153846153846156,0.7222222222222222,0.1774891774891775,0.19230769230769232,0
1186,52.0,New,Sports,Upi,34325.91,4.92,416,0.5,0.028846153846153848,0.5637583892617449,1.0833333333333333,0
1187,58.0,Inactive,Clothing,Credit Card,25545.48,25.17,695,0.6666666666666666,0.012949640287769784,3.6666666666666665,2.0,0
1188,57.0,Premium,Furniture,Upi,23859.72,4.55,1160,1.0,0.0353448275862069,0.031578947368421054,0.4634146341463415,0
1189,50.0,Premium,Groceries,Credit Card,36291.48,11.97,630,0.4166666666666667,0.0380952380952381,0.756198347107438,0.25,0
1190,22.0,Regular,Furniture,Net Banking,23230.05,34.18,1343,0.4666666666666667,0.022338049143708117,0.2719298245614035,0.16666666666666666,0
1191,25.0,Premium,Clothing,Net Banking,36241.29,3.49,992,0.9,0.03024193548387097,10.294117647058824,0.43333333333333335,0
1192,42.0,New,Clothing,Credit Card,27098.4,35.79,928,0.9782608695652174,0.04956896551724138,0.5337620578778135,0.3695652173913043,0
1193,48.0,Regular,Books,Net Banking,41501.23,36.26,1318,0.8461538461538461,0.019726858877086494,4.476190476190476,0.46153846153846156,0
1194,59.0,New,Books,Upi,5629.34,42.35,875,0.25,0.009142857142857144,0.6498316498316499,0.375,0
1195,60.0,Premium,Clothing,Net Banking,25545.48,4.86,1571,0.9354838709677419,0.019732654360280075,0.541033434650456,0.06451612903225806,0
1196,33.0,Regular,Clothing,Cash,22511.27,39.37,103,0.37777777777777777,0.4368932038834951,0.18662952646239556,0.4,0
1197,66.0,Premium,Furniture,Credit Card,1784.05,44.01,1192,0.47368421052631576,0.015939597315436243,0.3217993079584775,0.47368421052631576,1
1198,58.0,New,Sports,Debit Card,33827.3,7.72,1789,0.6551724137931034,0.01621017328116266,0.09269662921348315,0.13793103448275862,0
1199,42.0,Inactive,Clothing,Upi,42620.5,29.16,1506,0.5,0.0013280212483399733,1.9736842105263157,0.0,0
1200,44.0,New,Groceries,Upi,45050.2,48.62,1101,0.8,0.03633060853769301,0.12121212121212122,0.45,0
1201,41.0,New,Sports,Credit Card,43603.72,100.0,731,0.9090909090909091,0.015047879616963064,0.3951612903225806,0.0,1
1202,32.0,Regular,Clothing,Net Banking,14276.62,38.9,970,0.5,0.010309278350515464,2.693548387096774,0.6,0
1203,54.0,New,Clothing,Net Banking,10525.23,33.21,167,0.4375,0.2874251497005988,0.7853658536585366,0.0625,0
1204,35.0,New,Books,Debit Card,27117.59,3.97,531,0.6875,0.0903954802259887,3.9655172413793105,0.375,0
1205,34.0,Inactive,Books,Net Banking,11802.83,35.87,598,0.5,0.026755852842809364,0.12087912087912088,1.1875,0
1206,23.0,Premium,Electronics,Net Banking,15486.66,10.39,231,0.8823529411764706,0.1471861471861472,1.2,0.5294117647058824,0
1207,52.0,Regular,Books,Credit Card,4116.2,23.91,1140,0.2926829268292683,0.035964912280701755,0.09691629955947137,0.36585365853658536,0
1208,55.0,Inactive,Groceries,Debit Card,28681.8,29.09,1236,1.0,0.016181229773462782,3.189655172413793,0.7,0
1209,69.0,Premium,Clothing,Net Banking,20654.86,13.54,1083,0.0,0.024007386888273315,0.1419753086419753,0.38461538461538464,0
1210,36.0,Regular,Books,Credit Card,12826.59,13.76,1579,0.8,0.022165927802406588,0.4479166666666667,0.2571428571428571,0
1211,29.0,Premium,Groceries,Credit Card,23790.06,8.16,1795,0.5757575757575758,0.01838440111420613,5.735294117647059,0.3939393939393939,0
1212,46.0,Inactive,Sports,Debit Card,41216.61,9.68,1057,0.37142857142857144,0.033112582781456956,3.5,0.2,0
1213,37.0,New,Groceries,Credit Card,34394.94,46.38,423,0.7142857142857143,0.016548463356973995,1.3611111111111112,0.5714285714285714,0
1214,67.0,Premium,Books,Upi,30701.1,7.86,1626,0.8181818181818182,0.006765067650676507,0.46037735849056605,1.8181818181818181,0
1215,64.0,Regular,Clothing,Upi,46749.33,41.72,1728,0.6774193548387096,0.017939814814814815,0.2,0.2903225806451613,0
1216,65.0,New,Clothing,Upi,28382.68,38.13,754,0.03571428571428571,0.03713527851458886,65.33333333333333,0.42857142857142855,0
1217,59.0,New,Books,Upi,1464.24,35.22,78,0.5,0.23076923076923078,1.588785046728972,0.4444444444444444,0
1218,38.0,New,Groceries,Debit Card,28218.63,9.97,248,0.7777777777777778,0.14516129032258066,1.4324324324324325,0.4444444444444444,0
1219,22.0,Premium,Groceries,Net Banking,24244.29,36.06,541,0.9361702127659575,0.08687615526802218,0.04979253112033195,0.2553191489361702,0
1220,35.0,New,Electronics,Credit Card,3277.67,17.13,996,0.5714285714285714,0.007028112449799197,0.3442028985507246,2.0,1
1221,26.0,Regular,Books,Debit Card,20981.98,7.59,1180,0.7659574468085106,0.03983050847457627,1.935897435897436,0.19148936170212766,0
1222,23.0,Regular,Groceries,Credit Card,27555.96,33.03,1611,0.02702702702702703,0.022967101179391682,0.4755244755244755,0.24324324324324326,0
1223,67.0,Regular,Books,Debit Card,45302.62,22.29,973,0.5833333333333334,0.024665981500513873,0.43636363636363634,0.4166666666666667,0
1224,41.0,Regular,Sports,Upi,13321.78,30.18,905,0.8913043478260869,0.05082872928176796,3.0,0.06521739130434782,0
1225,43.0,Premium,Books,Credit Card,3484.17,49.48,1062,0.7941176470588235,0.032015065913371,0.026041666666666668,0.5294117647058824,0
1226,69.0,New,Groceries,Credit Card,28953.37,31.72,1119,0.8947368421052632,0.016979445933869526,3.717948717948718,0.10526315789473684,0
1227,28.0,Premium,Furniture,Debit Card,30696.56,49.65,983,0.8666666666666667,0.030518819938962362,5.184210526315789,0.43333333333333335,0
1228,46.0,Inactive,Groceries,Upi,9492.85,28.76,1207,0.0,0.004142502071251036,0.5836909871244635,2.6,0
1229,36.0,Inactive,Books,Cash,1434.15,11.26,1411,0.28,0.01771793054571226,0.1780821917808219,0.32,1
1230,67.0,New,Groceries,Debit Card,33437.39,100.0,1613,0.21428571428571427,0.026038437693738377,0.30847457627118646,0.42857142857142855,0
1231,27.0,Regular,Electronics,Credit Card,1798.11,30.1,700,0.7142857142857143,0.01,9.523809523809524,0.5714285714285714,0
1232,38.0,Inactive,Clothing,Upi,15495.01,21.21,85,0.9230769230769231,0.15294117647058825,0.4316546762589928,0.46153846153846156,0
1233,26.0,Premium,Books,Net Banking,1758.48,43.38,847,0.56,0.0295159386068477,0.9158878504672897,0.04,0
1234,30.0,New,Furniture,Credit Card,5096.16,8.75,1579,0.125,0.00506649778340722,0.6262626262626263,2.0,0
1235,31.0,New,Sports,Net Banking,18240.32,49.77,766,0.1282051282051282,0.050913838120104436,0.2300469483568075,0.15384615384615385,0
1236,48.0,New,Electronics,Upi,1299.2,19.0,664,0.36666666666666664,0.045180722891566265,0.47685185185185186,0.1,0
1237,22.0,Inactive,Clothing,Debit Card,49985.47,4.22,1524,0.0,0.00984251968503937,0.30303030303030304,1.0,1
1238,59.0,Premium,Electronics,Credit Card,9279.24,0.46,155,0.9375,0.1032258064516129,0.15037593984962405,0.25,1
1239,56.0,Inactive,Clothing,Credit Card,31068.97,41.16,1549,0.6666666666666666,0.015493867010974823,0.20930232558139536,0.20833333333333334,1
1240,69.0,Regular,Electronics,Cash,1984.02,10.2,687,0.36363636363636365,0.01601164483260553,0.7777777777777778,1.0,0
1241,19.0,Regular,Electronics,Cash,2194.03,43.6,1509,0.7741935483870968,0.02054340622929092,0.05741626794258373,0.5483870967741935,0
1242,51.0,Premium,Electronics,Net Banking,17758.99,11.13,880,1.0,0.0011363636363636363,0.07906976744186046,3.0,1
1243,52.0,Premium,Books,Upi,40566.54,0.04,1374,0.20512820512820512,0.028384279475982533,0.4959016393442623,0.20512820512820512,0
1244,52.0,Inactive,Sports,Net Banking,5271.72,24.64,295,0.30434782608695654,0.15593220338983052,0.17406143344709898,0.08695652173913043,0
1245,69.0,Regular,Sports,Debit Card,37287.67,35.86,543,0.16666666666666666,0.011049723756906077,1.089655172413793,0.5,0
1246,29.0,Regular,Sports,Upi,33583.64,26.0,797,0.3333333333333333,0.037641154328732745,0.23310810810810811,0.13333333333333333,0
1247,60.0,Inactive,Sports,Credit Card,37522.83,39.99,322,0.3333333333333333,0.009316770186335404,0.040123456790123455,2.0,1
1248,58.0,Regular,Electronics,Cash,16465.35,28.6,860,0.7692307692307693,0.030232558139534883,0.3588709677419355,0.23076923076923078,0
1249,46.0,New,Furniture,Upi,27521.03,5.89,411,0.5882352941176471,0.0413625304136253,1.1666666666666667,0.9411764705882353,0
1250,34.0,New,Books,Credit Card,23087.64,4.83,1631,0.4444444444444444,0.022072348252605765,1.1136363636363635,0.4444444444444444,0
1251,41.0,Inactive,Electronics,Debit Card,6748.29,11.36,288,1.0,0.12152777777777778,0.12340425531914893,0.08571428571428572,0
1252,40.0,New,Groceries,Debit Card,49223.43,4.15,320,0.8888888888888888,0.1125,0.18146718146718147,0.3333333333333333,0
1253,61.0,Premium,Clothing,Credit Card,37357.49,26.28,1668,0.7021276595744681,0.02817745803357314,1.858974358974359,0.3404255319148936,0
1254,52.0,New,Clothing,Credit Card,47384.59,26.54,1330,0.9555555555555556,0.03383458646616541,0.21354166666666666,0.06666666666666667,0
1255,58.0,Premium,Furniture,Net Banking,21488.78,10.11,892,0.6,0.04484304932735426,3.9615384615384617,0.225,0
1256,48.0,Regular,Electronics,Debit Card,46938.09,0.02,457,0.8936170212765957,0.10284463894967177,1.4108527131782946,0.3617021276595745,0
1257,64.0,Premium,Books,Credit Card,7445.01,24.05,1353,0.4444444444444444,0.019955654101995565,2.36144578313253,0.25925925925925924,0
1258,44.0,Inactive,Clothing,Cash,41799.29,3.53,1406,0.1875,0.011379800853485065,0.2535211267605634,0.75,0
1259,27.0,New,Electronics,Net Banking,14135.78,16.37,240,0.4318181818181818,0.18333333333333332,0.09480122324159021,0.36363636363636365,0
1260,67.0,Regular,Sports,Upi,15291.7,6.24,1822,0.06896551724137931,0.015916575192096598,0.3738019169329074,0.13793103448275862,0
1261,35.0,New,Books,Debit Card,6085.46,23.33,1100,0.5294117647058824,0.015454545454545455,0.14666666666666667,0.8823529411764706,1
1262,24.0,Inactive,Furniture,Credit Card,12443.98,42.5,1336,0.5416666666666666,0.017964071856287425,0.7086614173228346,0.5416666666666666,0
1263,24.0,Regular,Clothing,Credit Card,25637.27,20.98,1490,0.0,0.027516778523489934,0.7131782945736435,0.04878048780487805,0
1264,69.0,Regular,Furniture,Cash,11458.71,21.69,1092,0.75,0.029304029304029304,0.19708029197080293,0.46875,0
1265,60.0,Premium,Furniture,Debit Card,29721.98,39.68,768,0.14285714285714285,0.009114583333333334,2.9019607843137254,0.42857142857142855,0
1266,55.0,New,Sports,Credit Card,2473.31,32.35,846,0.6875,0.05673758865248227,0.5221238938053098,0.375,0
1267,70.0,Inactive,Electronics,Upi,28563.03,1.21,1672,1.0,0.008373205741626795,0.15384615384615385,0.6428571428571429,0
1268,19.0,Regular,Groceries,Upi,17530.46,48.68,968,0.06818181818181818,0.045454545454545456,0.5546875,0.3181818181818182,0
1269,62.0,Premium,Clothing,Credit Card,38655.04,27.36,1759,0.6111111111111112,0.02046617396247868,1.1515151515151516,0.3333333333333333,0
1270,49.0,Regular,Groceries,Credit Card,27142.62,40.26,1339,0.15,0.029873039581777446,0.7008547008547008,0.225,0
1271,43.0,Inactive,Groceries,Upi,9716.51,19.13,1680,0.5365853658536586,0.024404761904761905,1.338235294117647,0.36585365853658536,0
1272,46.0,Premium,Electronics,Debit Card,1288.4,9.49,1579,0.8095238095238095,0.013299556681443952,0.8176100628930818,0.9523809523809523,0
1273,53.0,Premium,Groceries,Debit Card,34933.99,9.93,328,0.625,0.12195121951219512,3.893617021276596,0.475,0
1274,63.0,New,Groceries,Upi,7085.1,19.26,490,0.07692307692307693,0.053061224489795916,1.0463576158940397,0.6923076923076923,0
1275,46.0,Regular,Furniture,Debit Card,33542.31,13.69,931,0.3,0.010741138560687433,0.2283464566929134,0.7,1
1276,59.0,Premium,Electronics,Net Banking,12562.17,1.04,1158,0.6842105263157895,0.016407599309153715,0.39490445859872614,0.7368421052631579,0
1277,54.0,New,Electronics,Debit Card,29254.33,31.36,913,0.6764705882352942,0.03723986856516977,0.964824120603015,0.23529411764705882,0
1278,41.0,Regular,Groceries,Cash,18175.17,47.9,293,0.9714285714285714,0.11945392491467577,1.2028985507246377,0.2,0
1279,24.0,New,Furniture,Net Banking,5687.98,41.31,1711,0.9523809523809523,0.012273524254821741,1.5811965811965811,0.5238095238095238,0
1280,32.0,Regular,Furniture,Credit Card,23281.82,21.89,1176,0.25,0.003401360544217687,0.3696369636963696,0.5,0
1281,46.0,Inactive,Electronics,Debit Card,24093.01,35.32,1196,0.08695652173913043,0.019230769230769232,5.303030303030303,0.4782608695652174,0
1282,34.0,Inactive,Groceries,Net Banking,25545.48,47.14,1457,0.32142857142857145,0.019217570350034317,0.27586206896551724,0.5,0
1283,61.0,Regular,Clothing,Upi,40021.61,25.4,1796,1.0,0.02060133630289532,0.17703349282296652,0.4594594594594595,0
1284,18.0,Regular,Furniture,Debit Card,38843.74,3.55,539,0.25,0.014842300556586271,4.121212121212121,1.625,0
1285,56.0,Premium,Electronics,Cash,46476.9,36.43,1465,0.5952380952380952,0.028668941979522185,0.13529411764705881,0.07142857142857142,0
1286,61.0,New,Groceries,Credit Card,23983.17,42.36,1478,0.4888888888888889,0.030446549391069014,0.26595744680851063,0.2,0
1287,45.0,New,Electronics,Upi,13395.03,10.03,955,0.08333333333333333,0.012565445026178011,0.9222222222222223,1.6666666666666667,0
1288,66.0,New,Clothing,Credit Card,44025.41,3.05,33,0.0,0.06060606060606061,0.055944055944055944,5.5,1
1289,51.0,Premium,Groceries,Credit Card,15660.06,40.0,416,0.08,0.06009615384615385,0.49828178694158076,0.44,0
1290,58.0,Premium,Furniture,Cash,48800.83,4.85,392,0.35714285714285715,0.03571428571428571,0.11428571428571428,1.3571428571428572,1
1291,46.0,New,Electronics,Debit Card,2001.91,1.94,250,1.0,0.116,0.11231884057971014,0.3103448275862069,0
1292,40.0,Inactive,Furniture,Net Banking,45061.41,24.88,1378,0.45454545454545453,0.007982583454281567,0.12944983818770225,1.7272727272727273,1
1293,53.0,New,Electronics,Debit Card,27945.86,16.92,1656,0.7209302325581395,0.025966183574879228,0.19680851063829788,0.16279069767441862,0
1294,43.0,Regular,Electronics,Net Banking,40639.91,45.48,216,0.1935483870967742,0.14351851851851852,0.5344352617079889,0.5806451612903226,0
1295,60.0,New,Furniture,Upi,35259.19,26.08,307,0.4864864864864865,0.12052117263843648,0.5892857142857143,0.16216216216216217,0
1296,46.0,Regular,Sports,Upi,20509.79,18.85,1179,0.10714285714285714,0.02374893977947413,0.027777777777777776,0.5357142857142857,0
1297,48.0,Regular,Groceries,Credit Card,14716.1,34.2,658,0.24,0.07598784194528875,4.689655172413793,0.02,0
1298,55.0,New,Electronics,Debit Card,16025.85,2.4,750,0.5714285714285714,0.056,0.8666666666666667,0.21428571428571427,0
1299,52.0,Inactive,Books,Credit Card,37057.73,26.2,469,0.75,0.05970149253731343,1.423913043478261,0.39285714285714285,0
1300,24.0,Premium,Clothing,Cash,16355.37,35.7,61,0.8695652173913043,0.7540983606557377,0.20866141732283464,0.391304347826087,0
1301,20.0,Regular,Sports,Upi,46253.46,0.24,1722,0.25,0.004645760743321719,1.3629032258064515,1.25,0
1302,32.0,New,Electronics,Cash,7512.64,12.31,1484,1.0,0.006738544474393531,0.19533527696793002,1.3,1
1303,44.0,Regular,Sports,Debit Card,45729.94,20.46,1755,0.5,0.02735042735042735,17.833333333333332,0.2708333333333333,0
1304,30.0,Regular,Furniture,Cash,31513.59,19.77,1442,0.0,0.0006934812760055479,0.5518207282913166,14.0,0
1305,32.0,Inactive,Electronics,Credit Card,8366.73,39.56,1545,0.625,0.005177993527508091,1.3428571428571427,2.125,0
1306,34.0,Regular,Furniture,Debit Card,14592.89,28.51,207,0.631578947368421,0.09178743961352658,3.482142857142857,0.15789473684210525,0
1307,53.0,Regular,Electronics,Upi,49780.14,23.45,407,0.058823529411764705,0.08353808353808354,0.5178571428571429,0.20588235294117646,0
1308,23.0,Regular,Groceries,Debit Card,18859.64,36.92,1603,0.8,0.024953212726138492,0.6740088105726872,0.025,0
1309,31.0,Premium,Furniture,Debit Card,47455.18,17.07,1349,1.0,0.0007412898443291327,0.3488372093023256,11.0,0
1310,21.0,New,Electronics,Credit Card,25526.93,11.26,1814,0.7368421052631579,0.010474090407938258,0.15527950310559005,0.5263157894736842,1
1311,46.0,Regular,Furniture,Cash,14746.42,8.05,163,0.20588235294117646,0.2085889570552147,0.2918149466192171,0.029411764705882353,0
1312,44.0,New,Electronics,Credit Card,36163.88,36.2,1431,0.225,0.027952480782669462,0.5757575757575758,0.025,0
1313,32.0,New,Electronics,Cash,3391.67,19.38,1147,0.05405405405405406,0.03225806451612903,0.10652920962199312,0.1891891891891892,0
1314,22.0,Inactive,Books,Net Banking,46891.94,32.24,1562,0.7741935483870968,0.019846350832266324,1.2137931034482758,0.6129032258064516,0
1315,33.0,Inactive,Clothing,Upi,49016.49,31.83,488,0.7391304347826086,0.0471311475409836,0.16260162601626016,0.6086956521739131,1
1316,27.0,Inactive,Sports,Credit Card,25545.48,19.42,914,0.9166666666666666,0.01312910284463895,0.3181818181818182,0.9166666666666666,0
1317,69.0,Premium,Electronics,Cash,20813.39,43.99,752,0.8666666666666667,0.0398936170212766,0.8803418803418803,0.13333333333333333,0
1318,31.0,New,Groceries,Upi,36805.74,22.19,1392,0.3333333333333333,0.021551724137931036,0.5979899497487438,0.36666666666666664,0
1319,43.0,New,Clothing,Net Banking,11239.49,9.55,1152,0.6875,0.013888888888888888,1.87,1.1875,0
1320,66.0,Regular,Sports,Debit Card,11068.93,7.07,1735,0.7,0.011527377521613832,2.482142857142857,1.0,0
1321,67.0,Premium,Clothing,Credit Card,17215.32,44.5,937,0.42857142857142855,0.014941302027748132,0.29289940828402367,1.1428571428571428,1
1322,19.0,New,Furniture,Upi,9030.87,49.18,1207,0.9534883720930233,0.035625517812758904,0.4154727793696275,0.09302325581395349,0
1323,68.0,Premium,Groceries,Cash,23694.7,43.4,1593,0.47619047619047616,0.013182674199623353,2.925373134328358,0.7142857142857143,0
1324,57.0,Inactive,Electronics,Credit Card,5304.7,3.27,671,0.4772727272727273,0.06557377049180328,0.2727272727272727,0.022727272727272728,0
1325,40.0,Premium,Clothing,Upi,42113.59,18.15,1470,0.75,0.013605442176870748,0.9259259259259259,0.7,0
1326,29.0,Regular,Electronics,Cash,8410.71,44.03,869,0.9444444444444444,0.04142692750287687,1.2738095238095237,0.08333333333333333,0
1327,28.0,New,Sports,Credit Card,35143.2,14.06,1577,0.9032258064516129,0.019657577679137603,0.234375,0.12903225806451613,0
1328,20.0,New,Groceries,Cash,24105.56,38.36,1201,0.56,0.020815986677768527,0.5880398671096345,0.44,0
1329,29.0,Premium,Groceries,Credit Card,28555.76,44.28,1308,0.2558139534883721,0.03287461773700306,2.159090909090909,0.046511627906976744,0
1330,37.0,Premium,Electronics,Cash,10258.03,31.71,1667,0.5116279069767442,0.02579484103179364,1.22,0.046511627906976744,0
1331,49.0,Inactive,Furniture,Net Banking,25545.48,18.26,78,0.2962962962962963,0.34615384615384615,0.38461538461538464,0.5925925925925926,0
1332,49.0,Premium,Electronics,Debit Card,12320.79,15.33,1565,0.047619047619047616,0.0268370607028754,0.4826086956521739,0.23809523809523808,0
1333,66.0,Inactive,Electronics,Debit Card,27788.07,6.53,809,0.0,0.027194066749072928,0.009375,0.8181818181818182,1
1334,30.0,New,Groceries,Upi,34916.77,13.51,1478,1.0,0.0020297699594046007,0.44559585492227977,3.6666666666666665,1
1335,39.0,Regular,Sports,Cash,27842.94,24.44,682,0.11764705882352941,0.024926686217008796,0.16058394160583941,0.8235294117647058,0
1336,44.0,Premium,Books,Credit Card,40408.22,5.35,1201,0.1111111111111111,0.00749375520399667,1.1794871794871795,1.2222222222222223,0
1337,69.0,Premium,Books,Cash,977.44,0.67,1312,0.2,0.0038109756097560975,0.9085714285714286,0.4,0
1338,47.0,Inactive,Electronics,Credit Card,6537.93,35.21,1500,0.275,0.02666666666666667,1.854368932038835,0.05,0
1339,23.0,New,Books,Net Banking,12037.25,2.5,424,0.9090909090909091,0.10377358490566038,2.4390243902439024,0.22727272727272727,0
1340,48.0,New,Furniture,Credit Card,9710.21,14.4,1069,0.6086956521739131,0.04303086997193639,0.43804034582132567,0.021739130434782608,0
1341,18.0,Premium,Clothing,Debit Card,7622.69,27.1,413,0.11764705882352941,0.04116222760290557,1.8556701030927836,0.17647058823529413,0
1342,38.0,Premium,Groceries,Debit Card,41884.0,14.84,903,0.43902439024390244,0.04540420819490587,0.6132075471698113,0.4878048780487805,0
1343,34.0,Regular,Furniture,Credit Card,32914.69,48.41,158,0.0,0.006329113924050633,0.5658914728682171,5.0,0
1344,49.0,Premium,Furniture,Cash,40976.32,4.0,1609,0.40816326530612246,0.030453697949036667,0.017467248908296942,0.04081632653061224,0
1345,41.0,Inactive,Clothing,Net Banking,42066.4,22.54,671,0.40425531914893614,0.07004470938897168,0.3861788617886179,0.3191489361702128,0
1346,52.0,Regular,Furniture,Net Banking,2613.62,17.64,1809,0.5454545454545454,0.006080707573244887,0.497907949790795,0.9090909090909091,0
1347,47.0,Premium,Electronics,Cash,37652.33,20.98,335,0.5,0.14328358208955225,2.769230769230769,0.20833333333333334,0
1348,43.0,Premium,Groceries,Upi,45315.43,7.55,997,0.023255813953488372,0.04312938816449348,0.5894736842105263,0.06976744186046512,0
1349,27.0,Regular,Clothing,Net Banking,25117.46,7.92,1272,0.0,0.0015723270440251573,0.2553191489361702,3.5,1
1350,64.0,New,Groceries,Net Banking,24623.44,33.29,1274,0.45454545454545453,0.008634222919937205,0.15469613259668508,0.18181818181818182,1
1351,36.0,Regular,Furniture,Upi,40279.29,20.82,1321,0.3125,0.024224072672218017,11.285714285714286,0.625,0
1352,37.0,Inactive,Electronics,Cash,25545.48,14.09,999,0.5897435897435898,0.03903903903903904,0.921875,0.10256410256410256,0
1353,22.0,New,Groceries,Net Banking,12682.44,47.23,1641,0.7407407407407407,0.016453382084095063,0.16997167138810199,0.37037037037037035,0
1354,35.0,Regular,Furniture,Cash,35067.31,45.09,1278,0.3181818181818182,0.017214397496087636,0.9818181818181818,0.8181818181818182,0
1355,33.0,New,Furniture,Credit Card,44582.57,15.67,1113,0.6451612903225806,0.027852650494159928,2.020408163265306,0.12903225806451613,0
1356,49.0,Inactive,Sports,Upi,3812.81,19.48,1766,0.2222222222222222,0.010192525481313703,2.0,0.4444444444444444,0
1357,67.0,New,Clothing,Debit Card,31836.96,16.36,685,0.26666666666666666,0.021897810218978103,0.389937106918239,1.1333333333333333,0
1358,49.0,Inactive,Furniture,Credit Card,41294.75,32.29,1536,0.3076923076923077,0.008463541666666666,0.5065359477124183,0.23076923076923078,0
1359,30.0,New,Clothing,Credit Card,39640.11,21.15,636,0.375,0.025157232704402517,12.833333333333334,0.5,0
1360,19.0,Inactive,Sports,Net Banking,21360.45,18.43,351,0.4897959183673469,0.1396011396011396,1.513157894736842,0.40816326530612246,0
1361,56.0,Regular,Electronics,Cash,23069.19,9.89,293,0.2777777777777778,0.06143344709897611,0.3762057877813505,0.5,0
1362,38.0,Premium,Electronics,Credit Card,27852.47,18.44,1317,0.8095238095238095,0.015945330296127564,1.1419753086419753,0.5714285714285714,0
1363,45.0,New,Electronics,Cash,30847.56,38.03,110,0.8571428571428571,0.19090909090909092,0.22121212121212122,0.47619047619047616,1
1364,50.0,Premium,Groceries,Debit Card,46383.96,7.0,218,1.0,0.022935779816513763,2.5283018867924527,1.0,0
1365,66.0,Regular,Groceries,Net Banking,20925.77,37.54,882,0.0,0.006802721088435374,0.40711462450592883,2.8333333333333335,0
1366,59.0,Premium,Furniture,Debit Card,40811.03,22.42,145,0.16666666666666666,0.041379310344827586,3.2666666666666666,1.3333333333333333,0
1367,59.0,Premium,Electronics,Credit Card,42223.21,11.28,1812,0.3333333333333333,0.023178807947019868,0.5,0.16666666666666666,0
1368,26.0,Regular,Groceries,Credit Card,37920.17,33.51,1401,0.6,0.017844396859386154,13.1,0.36,0
1369,63.0,New,Electronics,Upi,10406.16,1.8,1467,0.0,0.002044989775051125,1.271186440677966,5.0,0
1370,23.0,Regular,Furniture,Debit Card,20160.48,7.61,1169,0.36363636363636365,0.009409751924721984,40.25,1.7272727272727273,0
1371,41.0,New,Electronics,Credit Card,37831.49,12.81,1362,0.46153846153846156,0.009544787077826725,0.8316831683168316,0.6153846153846154,0
1372,36.0,Premium,Groceries,Credit Card,48402.87,33.59,823,0.1794871794871795,0.04738760631834751,0.2548076923076923,0.1282051282051282,0
1373,69.0,Regular,Clothing,Debit Card,28725.25,37.36,769,0.7551020408163265,0.06371911573472042,0.4887005649717514,0.12244897959183673,0
1374,47.0,Inactive,Sports,Debit Card,28558.91,44.22,55,0.0,0.2727272727272727,0.4307692307692308,1.0666666666666667,0
1375,31.0,Regular,Clothing,Net Banking,47366.36,19.43,1013,0.3125,0.0315893385982231,0.7023809523809523,0.375,0
1376,53.0,Inactive,Books,Credit Card,4344.87,5.36,591,0.0625,0.02707275803722504,8.0,1.1875,0
1377,18.0,New,Groceries,Debit Card,28621.49,7.97,896,0.0,0.029017857142857144,3.392857142857143,0.23076923076923078,0
1378,65.0,Premium,Clothing,Debit Card,32854.49,14.87,965,0.14814814814814814,0.027979274611398965,1.7222222222222223,0.3333333333333333,0
1379,69.0,Premium,Sports,Credit Card,47645.04,39.64,1514,0.14583333333333334,0.031704095112285335,0.18442622950819673,0.0,0
1380,33.0,Inactive,Sports,Debit Card,14020.16,1.13,163,0.25,0.22085889570552147,0.42560553633217996,0.05555555555555555,0
1381,43.0,Premium,Electronics,Cash,21908.13,23.29,159,0.0625,0.20125786163522014,0.044444444444444446,0.5625,0
1382,67.0,Regular,Sports,Net Banking,10533.58,13.36,1689,0.4838709677419355,0.018354055654233273,0.20348837209302326,0.1935483870967742,0
1383,18.0,Inactive,Books,Upi,28167.75,35.15,211,0.32142857142857145,0.13270142180094788,1.546218487394958,0.03571428571428571,0
1384,56.0,New,Books,Upi,27457.24,18.66,1535,0.2903225806451613,0.020195439739413682,0.9738219895287958,0.5483870967741935,0
1385,58.0,New,Electronics,Cash,20388.07,23.37,1569,0.23684210526315788,0.024219247928616953,1.1067415730337078,0.23684210526315788,0
1386,49.0,New,Groceries,Net Banking,4779.06,12.66,953,0.7142857142857143,0.02938090241343127,6.352112676056338,0.39285714285714285,0
1387,66.0,Inactive,Electronics,Net Banking,17500.96,45.91,1325,0.6666666666666666,0.0022641509433962265,0.11838006230529595,6.333333333333333,1
1388,65.0,Inactive,Electronics,Credit Card,41321.93,19.82,1094,0.5714285714285714,0.012797074954296161,0.13488372093023257,1.1428571428571428,1
1389,24.0,Premium,Clothing,Credit Card,33399.53,8.24,696,0.8611111111111112,0.05172413793103448,1.5042735042735043,0.2777777777777778,0
1390,64.0,New,Groceries,Debit Card,33016.15,19.64,1341,0.17647058823529413,0.02535421327367636,0.30405405405405406,0.38235294117647056,0
1391,59.0,Premium,Books,Credit Card,44814.1,9.42,177,0.6888888888888889,0.2542372881355932,130.0,0.06666666666666667,0
1392,62.0,Regular,Books,Credit Card,15491.45,10.46,93,0.0,0.27956989247311825,0.0764525993883792,0.23076923076923078,0
1393,36.0,Regular,Electronics,Cash,34183.84,3.35,855,0.44,0.05847953216374269,0.1336206896551724,0.26,0
1394,18.0,Regular,Groceries,Cash,10818.2,21.43,115,0.7916666666666666,0.20869565217391303,0.40728476821192056,0.8333333333333334,0
1395,61.0,Premium,Groceries,Upi,17899.1,12.79,1440,0.14285714285714285,0.014583333333333334,0.4074074074074074,0.8095238095238095,1
1396,55.0,Inactive,Groceries,Credit Card,19308.38,48.14,199,1.0,0.010050251256281407,2.7111111111111112,4.0,0
1397,33.0,New,Groceries,Net Banking,17200.44,30.18,1621,0.3958333333333333,0.02961135101789019,0.03734439834024896,0.20833333333333334,0
1398,44.0,Regular,Furniture,Net Banking,5200.21,34.19,171,0.5925925925925926,0.15789473684210525,0.569078947368421,0.0,0
1399,50.0,New,Clothing,Cash,28469.97,40.07,270,0.35555555555555557,0.16666666666666666,0.610909090909091,0.022222222222222223,0
1400,62.0,New,Electronics,Credit Card,15022.78,8.14,1436,0.4482758620689655,0.0201949860724234,1.0335570469798658,0.3448275862068966,0
1401,27.0,Regular,Groceries,Debit Card,12827.61,19.37,404,0.0625,0.07920792079207921,0.1373134328358209,0.375,0
1402,32.0,Inactive,Furniture,Credit Card,11822.26,22.23,300,0.3125,0.10666666666666667,0.08356545961002786,0.09375,0
1403,65.0,Premium,Groceries,Cash,18650.44,34.95,1143,0.71875,0.02799650043744532,16.545454545454547,0.5,0
1404,24.0,New,Electronics,Cash,22096.41,35.1,762,0.4444444444444444,0.023622047244094488,0.4857142857142857,0.1111111111111111,0
1405,48.0,New,Clothing,Cash,6490.04,8.1,1148,0.7777777777777778,0.0078397212543554,0.16382252559726962,0.6666666666666666,1
1406,41.0,Regular,Groceries,Credit Card,48557.84,32.81,505,0.8,0.009900990099009901,0.35451505016722407,0.6,0
1407,30.0,Regular,Electronics,Net Banking,35222.96,0.56,1393,0.14583333333333334,0.03445800430725054,4.225806451612903,0.0,0
1408,35.0,New,Electronics,Cash,44079.04,6.85,1002,0.3,0.01996007984031936,0.984,0.3,0
1409,48.0,Regular,Electronics,Credit Card,19698.95,31.67,1786,0.8333333333333334,0.006718924972004479,0.0683453237410072,0.3333333333333333,1
1410,50.0,Premium,Groceries,Cash,49498.41,3.63,770,0.7878787878787878,0.04285714285714286,0.7529411764705882,0.6060606060606061,0
1411,32.0,New,Electronics,Upi,21877.62,43.53,830,0.8571428571428571,0.05903614457831325,0.03940886699507389,0.12244897959183673,0
1412,46.0,Premium,Groceries,Debit Card,47494.7,25.48,1256,0.25,0.03184713375796178,0.7942583732057417,0.5,0
1413,51.0,New,Books,Credit Card,21920.71,1.55,1612,1.0,0.003101736972704715,4.235294117647059,0.4,0
1414,59.0,Regular,Clothing,Upi,14401.26,32.51,661,0.7307692307692307,0.039334341906202726,0.44571428571428573,0.6538461538461539,0
1415,48.0,New,Groceries,Cash,43622.37,34.42,1639,0.7755102040816326,0.02989627821842587,0.4044943820224719,0.3877551020408163,0
1416,54.0,New,Groceries,Credit Card,34725.49,48.76,545,0.8333333333333334,0.011009174311926606,0.48717948717948717,3.1666666666666665,0
1417,58.0,Regular,Books,Upi,29924.47,11.39,657,0.3157894736842105,0.0289193302891933,0.37349397590361444,0.9473684210526315,0
1418,30.0,New,Sports,Cash,14286.85,29.89,1641,0.8888888888888888,0.016453382084095063,0.49271137026239065,0.2222222222222222,0
1419,26.0,Regular,Sports,Net Banking,18393.6,27.14,385,0.8409090909090909,0.11428571428571428,0.3212121212121212,0.3181818181818182,0
1420,25.0,Inactive,Clothing,Net Banking,30107.5,31.67,797,0.8571428571428571,0.01756587202007528,0.27167630057803466,1.4285714285714286,0
1421,33.0,New,Sports,Debit Card,46657.95,22.95,284,0.1111111111111111,0.06338028169014084,0.21714285714285714,0.4444444444444444,0
1422,42.0,New,Electronics,Debit Card,9851.94,46.71,1076,0.8,0.004646840148698885,0.46062992125984253,3.4,0
1423,54.0,Regular,Clothing,Upi,49088.09,31.41,822,0.75,0.004866180048661801,0.6095617529880478,0.75,0
1424,38.0,Premium,Electronics,Credit Card,18386.08,40.06,1153,0.5,0.006938421509106678,0.39285714285714285,0.25,0
1425,52.0,Premium,Books,Credit Card,46324.52,34.34,258,0.0,0.027131782945736434,0.10476190476190476,2.5714285714285716,0
1426,39.0,Regular,Groceries,Debit Card,11909.17,30.92,340,0.6875,0.047058823529411764,0.658703071672355,0.5,0
1427,19.0,Inactive,Groceries,Credit Card,11383.68,40.29,358,0.7959183673469388,0.13687150837988826,0.26903553299492383,0.3469387755102041,0
1428,23.0,Inactive,Clothing,Cash,6665.88,12.31,369,0.90625,0.08672086720867209,0.2727272727272727,0.21875,0
1429,29.0,Regular,Electronics,Debit Card,12319.15,15.42,505,1.0,0.0019801980198019802,0.5185185185185185,12.0,0
1430,44.0,New,Sports,Net Banking,22405.11,36.96,1596,0.0,0.018170426065162906,0.8020304568527918,0.41379310344827586,0
1431,35.0,Inactive,Groceries,Cash,39584.59,26.2,824,0.5714285714285714,0.03398058252427184,0.03636363636363636,0.5357142857142857,0
1432,46.0,Regular,Electronics,Debit Card,4329.17,41.85,476,0.0,0.0546218487394958,0.27714285714285714,0.19230769230769232,0
1433,38.0,New,Clothing,Cash,25545.48,44.92,1183,0.0,0.013524936601859678,0.7897435897435897,0.9375,0
1434,33.0,New,Sports,Net Banking,25545.48,17.26,898,0.5,0.0022271714922048997,0.030612244897959183,7.5,1
1435,23.0,Regular,Groceries,Debit Card,13821.52,45.58,1778,0.3333333333333333,0.00843644544431946,0.917910447761194,0.3333333333333333,0
1436,55.0,Inactive,Furniture,Credit Card,42372.18,48.96,219,0.07692307692307693,0.0593607305936073,0.06951871657754011,0.5384615384615384,1
1437,57.0,Premium,Clothing,Upi,26500.07,12.76,600,1.0,0.01,0.987012987012987,0.6666666666666666,0
1438,44.0,New,Clothing,Cash,26265.14,11.59,1633,0.8181818181818182,0.006736068585425597,3.3125,0.09090909090909091,0
1439,68.0,Regular,Furniture,Credit Card,47129.8,44.75,1612,0.12903225806451613,0.019230769230769232,0.04132231404958678,0.1935483870967742,0
1440,24.0,Premium,Furniture,Net Banking,39063.44,27.67,412,0.25,0.019417475728155338,0.9841269841269841,0.625,0
1441,33.0,Regular,Books,Upi,38434.31,25.66,306,0.0,0.03594771241830065,11.727272727272727,1.4545454545454546,0
1442,28.0,New,Electronics,Debit Card,12475.32,30.45,961,0.7777777777777778,0.009365244536940686,0.7777777777777778,0.8888888888888888,0
1443,29.0,Regular,Electronics,Net Banking,30497.53,2.11,1113,0.43902439024390244,0.036837376460017966,0.18041237113402062,0.0,0
1444,69.0,Inactive,Books,Upi,27740.63,36.31,1640,0.6153846153846154,0.015853658536585366,0.44609665427509293,0.7692307692307693,0
1445,56.0,New,Books,Debit Card,26411.79,20.38,180,0.058823529411764705,0.09444444444444444,0.49612403100775193,0.23529411764705882,0
1446,56.0,Regular,Electronics,Net Banking,45256.18,19.13,436,0.5128205128205128,0.08944954128440367,0.6233766233766234,0.0,0
1447,66.0,Regular,Groceries,Debit Card,32103.46,7.36,841,0.82,0.059453032104637336,0.6435643564356436,0.08,0
1448,33.0,Premium,Clothing,Debit Card,13019.54,19.96,978,0.9655172413793104,0.02965235173824131,0.3287671232876712,0.3793103448275862,0
1449,26.0,Premium,Clothing,Net Banking,44903.42,46.14,821,0.5,0.012180267965895249,0.631578947368421,0.1,0
1450,59.0,Premium,Furniture,Upi,18061.33,25.63,708,0.10526315789473684,0.026836158192090395,0.044897959183673466,0.7894736842105263,1
1451,30.0,New,Electronics,Credit Card,49608.93,7.3,1073,0.0,0.0009319664492078285,0.39452054794520547,8.0,0
1452,31.0,Regular,Electronics,Debit Card,20468.9,39.93,783,0.3448275862068966,0.037037037037037035,0.3771186440677966,0.6551724137931034,0
1453,21.0,Inactive,Electronics,Cash,38045.38,21.67,1066,0.7931034482758621,0.027204502814258912,0.03787878787878788,0.5862068965517241,0
1454,22.0,New,Groceries,Debit Card,35856.42,36.57,220,0.20930232558139536,0.19545454545454546,0.2116564417177914,0.09302325581395349,0
1455,57.0,Regular,Groceries,Upi,2573.64,15.15,1667,0.4,0.008998200359928014,0.7246376811594203,0.8666666666666667,0
1456,70.0,New,Furniture,Debit Card,13129.82,45.8,1519,0.05405405405405406,0.024358130348913758,17.0,0.13513513513513514,0
1457,48.0,Regular,Groceries,Cash,46278.68,24.67,1520,0.45454545454545453,0.007236842105263158,4.195121951219512,1.2727272727272727,0
1458,41.0,Regular,Furniture,Credit Card,27622.31,45.07,1397,0.9166666666666666,0.025769506084466716,0.9529411764705882,0.2777777777777778,0
1459,61.0,New,Sports,Net Banking,40406.35,38.91,587,0.7222222222222222,0.030664395229982964,0.4603174603174603,0.0,0
1460,39.0,Regular,Groceries,Credit Card,49569.99,2.56,1166,0.1276595744680851,0.04030874785591767,0.25412541254125415,0.1702127659574468,0
1461,32.0,Regular,Groceries,Upi,46339.56,34.87,1190,0.6,0.008403361344537815,0.3590733590733591,1.3,1
1462,39.0,Premium,Clothing,Upi,31341.38,47.42,861,0.0,0.012775842044134728,0.05,0.9090909090909091,1
1463,70.0,Premium,Groceries,Net Banking,48928.75,16.69,1037,0.4838709677419355,0.029893924783027964,0.1631578947368421,0.2903225806451613,0
1464,43.0,Regular,Groceries,Cash,42547.78,14.32,699,0.17857142857142858,0.04005722460658083,0.13738019169329074,0.35714285714285715,0
1465,55.0,Premium,Electronics,Credit Card,4574.36,36.87,1655,0.5,0.0036253776435045317,1.8051948051948052,2.1666666666666665,0
1466,69.0,Premium,Electronics,Credit Card,9289.87,6.67,368,0.16129032258064516,0.08423913043478261,0.925531914893617,0.3548387096774194,0
1467,37.0,Premium,Electronics,Net Banking,4576.12,1.98,250,0.6578947368421053,0.152,50.0,0.13157894736842105,0
1468,35.0,Regular,Furniture,Credit Card,4048.32,30.64,1347,0.47058823529411764,0.025241276911655532,0.23943661971830985,0.4117647058823529,0
1469,67.0,Premium,Groceries,Net Banking,11577.7,14.18,764,0.7692307692307693,0.051047120418848166,0.4306930693069307,0.1282051282051282,0
1470,50.0,Regular,Sports,Debit Card,40824.58,20.9,974,0.2826086956521739,0.04722792607802875,0.6611570247933884,0.21739130434782608,0
1471,27.0,Premium,Electronics,Credit Card,29590.31,5.89,608,0.25,0.006578947368421052,2.0535714285714284,1.0,0
1472,67.0,Regular,Furniture,Debit Card,36072.7,21.77,999,0.5625,0.016016016016016016,2.619047619047619,1.0625,0
1473,59.0,Regular,Electronics,Net Banking,9978.69,3.3,979,0.19230769230769232,0.026557711950970377,3.823529411764706,0.46153846153846156,0
1474,60.0,Regular,Groceries,Credit Card,40881.17,37.26,45,1.0,0.2,0.3002754820936639,1.1111111111111112,0
1475,68.0,Regular,Groceries,Net Banking,24601.26,49.42,1266,0.16666666666666666,0.004739336492890996,0.14473684210526316,0.6666666666666666,0
1476,49.0,Regular,Sports,Cash,21184.57,38.54,793,1.0,0.015132408575031526,0.28703703703703703,0.8333333333333334,1
1477,39.0,Premium,Groceries,Cash,41304.04,25.05,1786,0.86,0.027995520716685332,0.3486238532110092,0.2,0
1478,65.0,Regular,Furniture,Credit Card,44534.53,49.68,961,0.5,0.027055150884495317,0.5,0.23076923076923078,0
1479,64.0,New,Clothing,Cash,49841.11,22.82,1314,0.7428571428571429,0.02663622526636225,0.589041095890411,0.0,0
1480,68.0,New,Books,Cash,46487.9,45.71,486,0.37037037037037035,0.05555555555555555,0.47115384615384615,0.25925925925925924,0
1481,46.0,Regular,Sports,Credit Card,40928.45,33.42,1116,0.6666666666666666,0.002688172043010753,0.2222222222222222,4.0,1
1482,32.0,Regular,Books,Net Banking,12329.51,0.11,883,0.5862068965517241,0.03284258210645526,0.8,0.27586206896551724,0
1483,19.0,Inactive,Books,Cash,38560.59,33.17,1161,0.85,0.017226528854435832,0.5843137254901961,0.3,0
1484,36.0,Regular,Groceries,Credit Card,36423.2,8.86,703,0.75,0.051209103840682786,0.15476190476190477,0.0,0
1485,59.0,New,Electronics,Upi,6928.94,37.47,361,0.5714285714285714,0.019390581717451522,0.3308270676691729,1.2857142857142858,0
1486,45.0,Premium,Groceries,Credit Card,38372.09,14.44,348,0.14285714285714285,0.020114942528735632,0.6402877697841727,2.4285714285714284,0
1487,25.0,Regular,Electronics,Net Banking,38631.8,37.92,721,0.96,0.06934812760055478,0.33093525179856115,0.06,0
1488,25.0,New,Groceries,Upi,6543.83,33.4,391,0.15151515151515152,0.08439897698209718,0.15384615384615385,0.3333333333333333,0
1489,42.0,New,Clothing,Upi,1402.26,45.69,358,0.19148936170212766,0.13128491620111732,0.37777777777777777,0.10638297872340426,0
1490,51.0,Regular,Groceries,Net Banking,31762.73,1.49,1618,0.12244897959183673,0.030284301606922127,0.97,0.2653061224489796,0
1491,69.0,Regular,Electronics,Debit Card,31243.22,24.17,1739,0.8461538461538461,0.007475560667050029,0.6378737541528239,0.15384615384615385,0
1492,60.0,New,Books,Debit Card,25545.48,32.13,37,0.4666666666666667,0.8108108108108109,0.10784313725490197,0.03333333333333333,0
1493,54.0,Premium,Sports,Credit Card,32611.48,20.78,1756,0.08333333333333333,0.01366742596810934,20.25,0.5833333333333334,0
1494,24.0,New,Books,Cash,29847.83,23.67,1690,0.125,0.004733727810650888,0.5,1.25,0
1495,20.0,Regular,Clothing,Debit Card,41197.15,14.67,1700,0.22857142857142856,0.020588235294117647,0.2727272727272727,0.2571428571428571,0
1496,42.0,Regular,Groceries,Debit Card,49074.86,48.76,863,0.3333333333333333,0.031286210892236384,0.10695187165775401,0.5555555555555556,0
1497,19.0,Regular,Groceries,Upi,35734.12,43.48,262,0.08333333333333333,0.04580152671755725,0.5762081784386617,1.5833333333333333,0
1498,24.0,Regular,Groceries,Debit Card,9539.64,10.62,1753,0.0,0.014831717056474614,1.4634146341463414,0.038461538461538464,0
1499,66.0,New,Books,Net Banking,40673.07,27.45,1377,0.3333333333333333,0.004357298474945534,0.597972972972973,2.8333333333333335,0
1500,37.0,New,Books,Credit Card,15938.66,43.9,310,0.6666666666666666,0.00967741935483871,3.5208333333333335,3.3333333333333335,0
1501,22.0,Inactive,Electronics,Debit Card,44624.42,2.13,355,0.14285714285714285,0.01971830985915493,0.5621621621621622,2.4285714285714284,0
1502,55.0,Regular,Electronics,Credit Card,8834.8,32.42,993,0.9090909090909091,0.022155085599194362,0.6164383561643836,0.13636363636363635,0
1503,31.0,Premium,Sports,Cash,25729.38,49.48,1657,0.38636363636363635,0.026554013277006638,58.333333333333336,0.36363636363636365,0
1504,64.0,New,Furniture,Debit Card,3438.9,10.55,735,1.0,0.021768707482993196,0.29239766081871343,0.375,1
1505,26.0,Inactive,Groceries,Cash,14739.31,12.45,1269,0.42105263157894735,0.029944838455476755,2.828125,0.34210526315789475,0
1506,49.0,Premium,Groceries,Credit Card,9962.66,12.65,1404,0.9736842105263158,0.027065527065527065,2.242424242424242,0.13157894736842105,0
1507,33.0,Premium,Clothing,Debit Card,37371.57,36.56,260,0.375,0.06153846153846154,0.2905982905982906,0.25,0
1508,54.0,Inactive,Clothing,Net Banking,5983.33,34.81,325,0.2826086956521739,0.14153846153846153,0.1320754716981132,0.21739130434782608,0
1509,27.0,Regular,Groceries,Cash,19246.87,25.94,328,1.0,0.08231707317073171,0.8085106382978723,0.2222222222222222,0
1510,31.0,Regular,Clothing,Credit Card,42976.62,33.12,546,0.627906976744186,0.07875457875457875,0.50199203187251,0.18604651162790697,0
1511,18.0,New,Electronics,Upi,39178.96,41.68,256,0.25,0.015625,0.574468085106383,2.25,0
1512,36.0,Regular,Clothing,Upi,21594.54,0.69,650,0.5833333333333334,0.018461538461538463,0.0625,1.5,1
1513,59.0,New,Clothing,Debit Card,43260.47,41.97,927,0.0,0.028047464940668825,0.35,0.19230769230769232,0
1514,26.0,Regular,Sports,Credit Card,19536.79,49.32,578,0.28125,0.05536332179930796,0.4628975265017668,0.625,0
1515,44.0,New,Clothing,Credit Card,5392.31,43.1,1191,0.022222222222222223,0.037783375314861464,0.3018867924528302,0.26666666666666666,0
1516,24.0,Regular,Clothing,Credit Card,38007.98,33.42,1315,1.0,0.012167300380228136,0.5543859649122806,1.125,0
1517,49.0,Premium,Electronics,Credit Card,16705.15,34.48,1015,0.5,0.0019704433497536944,0.38028169014084506,9.0,0
1518,30.0,Premium,Sports,Cash,36183.6,21.24,853,0.3,0.023446658851113716,0.19607843137254902,0.9,1
1519,60.0,Inactive,Groceries,Upi,19306.11,31.23,995,0.7142857142857143,0.007035175879396985,0.6666666666666666,0.14285714285714285,0
1520,66.0,New,Groceries,Cash,11765.1,47.88,310,0.1875,0.1032258064516129,19.666666666666668,0.0625,0
1521,32.0,Premium,Clothing,Credit Card,20911.81,49.8,482,0.4666666666666667,0.06224066390041494,0.7105263157894737,0.5666666666666667,0
1522,65.0,Regular,Groceries,Cash,2312.49,0.58,1235,0.5714285714285714,0.005668016194331984,0.3488372093023256,0.42857142857142855,0
1523,46.0,Premium,Groceries,Credit Card,30782.81,4.68,1004,0.4375,0.01593625498007968,1.193798449612403,1.0625,0
1524,62.0,New,Electronics,Credit Card,37987.66,36.43,211,0.4883720930232558,0.2037914691943128,0.22310756972111553,0.3023255813953488,0
1525,50.0,Regular,Furniture,Credit Card,504.6,34.82,85,0.9444444444444444,0.21176470588235294,1.0546448087431695,0.7777777777777778,0
1526,65.0,Inactive,Furniture,Credit Card,33531.28,9.63,431,1.0,0.004640371229698376,0.7407407407407407,0.5,0
1527,70.0,Regular,Electronics,Credit Card,23312.33,33.08,1516,0.05263157894736842,0.012532981530343008,1.3706896551724137,0.21052631578947367,0
1528,64.0,Regular,Sports,Credit Card,44068.24,14.98,1737,0.8979591836734694,0.028209556706966035,0.3153409090909091,0.08163265306122448,0
1529,28.0,New,Electronics,Credit Card,19039.51,26.65,463,0.09090909090909091,0.023758099352051837,0.3076923076923077,0.2727272727272727,0
1530,22.0,New,Electronics,Net Banking,11848.23,40.63,1416,0.7857142857142857,0.01977401129943503,1.3357664233576643,0.5714285714285714,0
1531,51.0,Inactive,Groceries,Net Banking,8291.16,49.86,900,0.20689655172413793,0.03222222222222222,0.6227106227106227,0.6206896551724138,0
1532,29.0,Regular,Groceries,Upi,30510.92,46.31,1612,0.5294117647058824,0.01054590570719603,4.636363636363637,0.7058823529411765,0
1533,52.0,Premium,Books,Net Banking,6209.7,34.73,1011,0.18421052631578946,0.03758654797230465,2.107142857142857,0.4473684210526316,0
1534,43.0,Premium,Electronics,Cash,9399.73,43.79,1143,0.9411764705882353,0.02974628171478565,0.9538461538461539,0.029411764705882353,0
1535,22.0,New,Furniture,Credit Card,17286.04,26.88,1725,0.6666666666666666,0.0034782608695652175,0.5037593984962406,1.6666666666666667,0
1536,29.0,New,Groceries,Credit Card,7415.77,39.5,1309,0.5714285714285714,0.0106951871657754,0.4553072625698324,0.14285714285714285,0
1537,46.0,New,Sports,Upi,27562.95,36.89,91,0.4146341463414634,0.45054945054945056,0.7151515151515152,0.12195121951219512,0
1538,20.0,Premium,Books,Cash,34698.74,43.14,1229,0.23255813953488372,0.03498779495524817,1.375,0.23255813953488372,0
1539,23.0,Regular,Groceries,Credit Card,22229.46,44.71,753,0.0,0.009296148738379814,0.2891566265060241,0.14285714285714285,1
1540,38.0,Inactive,Electronics,Cash,32457.55,37.63,1398,0.2727272727272727,0.023605150214592276,0.30597014925373134,0.06060606060606061,0
1541,54.0,New,Clothing,Cash,26350.0,38.4,1644,1.0,0.019464720194647202,0.5769230769230769,0.28125,0
1542,20.0,New,Groceries,Cash,25603.61,23.37,565,0.0,0.005309734513274336,6.695652173913044,0.3333333333333333,0
1543,33.0,Regular,Sports,Upi,4890.08,36.19,1183,0.5454545454545454,0.018596787827557058,0.9645390070921985,0.18181818181818182,0
1544,25.0,New,Electronics,Debit Card,25828.29,49.53,1712,0.6111111111111112,0.010514018691588784,0.8947368421052632,0.05555555555555555,0
1545,28.0,New,Sports,Debit Card,27850.89,1.97,870,0.3333333333333333,0.0034482758620689655,0.058091286307053944,4.333333333333333,1
1546,56.0,New,Furniture,Credit Card,39432.9,0.85,287,0.6956521739130435,0.08013937282229965,0.625,0.8695652173913043,0
1547,22.0,Regular,Books,Net Banking,46442.86,43.26,1542,1.0,0.0025940337224383916,1.0461538461538462,0.75,0
1548,18.0,Inactive,Sports,Net Banking,48126.53,32.19,427,0.4117647058823529,0.03981264637002342,0.43416370106761565,0.8823529411764706,0
1549,42.0,New,Sports,Upi,20285.58,12.11,1297,1.0,0.0038550501156515036,0.04927536231884058,0.8,1
1550,61.0,Premium,Furniture,Credit Card,32436.71,33.35,527,0.2702702702702703,0.07020872865275142,0.6645569620253164,0.24324324324324326,0
1551,44.0,Regular,Sports,Net Banking,42329.46,21.54,1818,0.10638297872340426,0.02585258525852585,1.4814814814814814,0.1702127659574468,0
1552,20.0,Regular,Sports,Credit Card,8255.26,47.31,855,0.04,0.029239766081871343,1.0104166666666667,0.36,0
1553,68.0,Inactive,Groceries,Credit Card,27401.73,9.35,992,0.9545454545454546,0.02217741935483871,1.8888888888888888,0.0,0
1554,42.0,New,Books,Credit Card,43222.67,25.65,784,0.3888888888888889,0.02295918367346939,0.47794117647058826,0.0,0
1555,33.0,New,Furniture,Credit Card,41605.57,13.77,1409,0.9166666666666666,0.008516678495386799,1.7391304347826086,1.5833333333333333,0
1556,62.0,Premium,Clothing,Debit Card,32134.52,49.66,1596,0.29545454545454547,0.02756892230576441,0.41333333333333333,0.13636363636363635,0
1557,70.0,Regular,Books,Credit Card,13257.0,15.75,1680,0.4117647058823529,0.02023809523809524,0.0881542699724518,0.35294117647058826,0
1558,24.0,Premium,Sports,Debit Card,25545.48,23.32,523,0.9743589743589743,0.0745697896749522,2.1875,0.02564102564102564,0
1559,55.0,Inactive,Sports,Upi,25545.48,6.74,1780,0.0,0.007303370786516854,0.2515151515151515,0.5384615384615384,1
1560,20.0,Premium,Books,Net Banking,38187.0,24.83,1787,0.725,0.02238388360380526,0.5952380952380952,0.075,0
1561,44.0,New,Electronics,Upi,45619.79,10.44,1624,0.0,0.0006157635467980296,0.5714285714285714,18.0,0
1562,44.0,New,Electronics,Cash,26431.55,0.66,1469,0.7692307692307693,0.02654867256637168,0.2747875354107649,0.2564102564102564,0
1563,49.0,Regular,Books,Upi,6425.2,36.24,783,0.3333333333333333,0.04980842911877394,0.004694835680751174,0.48717948717948717,0
1564,57.0,Premium,Electronics,Debit Card,15905.78,3.55,252,0.8,0.01984126984126984,2.109375,4.0,0
1565,52.0,Regular,Clothing,Upi,26729.48,17.15,428,0.9230769230769231,0.06074766355140187,10.785714285714286,0.15384615384615385,0
1566,28.0,Regular,Furniture,Upi,25539.7,3.68,187,0.5384615384615384,0.20855614973262032,0.30603448275862066,0.2564102564102564,0
1567,23.0,Premium,Sports,Credit Card,42935.23,14.7,1728,0.9791666666666666,0.027777777777777776,0.5168539325842697,0.2708333333333333,0
1568,41.0,Regular,Clothing,Credit Card,46811.82,21.43,903,0.21875,0.035437430786267994,5.541666666666667,0.09375,0
1569,67.0,Premium,Clothing,Credit Card,26252.7,10.16,821,0.0,0.0048721071863581,0.51,4.75,0
1570,27.0,Premium,Groceries,Credit Card,11036.25,47.64,1704,0.4583333333333333,0.028169014084507043,0.5892857142857143,0.20833333333333334,0
1571,45.0,New,Electronics,Credit Card,28816.05,24.27,1302,0.7142857142857143,0.021505376344086023,0.43775100401606426,0.6071428571428571,0
1572,31.0,Regular,Clothing,Net Banking,48174.89,5.79,1627,0.6875,0.02950215119852489,0.9102564102564102,0.0,0
1573,30.0,Regular,Clothing,Debit Card,43210.27,45.64,508,0.06451612903225806,0.0610236220472441,0.12915129151291513,0.41935483870967744,0
1574,59.0,Inactive,Sports,Net Banking,3143.32,33.35,784,0.0,0.01020408163265306,0.7629310344827587,0.0,0
1575,54.0,Premium,Books,Cash,14645.34,9.09,1683,0.42105263157894735,0.0112893642305407,20.333333333333332,0.7368421052631579,0
1576,28.0,Inactive,Sports,Net Banking,31376.89,31.3,1344,0.4864864864864865,0.027529761904761904,0.459375,0.32432432432432434,0
1577,56.0,Premium,Furniture,Debit Card,7686.46,39.18,330,0.9473684210526315,0.05757575757575758,0.3333333333333333,1.0526315789473684,1
1578,39.0,Premium,Clothing,Debit Card,38728.83,44.37,251,0.0,0.00796812749003984,0.5445205479452054,3.0,0
1579,29.0,Regular,Books,Cash,38925.3,21.49,1462,0.6,0.006839945280437756,0.4982698961937716,0.1,0
1580,19.0,New,Electronics,Credit Card,32191.85,22.86,1564,0.5384615384615384,0.016624040920716114,0.037383177570093455,0.7692307692307693,0
1581,31.0,New,Sports,Cash,26239.69,11.02,529,0.7333333333333333,0.02835538752362949,0.4941860465116279,1.2666666666666666,0
1582,51.0,Inactive,Furniture,Cash,1366.21,40.94,271,0.5306122448979592,0.18081180811808117,0.00684931506849315,0.22448979591836735,0
1583,27.0,Inactive,Groceries,Net Banking,1982.02,40.23,1415,0.5,0.015547703180212015,1.368421052631579,0.8181818181818182,0
1584,27.0,Inactive,Clothing,Credit Card,39288.24,19.12,1728,0.8333333333333334,0.003472222222222222,0.4587628865979381,2.1666666666666665,1
1585,31.0,New,Groceries,Net Banking,5363.51,41.53,672,0.8928571428571429,0.041666666666666664,2.6266666666666665,0.21428571428571427,0
1586,54.0,Premium,Clothing,Debit Card,38972.32,19.93,1770,0.9230769230769231,0.007344632768361582,0.8051948051948052,1.3846153846153846,0
1587,50.0,Inactive,Electronics,Net Banking,41710.23,8.21,919,1.0,0.002176278563656148,0.008695652173913044,0.0,0
1588,56.0,New,Electronics,Credit Card,6280.81,48.98,1398,0.0,0.002861230329041488,0.6482412060301508,1.5,0
1589,30.0,Premium,Electronics,Cash,19071.98,2.8,1272,0.4,0.003930817610062893,0.21686746987951808,0.4,1
1590,22.0,Premium,Groceries,Cash,38795.89,43.14,872,0.5185185185185185,0.03096330275229358,0.19029850746268656,0.6666666666666666,0
1591,58.0,Premium,Sports,Cash,11415.28,13.99,606,0.5833333333333334,0.039603960396039604,14.11111111111111,0.5833333333333334,0
1592,43.0,Premium,Sports,Credit Card,44329.06,36.3,735,0.6551724137931034,0.03945578231292517,0.8151658767772512,0.13793103448275862,0
1593,19.0,Premium,Sports,Debit Card,36386.91,41.3,76,0.125,0.42105263157894735,0.06598984771573604,0.15625,0
1594,43.0,Inactive,Furniture,Credit Card,3824.33,9.76,673,0.11764705882352941,0.02526002971768202,1.125,0.4117647058823529,0
1595,40.0,Regular,Groceries,Credit Card,5881.31,27.23,1418,0.23076923076923078,0.018335684062059238,2.902439024390244,0.0,0
1596,24.0,Inactive,Electronics,Credit Card,19301.56,10.94,987,1.0,0.0010131712259371835,0.28110599078341014,16.0,1
1597,49.0,Inactive,Groceries,Debit Card,6502.58,10.91,571,0.36,0.043782837127845885,4.384615384615385,0.68,0
1598,55.0,Premium,Books,Credit Card,16489.62,7.04,913,0.05263157894736842,0.0416210295728368,0.37438423645320196,0.42105263157894735,0
1599,35.0,Premium,Clothing,Credit Card,10642.07,12.51,320,0.5862068965517241,0.090625,1.9245283018867925,0.5172413793103449,0
1600,47.0,Inactive,Furniture,Cash,25545.48,3.76,1128,0.6363636363636364,0.00975177304964539,1.9759036144578312,0.18181818181818182,0
1601,70.0,Premium,Sports,Upi,13424.37,46.53,1534,0.6153846153846154,0.00847457627118644,0.20465116279069767,1.3846153846153846,1
1602,49.0,Regular,Books,Net Banking,43395.88,11.58,392,0.9642857142857143,0.07142857142857142,0.22743682310469315,0.10714285714285714,0
1603,52.0,New,Electronics,Cash,11830.96,37.51,907,0.7727272727272727,0.024255788313120176,10.583333333333334,0.8181818181818182,0
1604,43.0,New,Groceries,Credit Card,3523.9,43.05,1791,0.7333333333333333,0.02512562814070352,0.23921568627450981,0.26666666666666666,0
1605,68.0,Regular,Books,Cash,19117.78,7.18,745,0.0,0.0013422818791946308,0.1301775147928994,5.0,1
1606,38.0,Premium,Groceries,Cash,43735.81,18.3,572,0.13636363636363635,0.07692307692307693,0.8081395348837209,0.3181818181818182,0
1607,43.0,Premium,Sports,Upi,26380.45,38.5,1192,0.2,0.0041946308724832215,0.2111111111111111,3.6,0
1608,43.0,Inactive,Electronics,Debit Card,29736.32,38.63,1634,0.9444444444444444,0.022031823745410038,0.4420289855072464,0.3611111111111111,0
1609,52.0,Premium,Electronics,Cash,42618.19,39.92,1497,1.0,0.002004008016032064,0.5741935483870968,2.3333333333333335,0
1610,62.0,New,Clothing,Net Banking,6934.41,44.12,1319,0.7619047619047619,0.03184230477634572,1.092485549132948,0.4523809523809524,0
1611,22.0,Regular,Groceries,Credit Card,31490.26,25.38,761,0.4827586206896552,0.03810775295663601,9.368421052631579,0.6896551724137931,0
1612,29.0,New,Groceries,Cash,19829.56,9.8,955,1.0,0.030366492146596858,0.142433234421365,0.0,0
1613,44.0,Premium,Furniture,Net Banking,36110.73,33.18,817,0.8,0.006119951040391677,0.5358649789029536,3.8,0
1614,52.0,Inactive,Furniture,Cash,25537.37,35.93,431,0.5714285714285714,0.06496519721577726,0.43037974683544306,0.35714285714285715,0
1615,49.0,Inactive,Furniture,Upi,34237.36,0.03,136,0.3333333333333333,0.15441176470588236,0.14545454545454545,0.9523809523809523,1
1616,62.0,Premium,Sports,Credit Card,37900.57,19.51,92,0.75,0.2608695652173913,0.2672955974842767,0.5833333333333334,1
1617,61.0,Premium,Clothing,Net Banking,9207.41,37.32,835,0.3142857142857143,0.041916167664670656,0.359375,0.22857142857142856,0
1618,44.0,New,Clothing,Cash,17974.49,40.76,302,0.3333333333333333,0.029801324503311258,0.31788079470198677,2.2222222222222223,0
1619,61.0,Inactive,Books,Credit Card,39581.99,41.52,726,1.0,0.024793388429752067,0.43859649122807015,0.9444444444444444,0
1620,43.0,Regular,Electronics,Credit Card,34186.21,16.39,733,0.6818181818181818,0.06002728512960437,0.7142857142857143,0.22727272727272727,0
1621,42.0,Inactive,Electronics,Cash,47330.2,11.08,1630,0.6153846153846154,0.015950920245398775,0.1601123595505618,0.38461538461538464,0
1622,61.0,Premium,Clothing,Net Banking,5757.43,35.53,568,0.9393939393939394,0.058098591549295774,0.49473684210526314,0.0,0
1623,42.0,Regular,Electronics,Credit Card,16361.85,24.39,427,0.35,0.0936768149882904,0.21203438395415472,0.2,0
1624,37.0,Inactive,Furniture,Credit Card,4188.23,41.62,437,0.2702702702702703,0.08466819221967964,0.6234817813765182,0.40540540540540543,0
1625,51.0,Inactive,Clothing,Credit Card,39775.85,4.3,696,0.5,0.02586206896551724,0.2887700534759358,0.6666666666666666,1
1626,36.0,Premium,Groceries,Upi,10513.71,10.83,1004,0.2857142857142857,0.02091633466135458,1.0561797752808988,0.9047619047619048,0
1627,64.0,Premium,Clothing,Credit Card,22642.68,15.87,1457,0.9642857142857143,0.019217570350034317,17.666666666666668,0.2857142857142857,0
1628,59.0,Regular,Books,Credit Card,2242.01,17.69,1455,0.6666666666666666,0.004123711340206186,0.4230769230769231,3.1666666666666665,1
1629,55.0,New,Furniture,Credit Card,30451.05,41.75,511,0.5,0.007827788649706457,0.00816326530612245,2.0,1
1630,50.0,New,Books,Upi,17741.65,8.14,882,0.98,0.05668934240362812,1.1971830985915493,0.34,0
1631,44.0,Inactive,Furniture,Credit Card,39718.63,22.49,313,1.0,0.08626198083067092,0.31718061674008813,0.3333333333333333,0
1632,49.0,New,Groceries,Upi,44711.96,13.98,1661,0.5625,0.028898254063816978,0.26851851851851855,0.375,0
1633,38.0,Premium,Furniture,Credit Card,15574.81,30.72,308,0.5555555555555556,0.02922077922077922,0.36065573770491804,1.4444444444444444,0
1634,18.0,Premium,Electronics,Credit Card,18938.93,11.48,1346,0.35,0.014858841010401188,0.18072289156626506,0.1,1
1635,70.0,Regular,Books,Debit Card,3927.51,0.28,1327,0.7619047619047619,0.015825169555388093,0.7085714285714285,0.047619047619047616,0
1636,58.0,New,Sports,Upi,34258.75,14.2,820,0.75,0.014634146341463415,0.9178082191780822,1.3333333333333333,0
1637,55.0,Premium,Groceries,Cash,49527.92,11.1,876,0.4,0.05136986301369863,0.7130434782608696,0.3111111111111111,0
1638,27.0,Premium,Groceries,Net Banking,49247.1,35.18,477,0.12121212121212122,0.06918238993710692,0.3915343915343915,0.18181818181818182,0
1639,69.0,New,Books,Cash,36983.79,9.52,44,0.2857142857142857,0.1590909090909091,1.0,0.8571428571428571,0
1640,58.0,Inactive,Electronics,Debit Card,19169.24,0.41,1032,0.75,0.003875968992248062,2.851063829787234,1.75,0
1641,28.0,New,Groceries,Credit Card,1699.16,8.25,1392,0.9565217391304348,0.016522988505747127,0.4297520661157025,0.6956521739130435,0
1642,47.0,Premium,Groceries,Net Banking,23480.94,13.02,307,0.5483870967741935,0.10097719869706841,0.7741935483870968,0.6451612903225806,0
1643,42.0,Inactive,Electronics,Cash,7551.07,4.51,1164,0.5714285714285714,0.01804123711340206,0.5539358600583091,0.6666666666666666,0
1644,33.0,New,Electronics,Credit Card,43517.0,35.91,966,0.3055555555555556,0.037267080745341616,2.6774193548387095,0.4166666666666667,0
1645,61.0,Regular,Groceries,Upi,36551.02,46.29,402,0.021739130434782608,0.11442786069651742,0.44642857142857145,0.10869565217391304,0
1646,29.0,Inactive,Furniture,Cash,11097.88,20.6,1778,0.5,0.02249718785151856,0.29545454545454547,0.325,0
1647,55.0,Inactive,Clothing,Debit Card,27880.25,7.19,1646,0.6875,0.009720534629404616,0.9767441860465116,1.25,0
1648,54.0,Regular,Groceries,Net Banking,47014.96,13.34,478,0.8055555555555556,0.07531380753138076,2.0,0.5555555555555556,0
1649,28.0,Regular,Clothing,Credit Card,28766.66,13.05,399,1.0,0.005012531328320802,1.1384615384615384,7.5,0
1650,46.0,New,Electronics,Cash,28766.64,22.01,1250,0.25,0.0096,0.18072289156626506,0.8333333333333334,0
1651,47.0,New,Sports,Net Banking,11104.74,35.4,527,1.0,0.015180265654648957,0.21428571428571427,2.25,0
1652,26.0,Premium,Books,Debit Card,37761.07,4.93,384,0.7954545454545454,0.11458333333333333,0.5454545454545454,0.022727272727272728,0
1653,20.0,Regular,Books,Net Banking,24702.8,40.54,1798,0.8888888888888888,0.020022246941045607,0.3409090909090909,0.4444444444444444,0
1654,54.0,Regular,Sports,Credit Card,34819.32,36.1,514,0.35714285714285715,0.027237354085603113,0.8952879581151832,1.1428571428571428,0
1655,58.0,New,Electronics,Debit Card,39621.63,40.68,513,0.3469387755102041,0.09551656920077972,2.4761904761904763,0.0,0
1656,42.0,Inactive,Books,Credit Card,16376.34,23.01,76,0.972972972972973,0.4868421052631579,0.23595505617977527,0.16216216216216217,0
1657,67.0,Inactive,Furniture,Credit Card,39071.42,36.49,219,0.9090909090909091,0.0502283105022831,0.6378737541528239,1.0,0
1658,37.0,New,Clothing,Cash,43458.92,25.57,881,0.0,0.04767309875141884,5.233333333333333,0.14285714285714285,0
1659,48.0,Regular,Sports,Cash,25243.33,30.43,339,0.07894736842105263,0.11209439528023599,0.6440677966101694,0.3157894736842105,0
1660,64.0,Premium,Clothing,Cash,6344.92,34.34,315,0.6363636363636364,0.03492063492063492,0.3286908077994429,1.1818181818181819,0
1661,21.0,Inactive,Books,Credit Card,33835.17,5.8,115,0.16666666666666666,0.41739130434782606,0.5306122448979592,0.0625,0
1662,25.0,New,Electronics,Debit Card,17475.48,37.13,1305,0.3191489361702128,0.03601532567049808,0.7195571955719557,0.2978723404255319,0
1663,65.0,Premium,Clothing,Net Banking,10026.01,19.01,1362,0.2972972972972973,0.027165932452276064,1.2897196261682242,0.0,0
1664,60.0,New,Electronics,Net Banking,38335.82,14.1,1428,0.0,0.0070028011204481795,0.46153846153846156,0.9,0
1665,43.0,Premium,Groceries,Upi,29033.26,16.33,293,1.0,0.0034129692832764505,0.5652173913043478,19.0,0
1666,19.0,Regular,Sports,Debit Card,49731.07,17.5,1495,0.0,0.016053511705685617,0.08717948717948718,0.8333333333333334,1
1667,60.0,Inactive,Groceries,Net Banking,39071.34,29.17,272,0.3333333333333333,0.03308823529411765,22.11111111111111,0.3333333333333333,0
1668,27.0,Regular,Groceries,Credit Card,27709.9,26.98,561,0.2608695652173913,0.040998217468805706,0.3969849246231156,0.17391304347826086,1
1669,22.0,Premium,Electronics,Debit Card,46544.17,21.12,1171,0.967741935483871,0.026473099914602904,0.8494623655913979,0.16129032258064516,0
1670,49.0,Premium,Electronics,Credit Card,31161.53,22.16,874,0.9487179487179487,0.04462242562929062,2.522727272727273,0.3333333333333333,0
1671,32.0,Premium,Books,Credit Card,26786.84,47.26,1725,0.42105263157894735,0.011014492753623189,1.6,0.5263157894736842,0
1672,61.0,Regular,Sports,Upi,43389.49,1.62,860,0.8478260869565217,0.053488372093023255,1.032258064516129,0.0,0
1673,49.0,Inactive,Groceries,Cash,21447.86,39.34,1416,0.5833333333333334,0.01694915254237288,0.05329153605015674,0.4583333333333333,1
1674,67.0,Regular,Clothing,Debit Card,42253.51,47.29,975,0.14285714285714285,0.028717948717948718,0.9534883720930233,0.10714285714285714,0
1675,45.0,Premium,Electronics,Credit Card,3440.22,5.93,1680,0.3611111111111111,0.02142857142857143,0.12121212121212122,0.027777777777777776,0
1676,65.0,New,Clothing,Net Banking,22741.63,13.81,117,0.8571428571428571,0.05982905982905983,2.6808510638297873,0.7142857142857143,0
1677,52.0,New,Electronics,Credit Card,33674.63,22.39,731,0.9787234042553191,0.06429548563611491,2.0,0.0,0
1678,63.0,New,Electronics,Debit Card,25663.97,20.43,710,0.5384615384615384,0.018309859154929577,1.2075471698113207,0.07692307692307693,0
1679,23.0,Regular,Groceries,Debit Card,47717.43,24.6,80,0.20588235294117646,0.425,1.0,0.14705882352941177,0
1680,19.0,New,Electronics,Upi,26818.74,26.41,1250,0.9565217391304348,0.0184,0.6318681318681318,0.5652173913043478,0
1681,34.0,Premium,Clothing,Credit Card,28282.26,16.69,1714,0.75,0.004667444574095682,0.5784883720930233,0.75,0
1682,69.0,Regular,Books,Credit Card,44537.01,21.84,1104,0.6428571428571429,0.025362318840579712,0.2727272727272727,0.39285714285714285,0
1683,33.0,New,Electronics,Upi,3350.25,13.3,1313,0.6666666666666666,0.002284843869002285,0.5117370892018779,1.0,0
1684,55.0,Premium,Books,Credit Card,3003.59,29.43,70,0.5,0.11428571428571428,0.3508771929824561,0.375,0
1685,65.0,Inactive,Clothing,Cash,38529.5,27.6,36,0.4857142857142857,0.9722222222222222,0.671280276816609,0.5714285714285714,0
1686,38.0,Inactive,Sports,Credit Card,16174.96,8.61,1684,0.8,0.0029691211401425177,1.1984732824427482,3.8,0
1687,55.0,Inactive,Books,Cash,41174.73,46.46,488,0.7948717948717948,0.07991803278688525,0.7684729064039408,0.41025641025641024,0
1688,59.0,Regular,Groceries,Debit Card,22231.36,6.01,239,0.9210526315789473,0.1589958158995816,0.460093896713615,0.5,0
1689,44.0,Premium,Electronics,Debit Card,24505.29,47.63,507,0.2857142857142857,0.027613412228796843,0.4939759036144578,1.2857142857142858,0
1690,29.0,New,Electronics,Cash,36979.91,48.35,1194,0.2857142857142857,0.011725293132328308,0.44314868804664725,1.3571428571428572,0
1691,25.0,Premium,Electronics,Debit Card,41216.03,13.21,986,0.021739130434782608,0.04665314401622718,0.7692307692307693,0.08695652173913043,0
1692,21.0,New,Books,Cash,42290.42,5.28,1675,0.02857142857142857,0.020895522388059702,0.07109004739336493,0.14285714285714285,0
1693,60.0,Premium,Books,Cash,47213.85,39.96,1063,0.9142857142857143,0.03292568203198495,0.7851239669421488,0.5428571428571428,0
1694,67.0,New,Electronics,Cash,4633.29,22.22,1233,1.0,0.006488240064882401,15.666666666666666,2.125,0
1695,36.0,Premium,Books,Credit Card,48540.16,46.4,1582,0.2,0.0031605562579013905,0.582089552238806,3.4,0
1696,25.0,Regular,Furniture,Credit Card,37003.56,11.66,1134,0.8484848484848485,0.0291005291005291,0.5752212389380531,0.3333333333333333,0
1697,29.0,Premium,Clothing,Debit Card,2817.71,23.72,808,0.3142857142857143,0.043316831683168314,0.7037037037037037,0.05714285714285714,0
1698,54.0,Regular,Furniture,Cash,5029.43,32.4,1703,0.5769230769230769,0.015267175572519083,0.9318181818181818,0.6153846153846154,0
1699,55.0,Premium,Furniture,Cash,21461.99,45.19,1766,0.8604651162790697,0.02434881087202718,1.5256410256410255,0.27906976744186046,0
1700,48.0,Regular,Electronics,Credit Card,18054.74,35.67,756,0.7105263157894737,0.05026455026455026,0.17293233082706766,0.47368421052631576,0
1701,45.0,New,Furniture,Debit Card,12781.52,24.38,712,0.8333333333333334,0.05898876404494382,0.5115606936416185,0.40476190476190477,0
1702,64.0,Regular,Electronics,Credit Card,46585.0,29.05,629,0.5,0.0794912559618442,0.5088757396449705,0.4,0
1703,58.0,Inactive,Groceries,Debit Card,32162.87,41.75,1282,0.3333333333333333,0.035101404056162244,0.5129533678756477,0.37777777777777777,0
1704,45.0,Regular,Groceries,Credit Card,15963.49,3.24,820,0.6363636363636364,0.04024390243902439,6.666666666666667,0.5151515151515151,0
1705,27.0,Regular,Furniture,Credit Card,12536.32,31.52,1059,0.16326530612244897,0.04627006610009443,0.9858156028368794,0.3469387755102041,0
1706,54.0,Regular,Furniture,Debit Card,26868.82,25.09,839,0.15384615384615385,0.03098927294398093,0.03492063492063492,0.5,0
1707,48.0,New,Groceries,Credit Card,28999.64,21.25,469,0.48717948717948717,0.08315565031982942,0.053125,0.05128205128205128,0
1708,25.0,Regular,Groceries,Debit Card,37896.81,29.98,466,0.13953488372093023,0.09227467811158799,0.6309523809523809,0.3023255813953488,0
1709,48.0,Premium,Groceries,Credit Card,49060.12,2.19,850,0.6666666666666666,0.01411764705882353,0.6335877862595419,1.4166666666666667,0
1710,39.0,Premium,Groceries,Upi,37648.58,24.78,681,0.16666666666666666,0.02643171806167401,0.23703703703703705,1.0555555555555556,0
1711,59.0,Regular,Sports,Net Banking,14043.2,39.38,1560,0.7894736842105263,0.01217948717948718,0.48130841121495327,0.10526315789473684,0
1712,22.0,Premium,Sports,Net Banking,29930.09,28.66,1523,1.0,0.011162179908076166,0.5785714285714286,0.058823529411764705,0
1713,18.0,New,Books,Credit Card,7700.28,13.57,1642,0.9166666666666666,0.02192448233861145,0.30837004405286345,0.3611111111111111,0
1714,32.0,Inactive,Electronics,Net Banking,31516.21,47.36,1294,0.8076923076923077,0.02009273570324575,0.3892857142857143,0.7307692307692307,0
1715,69.0,Inactive,Groceries,Credit Card,31117.98,22.02,700,0.4222222222222222,0.06428571428571428,0.3769230769230769,0.4,0
1716,39.0,Regular,Groceries,Credit Card,2940.38,6.21,149,1.0,0.28859060402684567,2.642857142857143,0.4418604651162791,0
1717,61.0,Regular,Clothing,Net Banking,46473.04,44.46,190,0.08888888888888889,0.23684210526315788,3.9130434782608696,0.06666666666666667,0
1718,45.0,Regular,Books,Debit Card,27121.96,38.56,871,0.5128205128205128,0.04477611940298507,0.2660098522167488,0.3333333333333333,0
1719,63.0,Premium,Furniture,Credit Card,13365.31,18.62,80,0.0,0.475,3.3793103448275863,0.39473684210526316,0
1720,56.0,Regular,Books,Upi,15286.31,48.56,798,0.4444444444444444,0.011278195488721804,0.35658914728682173,0.1111111111111111,0
1721,61.0,New,Furniture,Credit Card,21851.33,20.52,1709,0.17857142857142858,0.016383850204798128,0.6666666666666666,0.2857142857142857,0
1722,68.0,Regular,Groceries,Debit Card,24756.45,22.15,1602,0.5833333333333334,0.0149812734082397,0.028985507246376812,0.75,1
1723,38.0,Regular,Books,Upi,40360.6,1.44,1823,0.48484848484848486,0.018102029621503018,0.9402985074626866,0.3333333333333333,0
1724,42.0,Inactive,Electronics,Upi,21227.33,35.03,1266,0.8,0.03949447077409163,1.0,0.24,0
1725,56.0,Regular,Electronics,Credit Card,34892.23,33.76,632,0.0,0.0015822784810126582,0.5783132530120482,3.0,0
1726,29.0,New,Groceries,Credit Card,33003.89,15.53,829,0.8666666666666667,0.054282267792521106,2.8405797101449277,0.2222222222222222,0
1727,19.0,Premium,Electronics,Net Banking,35602.48,5.0,1339,0.9444444444444444,0.01344286781179985,0.675392670157068,0.4444444444444444,0
1728,42.0,Premium,Books,Net Banking,1243.19,23.73,291,0.8857142857142857,0.12027491408934708,0.3849056603773585,0.42857142857142855,0
1729,30.0,Premium,Furniture,Upi,44182.69,17.92,1653,0.20512820512820512,0.023593466424682397,10.0,0.358974358974359,0
1730,34.0,Inactive,Books,Debit Card,4268.91,36.52,498,0.5714285714285714,0.05622489959839357,0.16470588235294117,0.21428571428571427,0
1731,65.0,Regular,Clothing,Net Banking,17613.1,29.44,1164,0.03571428571428571,0.024054982817869417,0.9747474747474747,0.6071428571428571,0
1732,40.0,Regular,Clothing,Upi,9154.01,6.4,548,0.9696969696969697,0.060218978102189784,0.41569767441860467,0.21212121212121213,0
1733,41.0,Premium,Electronics,Net Banking,47256.35,12.72,723,0.9318181818181818,0.06085753803596127,0.2835820895522388,0.20454545454545456,0
1734,65.0,Regular,Books,Net Banking,6014.48,47.22,1289,0.4,0.003878975950349108,2.3164556962025316,2.8,0
1735,66.0,Inactive,Furniture,Debit Card,40872.15,4.24,1390,0.2765957446808511,0.03381294964028777,0.8844444444444445,0.2553191489361702,0
1736,36.0,New,Electronics,Net Banking,9985.59,41.63,754,0.0,0.002652519893899204,0.35507246376811596,2.5,1
1737,63.0,Inactive,Furniture,Upi,40159.21,3.36,1493,0.5,0.0026791694574681848,0.32160804020100503,0.25,1
1738,58.0,Premium,Groceries,Credit Card,49719.33,48.94,576,0.8205128205128205,0.06770833333333333,1.1077844311377245,0.4358974358974359,0
1739,57.0,Regular,Books,Upi,44114.28,0.59,932,0.13333333333333333,0.016094420600858368,0.45403899721448465,0.2,0
1740,48.0,Regular,Furniture,Cash,42206.73,17.27,766,0.4,0.006527415143603133,0.8089887640449438,1.6,0
1741,34.0,New,Electronics,Cash,10908.17,26.75,1298,0.8571428571428571,0.026964560862865947,0.9516129032258065,0.05714285714285714,0
1742,31.0,New,Electronics,Credit Card,32268.46,32.55,1129,0.0,0.0008857395925597874,0.24198250728862974,7.0,1
1743,47.0,New,Sports,Cash,43769.61,36.77,1110,0.7647058823529411,0.015315315315315315,0.45768025078369906,1.0588235294117647,0
1744,50.0,Inactive,Electronics,Credit Card,49663.78,15.73,591,0.75,0.0338409475465313,0.6060606060606061,0.2,0
1745,46.0,Regular,Groceries,Credit Card,2303.24,4.48,578,0.5333333333333333,0.025951557093425604,0.4527687296416938,0.8,0
1746,26.0,New,Sports,Credit Card,29823.45,8.14,260,0.2,0.057692307692307696,0.5041322314049587,1.2,0
1747,59.0,New,Electronics,Net Banking,46037.56,7.86,131,0.6153846153846154,0.1984732824427481,0.18556701030927836,0.19230769230769232,0
1748,63.0,New,Clothing,Credit Card,7712.43,2.24,34,0.2727272727272727,0.3235294117647059,0.06666666666666667,0.45454545454545453,0
1749,19.0,New,Groceries,Cash,21981.54,5.73,1807,0.0,0.014388489208633094,8.1875,0.7692307692307693,0
1750,53.0,New,Electronics,Debit Card,27613.18,40.89,156,0.0,0.00641025641025641,0.9896907216494846,12.0,0
1751,64.0,New,Clothing,Net Banking,32668.84,32.06,595,0.047619047619047616,0.03529411764705882,3.4318181818181817,0.7619047619047619,0
1752,44.0,Inactive,Electronics,Credit Card,16085.66,20.43,436,0.0,0.02981651376146789,0.2682119205298013,0.23076923076923078,1
1753,64.0,New,Books,Cash,20511.75,9.12,806,0.9591836734693877,0.060794044665012405,0.37894736842105264,0.20408163265306123,0
1754,46.0,Regular,Electronics,Credit Card,2780.82,21.64,181,0.37777777777777777,0.24861878453038674,0.2915451895043732,0.28888888888888886,0
1755,44.0,Regular,Clothing,Net Banking,35593.46,35.2,1139,1.0,0.0052677787532923615,0.6293103448275862,0.0,0
1756,38.0,New,Furniture,Upi,13808.8,30.93,1613,0.0,0.023558586484810913,6.090909090909091,0.5,0
1757,53.0,New,Groceries,Cash,10513.95,27.7,859,1.0,0.04190919674039581,0.7061855670103093,0.5,0
1758,28.0,Inactive,Groceries,Net Banking,26633.75,27.0,1113,0.0,0.0008984725965858042,0.5,16.0,0
1759,61.0,Inactive,Electronics,Credit Card,2016.43,40.14,1196,0.5833333333333334,0.020066889632107024,0.21363636363636362,0.4583333333333333,1
1760,47.0,Premium,Sports,Net Banking,12219.0,1.11,1769,0.5641025641025641,0.022046353872244205,0.7555555555555555,0.3333333333333333,0
1761,58.0,Inactive,Furniture,Cash,25545.48,15.14,784,1.0,0.015306122448979591,3.4634146341463414,0.0,0
1762,26.0,New,Groceries,Debit Card,25769.59,48.58,1476,0.6363636363636364,0.014905149051490514,1.9344262295081966,0.6818181818181818,0
1763,23.0,New,Clothing,Credit Card,30305.1,39.2,604,0.68,0.041390728476821195,2.78,0.8,0
1764,23.0,New,Electronics,Cash,13680.42,8.14,182,0.5714285714285714,0.15384615384615385,0.39805825242718446,0.35714285714285715,0
1765,46.0,Regular,Sports,Debit Card,18638.85,45.81,793,0.9148936170212766,0.05926860025220681,2.6296296296296298,0.23404255319148937,0
1766,49.0,Regular,Groceries,Net Banking,25536.98,0.14,1730,0.46,0.028901734104046242,0.125,0.08,0
1767,18.0,Premium,Sports,Credit Card,3636.78,19.96,970,0.5,0.004123711340206186,0.24376731301939059,3.25,1
1768,28.0,Premium,Clothing,Credit Card,49598.03,25.15,149,0.5483870967741935,0.2080536912751678,0.5470383275261324,0.3225806451612903,0
1769,23.0,New,Sports,Upi,9547.03,34.44,178,0.23529411764705882,0.19101123595505617,0.2672413793103448,0.058823529411764705,0
1770,42.0,Regular,Electronics,Credit Card,3762.6,39.32,1206,0.16129032258064516,0.02570480928689884,0.5729166666666666,0.03225806451612903,0
1771,41.0,Inactive,Electronics,Upi,44352.47,5.46,195,0.16666666666666666,0.15384615384615385,0.06824925816023739,0.3333333333333333,0
1772,65.0,Regular,Clothing,Credit Card,3135.39,28.48,1688,0.4827586206896552,0.017180094786729858,0.11650485436893204,0.034482758620689655,0
1773,45.0,Regular,Sports,Net Banking,727.87,24.19,1486,1.0,0.0006729475100942127,0.467966573816156,2.0,0
1774,38.0,Regular,Books,Cash,25545.48,28.37,466,0.8333333333333334,0.09012875536480687,0.44166666666666665,0.42857142857142855,0
1775,44.0,Premium,Furniture,Credit Card,14311.91,23.61,1001,0.9411764705882353,0.016983016983016984,1.7666666666666666,0.11764705882352941,0
1776,30.0,New,Electronics,Credit Card,45133.98,36.27,344,0.35714285714285715,0.040697674418604654,0.2702702702702703,0.5714285714285714,0
1777,40.0,Inactive,Furniture,Upi,11478.06,9.16,926,0.9615384615384616,0.028077753779697623,0.31666666666666665,0.23076923076923078,0
1778,44.0,Regular,Groceries,Upi,21323.5,3.02,947,0.0,0.010559662090813094,1.0,1.3,0
1779,30.0,New,Clothing,Debit Card,49824.57,44.55,392,0.7608695652173914,0.11734693877551021,0.46402877697841727,0.13043478260869565,0
1780,38.0,New,Books,Upi,48467.84,14.9,138,0.5121951219512195,0.2971014492753623,1.9577464788732395,0.024390243902439025,0
1781,46.0,Regular,Sports,Upi,19976.94,22.45,356,0.5,0.011235955056179775,0.5290697674418605,0.5,0
1782,31.0,Premium,Sports,Credit Card,29906.3,27.04,1040,0.0,0.0009615384615384616,1.152046783625731,10.0,0
1783,58.0,Premium,Sports,Upi,5534.98,11.68,224,0.8205128205128205,0.17410714285714285,0.6046511627906976,0.358974358974359,0
1784,56.0,Premium,Groceries,Cash,35355.9,22.26,78,0.2631578947368421,0.24358974358974358,0.07,0.2631578947368421,1
1785,43.0,Regular,Groceries,Credit Card,35082.31,4.16,926,0.2222222222222222,0.019438444924406047,0.01098901098901099,0.1111111111111111,0
1786,38.0,Regular,Books,Credit Card,1023.5,43.0,720,0.5,0.005555555555555556,0.036211699164345405,0.5,1
1787,31.0,Regular,Books,Credit Card,34476.08,29.41,927,0.0,0.028047464940668825,0.7212389380530974,0.7307692307692307,0
1788,36.0,New,Electronics,Credit Card,22425.64,9.56,754,0.7142857142857143,0.0649867374005305,1.7761194029850746,0.3877551020408163,0
1789,63.0,Inactive,Groceries,Debit Card,1888.49,11.53,1417,0.5952380952380952,0.029640084685956247,0.38235294117647056,0.0,0
1790,57.0,Regular,Books,Upi,1104.14,34.5,288,0.3617021276595745,0.16319444444444445,0.10437710437710437,0.0,0
1791,20.0,New,Electronics,Cash,30772.95,48.62,1286,0.5757575757575758,0.025660964230171075,0.11643835616438356,0.06060606060606061,0
1792,24.0,Inactive,Groceries,Upi,31021.67,8.71,1434,0.375,0.02789400278940028,0.32857142857142857,0.275,0
1793,54.0,Premium,Electronics,Credit Card,19702.16,1.66,1349,0.75,0.017790956263899184,0.5980861244019139,0.75,0
1794,19.0,Inactive,Groceries,Debit Card,3410.1,27.34,1010,0.05555555555555555,0.03564356435643564,0.5466666666666666,0.2222222222222222,0
1795,50.0,Inactive,Electronics,Cash,44543.29,10.89,1461,0.41304347826086957,0.03148528405201916,1.46,0.1956521739130435,0
1796,41.0,Premium,Electronics,Debit Card,24793.44,18.85,359,0.0,0.07242339832869081,1.0617283950617284,0.38461538461538464,0
1797,58.0,Premium,Electronics,Debit Card,11019.57,18.97,246,0.34375,0.13008130081300814,0.2595419847328244,0.375,0
1798,47.0,Regular,Electronics,Debit Card,3526.84,9.34,660,0.3684210526315789,0.05757575757575758,0.6122448979591837,0.10526315789473684,0
1799,39.0,Premium,Electronics,Debit Card,39479.02,28.57,41,0.4583333333333333,1.170731707317073,0.32727272727272727,0.020833333333333332,0
1800,58.0,New,Groceries,Net Banking,13037.2,0.7,480,0.7575757575757576,0.06875,0.38333333333333336,0.36363636363636365,0
1801,68.0,Inactive,Electronics,Net Banking,44871.04,16.73,953,0.8947368421052632,0.01993704092339979,0.36752136752136755,0.9473684210526315,1
1802,38.0,Premium,Electronics,Credit Card,29874.24,29.68,502,0.5454545454545454,0.021912350597609563,0.3686635944700461,0.45454545454545453,1
1803,33.0,Inactive,Books,Net Banking,39968.31,44.24,412,0.4166666666666667,0.02912621359223301,1.6164383561643836,0.9166666666666666,0
1804,22.0,New,Groceries,Credit Card,34897.7,6.3,492,0.5,0.0040650406504065045,0.13157894736842105,1.0,1
1805,63.0,Premium,Electronics,Cash,21856.73,47.87,380,0.8461538461538461,0.034210526315789476,3.2549019607843137,1.4615384615384615,0
1806,22.0,New,Books,Upi,26351.57,45.49,247,0.125,0.032388663967611336,58.666666666666664,1.375,0
1807,67.0,New,Groceries,Upi,27008.76,16.62,1195,1.0,0.011715481171548118,0.07446808510638298,1.2857142857142858,1
1808,65.0,New,Electronics,Debit Card,34691.23,19.09,1010,0.45652173913043476,0.04554455445544554,0.045283018867924525,0.021739130434782608,0
1809,52.0,Premium,Furniture,Net Banking,30628.5,7.73,595,1.0,0.04201680672268908,0.412751677852349,0.2,0
1810,39.0,Premium,Sports,Credit Card,49773.73,6.91,1158,0.0,0.006044905008635579,0.17142857142857143,0.0,1
1811,31.0,New,Electronics,Debit Card,46367.75,48.97,211,0.07317073170731707,0.1943127962085308,2.4285714285714284,0.0975609756097561,0
1812,35.0,New,Clothing,Upi,10965.41,6.58,767,0.09523809523809523,0.054758800521512385,0.7137546468401487,0.07142857142857142,0
1813,54.0,Premium,Sports,Credit Card,36918.1,36.74,597,0.3333333333333333,0.01507537688442211,0.15151515151515152,2.2222222222222223,0
1814,63.0,Regular,Books,Upi,6963.93,21.95,1500,0.3333333333333333,0.006,0.1793478260869565,0.3333333333333333,1
1815,30.0,Premium,Furniture,Credit Card,21187.47,44.32,1427,0.16666666666666666,0.004204625087596356,0.31100478468899523,2.0,1
1816,70.0,Regular,Sports,Cash,11925.05,100.0,226,0.6410256410256411,0.17256637168141592,0.5042735042735043,0.28205128205128205,0
1817,57.0,Regular,Electronics,Cash,4016.36,1.15,1694,0.52,0.0295159386068477,1.855421686746988,0.04,0
1818,61.0,New,Clothing,Credit Card,43326.86,2.04,1638,0.24,0.015262515262515262,1.829268292682927,0.64,0
1819,19.0,Regular,Books,Credit Card,27290.01,13.8,1192,0.20833333333333334,0.040268456375838924,0.31446540880503143,0.25,0
1820,23.0,Premium,Groceries,Upi,1192.61,2.79,973,0.8125,0.0328879753340185,0.6875,0.34375,0
1821,66.0,New,Clothing,Upi,25545.48,7.65,153,0.5111111111111111,0.29411764705882354,0.45051194539249145,0.26666666666666666,0
1822,37.0,Regular,Books,Debit Card,39269.52,15.03,1432,0.5102040816326531,0.034217877094972066,5.947368421052632,0.2653061224489796,0
1823,44.0,Regular,Furniture,Debit Card,17517.6,15.12,295,0.5185185185185185,0.09152542372881356,0.31290322580645163,0.18518518518518517,0
1824,28.0,Premium,Groceries,Upi,4878.75,48.43,1370,0.25,0.00583941605839416,0.42748091603053434,1.625,0
1825,53.0,Regular,Sports,Net Banking,5519.89,25.73,1246,0.8,0.008025682182985553,0.6197718631178707,0.1,0
1826,61.0,Inactive,Groceries,Cash,32153.77,36.22,808,0.9,0.012376237623762377,0.06027397260273973,1.9,1
1827,34.0,Regular,Furniture,Cash,40347.4,44.37,147,0.5,0.14965986394557823,0.8137931034482758,0.22727272727272727,0
1828,41.0,Regular,Clothing,Credit Card,13406.73,10.12,1476,0.125,0.01084010840108401,9.833333333333334,0.4375,0
1829,41.0,New,Groceries,Cash,19006.17,35.94,1412,1.0,0.00141643059490085,0.631578947368421,6.0,0
1830,35.0,Regular,Books,Debit Card,20368.14,35.61,768,0.3333333333333333,0.0390625,1.3405797101449275,0.6666666666666666,0
1831,33.0,Regular,Furniture,Credit Card,49560.85,13.54,912,0.7741935483870968,0.03399122807017544,2.2777777777777777,0.6129032258064516,0
1832,31.0,Premium,Electronics,Upi,17491.25,18.5,1747,0.75,0.006868918145392101,0.6509090909090909,0.0,0
1833,57.0,New,Electronics,Upi,9675.56,19.96,843,0.8181818181818182,0.02609727164887307,1.1216216216216217,0.5,0
1834,37.0,Premium,Electronics,Cash,1170.54,43.51,273,0.6875,0.05860805860805861,0.24647887323943662,0.4375,0
1835,35.0,New,Electronics,Debit Card,3105.64,33.38,537,0.9473684210526315,0.035381750465549346,1.2279411764705883,0.8947368421052632,0
1836,68.0,New,Books,Cash,15399.37,15.84,875,0.0,0.029714285714285714,0.34591194968553457,0.038461538461538464,0
1837,32.0,Regular,Electronics,Net Banking,45231.51,1.5,1713,0.7045454545454546,0.02568593111500292,0.5317220543806647,0.06818181818181818,0
1838,40.0,Premium,Electronics,Credit Card,18733.84,27.45,458,0.3333333333333333,0.013100436681222707,2.9791666666666665,1.3333333333333333,0
1839,41.0,Premium,Groceries,Credit Card,39976.77,12.99,1048,0.09090909090909091,0.03148854961832061,0.4785100286532951,0.45454545454545453,0
1840,30.0,Inactive,Books,Net Banking,1753.1,26.45,977,0.3181818181818182,0.04503582395087001,1.0857142857142856,0.09090909090909091,0
1841,46.0,Inactive,Groceries,Debit Card,34257.44,20.34,156,0.11538461538461539,0.16666666666666666,1.2,0.0,0
1842,59.0,Inactive,Sports,Upi,40856.91,40.68,1359,0.4782608695652174,0.01692420897718911,0.06181818181818182,0.0,1
1843,51.0,Premium,Electronics,Upi,24450.32,34.12,978,0.2,0.010224948875255624,0.25757575757575757,0.9,0
1844,60.0,Premium,Groceries,Upi,30408.66,11.34,1113,0.0,0.0017969451931716084,0.6054421768707483,1.5,0
1845,69.0,New,Electronics,Net Banking,10323.74,9.91,1618,0.3333333333333333,0.001854140914709518,0.27899686520376177,3.6666666666666665,1
1846,43.0,Premium,Furniture,Upi,9731.11,36.31,1290,0.19047619047619047,0.03255813953488372,0.2570281124497992,0.2619047619047619,0
1847,40.0,Regular,Electronics,Net Banking,7963.43,34.66,1265,0.2727272727272727,0.008695652173913044,0.2599118942731278,1.7272727272727273,1
1848,56.0,Premium,Clothing,Debit Card,42716.77,34.56,896,0.16666666666666666,0.026785714285714284,0.7982456140350878,0.2916666666666667,0
1849,45.0,New,Groceries,Net Banking,23742.35,4.58,413,0.0,0.007263922518159807,5.461538461538462,4.666666666666667,0
1850,42.0,Premium,Books,Credit Card,40442.83,41.49,1036,0.18181818181818182,0.03185328185328185,0.9514563106796117,0.030303030303030304,0
1851,25.0,New,Electronics,Net Banking,32417.9,47.61,1324,0.9130434782608695,0.017371601208459216,0.2007042253521127,0.7391304347826086,1
1852,29.0,New,Sports,Net Banking,22019.72,35.37,440,0.6097560975609756,0.09318181818181819,1.0148148148148148,0.1951219512195122,0
1853,38.0,Regular,Electronics,Credit Card,10886.1,48.49,1488,0.2,0.006720430107526882,1.5945945945945945,0.4,0
1854,50.0,Inactive,Electronics,Cash,30567.7,12.69,345,0.8571428571428571,0.14202898550724638,1.1265822784810127,0.3469387755102041,0
1855,63.0,Premium,Sports,Cash,20548.86,18.85,130,0.4782608695652174,0.17692307692307693,0.2744479495268139,0.2608695652173913,1
1856,42.0,Inactive,Books,Credit Card,24200.03,39.94,586,0.723404255319149,0.08020477815699659,4.742857142857143,0.06382978723404255,0
1857,43.0,Regular,Electronics,Cash,812.49,33.45,1180,0.1875,0.013559322033898305,1.2203389830508475,0.5625,0
1858,38.0,Premium,Sports,Debit Card,11377.7,19.27,1389,0.8,0.003599712023038157,0.8252427184466019,0.2,0
1859,43.0,Inactive,Books,Credit Card,23939.57,18.27,770,0.6382978723404256,0.06103896103896104,2.4545454545454546,0.1702127659574468,0
1860,38.0,Inactive,Electronics,Debit Card,46870.78,32.98,177,0.9166666666666666,0.06779661016949153,0.12169312169312169,1.0833333333333333,1
1861,22.0,Inactive,Groceries,Cash,21699.13,0.85,463,0.5454545454545454,0.047516198704103674,0.06976744186046512,0.8181818181818182,1
1862,55.0,New,Furniture,Debit Card,18208.76,9.24,375,0.03125,0.08533333333333333,0.004081632653061225,0.125,0
1863,44.0,Inactive,Electronics,Debit Card,31326.09,32.6,180,0.2,0.027777777777777776,0.7,0.4,0
1864,30.0,Regular,Books,Cash,21784.83,47.33,959,0.782608695652174,0.047966631908237745,0.5748792270531401,0.3695652173913043,0
1865,43.0,Inactive,Furniture,Cash,11173.16,8.25,1607,0.16129032258064516,0.019290603609209707,0.49206349206349204,0.22580645161290322,0
1866,29.0,New,Sports,Net Banking,33910.03,1.42,1303,0.64,0.01918649270913277,1.028735632183908,0.72,0
1867,48.0,New,Groceries,Debit Card,42112.67,46.8,266,0.5625,0.06015037593984962,0.5432098765432098,1.125,0
1868,56.0,Inactive,Books,Upi,16776.38,9.42,402,0.8,0.06218905472636816,0.6577946768060836,0.72,0
1869,32.0,Premium,Electronics,Upi,6492.04,3.46,587,0.6363636363636364,0.018739352640545145,15.307692307692308,1.0,0
1870,36.0,Inactive,Groceries,Net Banking,24256.93,35.55,840,0.8947368421052632,0.02261904761904762,36.0,0.6842105263157895,0
1871,37.0,New,Sports,Debit Card,22045.29,20.05,212,0.5714285714285714,0.23113207547169812,0.391156462585034,0.3673469387755102,0
1872,44.0,New,Groceries,Debit Card,34686.0,1.69,752,0.4642857142857143,0.03723404255319149,0.052941176470588235,0.0,0
1873,38.0,New,Clothing,Net Banking,29648.73,19.31,933,0.3333333333333333,0.003215434083601286,1.0357142857142858,4.333333333333333,0
1874,23.0,Inactive,Furniture,Credit Card,18225.62,28.47,1452,0.30952380952380953,0.028925619834710745,0.29743589743589743,0.23809523809523808,0
1875,41.0,New,Sports,Upi,9372.69,17.49,1411,1.0,0.0007087172218284905,1.6385542168674698,5.0,0
1876,31.0,Regular,Clothing,Cash,42739.61,30.7,1593,1.0,0.003766478342749529,0.5910780669144982,2.8333333333333335,0
1877,39.0,Regular,Clothing,Debit Card,33044.23,12.4,1556,1.0,0.017352185089974295,1.1352941176470588,0.2962962962962963,0
1878,44.0,Regular,Books,Cash,39689.5,15.27,530,0.8,0.009433962264150943,1.619047619047619,3.6,0
1879,66.0,Regular,Clothing,Net Banking,22819.07,11.32,1584,0.02631578947368421,0.023989898989898988,0.7553956834532374,0.21052631578947367,0
1880,44.0,Premium,Electronics,Debit Card,2863.34,16.41,1208,1.0,0.012417218543046357,0.1527777777777778,1.2666666666666666,1
1881,60.0,Inactive,Books,Credit Card,29340.53,46.69,1586,0.17647058823529413,0.021437578814627996,1.2307692307692308,0.14705882352941177,0
1882,54.0,Premium,Electronics,Net Banking,9080.19,43.02,742,0.4222222222222222,0.06064690026954178,5.3478260869565215,0.2222222222222222,0
1883,30.0,Inactive,Sports,Debit Card,18841.93,23.63,50,0.037037037037037035,0.54,0.11333333333333333,0.14814814814814814,0
1884,20.0,Regular,Furniture,Cash,42488.7,19.08,141,0.25,0.19858156028368795,1.1515151515151516,0.6785714285714286,0
1885,70.0,Premium,Sports,Upi,5778.49,38.94,1800,0.43478260869565216,0.012777777777777779,1.7904761904761906,0.6086956521739131,0
1886,40.0,Inactive,Groceries,Upi,16872.98,16.87,1681,0.6153846153846154,0.007733491969066032,0.34870317002881845,0.0,0
1887,23.0,Inactive,Clothing,Upi,13424.03,18.02,842,1.0,0.0059382422802850355,0.3202614379084967,1.6,0
1888,42.0,Premium,Electronics,Debit Card,46760.17,27.54,1727,0.3333333333333333,0.008685581933989578,2.12,0.6,0
1889,44.0,Inactive,Sports,Debit Card,2157.53,12.43,862,0.2222222222222222,0.010440835266821345,0.7421383647798742,1.0,0
1890,31.0,Premium,Clothing,Credit Card,33332.64,35.71,1160,0.0,0.01293103448275862,0.6103286384976526,0.8,0
1891,68.0,Premium,Furniture,Cash,19380.74,29.13,1387,0.1111111111111111,0.012977649603460706,1.5384615384615385,1.1111111111111112,0
1892,49.0,Regular,Electronics,Credit Card,13543.05,49.68,497,0.03333333333333333,0.060362173038229376,0.34838709677419355,0.3333333333333333,0
1893,52.0,Premium,Electronics,Credit Card,40845.8,30.48,948,0.45454545454545453,0.011603375527426161,0.7569444444444444,1.0909090909090908,0
1894,66.0,Premium,Clothing,Credit Card,7107.09,49.7,305,0.15384615384615385,0.04262295081967213,0.1875,0.0,1
1895,39.0,Inactive,Electronics,Upi,10618.35,0.5,989,0.2857142857142857,0.014155712841253791,4.75,0.42857142857142855,0
1896,46.0,Premium,Sports,Net Banking,39274.0,18.26,1278,0.14285714285714285,0.02190923317683881,18.833333333333332,0.4642857142857143,0
1897,57.0,Regular,Clothing,Credit Card,3304.94,13.9,502,0.10416666666666667,0.09561752988047809,0.28421052631578947,0.020833333333333332,0
1898,65.0,New,Books,Credit Card,40895.2,8.53,290,0.23529411764705882,0.05862068965517241,3.7333333333333334,0.47058823529411764,0
1899,52.0,New,Electronics,Credit Card,40570.22,39.86,1385,0.2631578947368421,0.027436823104693142,2.6666666666666665,0.3684210526315789,0
1900,69.0,Regular,Electronics,Credit Card,3395.24,40.72,1733,0.5833333333333334,0.013848817080207732,0.3160377358490566,0.7083333333333334,1
1901,48.0,Regular,Books,Upi,20989.04,31.11,766,0.058823529411764705,0.022193211488250653,0.1525974025974026,0.47058823529411764,1
1902,58.0,Regular,Furniture,Credit Card,8127.27,33.88,398,0.5517241379310345,0.0728643216080402,0.11764705882352941,0.3448275862068966,0
1903,27.0,Inactive,Electronics,Debit Card,25545.48,17.16,1068,0.47368421052631576,0.035580524344569285,0.9653465346534653,0.4473684210526316,0
1904,64.0,Regular,Groceries,Credit Card,31546.45,22.57,206,0.25,0.07766990291262135,1.2,0.1875,0
1905,21.0,New,Groceries,Cash,2577.2,34.84,181,0.09090909090909091,0.18232044198895028,0.40226628895184136,0.3939393939393939,0
1906,47.0,New,Clothing,Credit Card,2284.66,31.46,1233,0.4888888888888889,0.0364963503649635,1.3275862068965518,0.08888888888888889,0
1907,57.0,Regular,Electronics,Credit Card,16257.8,44.29,321,0.28205128205128205,0.12149532710280374,2.2280701754385963,0.07692307692307693,0
1908,49.0,Regular,Clothing,Credit Card,28099.04,9.09,261,0.26666666666666666,0.05747126436781609,8.454545454545455,0.6,0
1909,42.0,New,Sports,Credit Card,34412.41,13.03,1447,0.2857142857142857,0.014512785072563926,0.29607250755287007,0.2857142857142857,1
1910,52.0,Regular,Clothing,Net Banking,15451.08,43.86,1071,0.8421052631578947,0.017740429505135387,7.9,0.8421052631578947,0
1911,56.0,Regular,Electronics,Net Banking,23498.93,40.22,1431,0.6666666666666666,0.012578616352201259,16.0,1.0555555555555556,0
1912,40.0,Inactive,Books,Upi,9878.59,34.09,904,0.23809523809523808,0.023230088495575223,0.25882352941176473,0.9047619047619048,1
1913,58.0,Premium,Furniture,Upi,16168.35,11.66,1657,0.625,0.02896801448400724,1.2210526315789474,0.3125,0
1914,28.0,Regular,Furniture,Credit Card,1368.07,4.03,1687,0.1,0.005927682276229994,0.43902439024390244,1.7,1
1915,56.0,Premium,Sports,Credit Card,28848.88,46.37,690,0.125,0.034782608695652174,1.9487179487179487,0.375,0
1916,67.0,Regular,Electronics,Debit Card,29774.91,15.79,922,0.6,0.010845986984815618,0.5278592375366569,1.8,0
1917,33.0,Inactive,Sports,Credit Card,32464.75,8.62,117,1.0,0.08547008547008547,0.5830721003134797,0.9,0
1918,45.0,Premium,Groceries,Credit Card,13330.84,25.72,428,0.4883720930232558,0.10046728971962617,0.5196374622356495,0.3953488372093023,0
1919,31.0,Regular,Sports,Credit Card,38134.01,2.02,161,0.4,0.21739130434782608,1.05,0.4857142857142857,0
1920,70.0,Premium,Books,Cash,5170.88,41.44,260,0.8,0.038461538461538464,2.4,0.9,0
1921,63.0,New,Electronics,Cash,27400.27,26.79,254,0.10714285714285714,0.11023622047244094,0.3737864077669903,0.0,0
1922,44.0,Regular,Furniture,Credit Card,3395.14,15.47,1657,0.0,0.02112251056125528,1.2292993630573248,0.11428571428571428,0
1923,42.0,Inactive,Furniture,Upi,22391.09,26.22,1336,0.625,0.023952095808383235,0.6428571428571429,0.5,0
1924,43.0,New,Sports,Debit Card,38866.0,5.94,1378,0.3,0.01451378809869376,0.8340807174887892,0.2,0
1925,29.0,Inactive,Electronics,Credit Card,46543.02,40.43,655,0.2391304347826087,0.07022900763358779,0.21739130434782608,0.13043478260869565,0
1926,62.0,Premium,Clothing,Cash,30780.84,26.59,1612,0.7272727272727273,0.006823821339950372,1.2586206896551724,1.3636363636363635,0
1927,62.0,Premium,Groceries,Cash,22602.42,41.27,598,0.95,0.06688963210702341,0.722488038277512,0.475,0
1928,54.0,Premium,Sports,Upi,25927.52,9.96,894,0.2727272727272727,0.012304250559284116,0.02127659574468085,0.09090909090909091,1
1929,44.0,Premium,Sports,Debit Card,3588.2,17.39,1144,1.0,0.0008741258741258741,1.900990099009901,5.0,0
1930,43.0,Premium,Electronics,Debit Card,31774.51,16.33,1156,0.7619047619047619,0.018166089965397925,0.7608695652173914,0.3333333333333333,0
1931,63.0,Regular,Furniture,Credit Card,8511.02,20.9,152,0.8666666666666667,0.29605263157894735,0.13924050632911392,0.4,0
1932,46.0,New,Sports,Net Banking,8618.7,22.87,453,0.17857142857142858,0.06181015452538632,0.28125,0.25,0
1933,50.0,Inactive,Books,Credit Card,11117.26,24.18,1322,0.7142857142857143,0.01059001512859304,3.0232558139534884,0.7142857142857143,0
1934,52.0,Premium,Groceries,Credit Card,5685.37,21.7,418,0.0,0.07177033492822966,1.267515923566879,0.1,0
1935,27.0,Premium,Clothing,Upi,35986.36,7.62,412,0.4666666666666667,0.03640776699029126,0.4028985507246377,1.0666666666666667,0
1936,47.0,New,Groceries,Net Banking,35558.23,38.21,819,0.7142857142857143,0.02564102564102564,0.016713091922005572,0.5714285714285714,1
1937,24.0,New,Books,Net Banking,36305.91,41.28,235,0.8292682926829268,0.17446808510638298,0.023255813953488372,0.4878048780487805,0
1938,59.0,Regular,Books,Net Banking,31247.91,23.35,1452,0.6,0.003443526170798898,0.4605263157894737,0.6,0
1939,25.0,Inactive,Groceries,Cash,42734.83,32.16,1048,0.5789473684210527,0.03625954198473282,0.6402877697841727,0.23684210526315788,0
1940,29.0,Premium,Sports,Credit Card,19155.08,34.8,1282,0.9230769230769231,0.0202808112324493,0.6682926829268293,0.46153846153846156,0
1941,40.0,Premium,Electronics,Upi,22686.76,15.4,697,0.23809523809523808,0.03012912482065997,0.5846153846153846,0.8571428571428571,0
1942,32.0,Inactive,Groceries,Credit Card,32004.87,38.2,941,0.926829268292683,0.04357066950053135,0.22875816993464052,0.43902439024390244,0
1943,35.0,Premium,Books,Cash,20894.28,29.51,841,0.9,0.04756242568370987,0.10897435897435898,0.35,0
1944,49.0,New,Electronics,Net Banking,39201.42,22.86,750,0.4444444444444444,0.048,0.4971590909090909,0.4166666666666667,0
1945,61.0,Regular,Groceries,Upi,4225.76,25.45,976,0.16666666666666666,0.018442622950819672,0.4166666666666667,0.5,0
1946,33.0,New,Furniture,Upi,17496.45,19.93,629,0.14634146341463414,0.06518282988871224,0.46308724832214765,0.4146341463414634,0
1947,67.0,New,Electronics,Upi,14855.78,0.49,1823,0.9411764705882353,0.009325287986834888,0.13870967741935483,1.1764705882352942,1
1948,18.0,Premium,Electronics,Debit Card,8619.31,6.98,1162,1.0,0.0025817555938037868,0.04680851063829787,4.0,1
1949,56.0,Premium,Books,Debit Card,9367.5,26.73,31,0.17142857142857143,1.1290322580645162,0.7076923076923077,0.45714285714285713,0
1950,53.0,Inactive,Furniture,Net Banking,43809.23,40.22,1158,0.7692307692307693,0.011226252158894647,0.7337278106508875,0.6923076923076923,0
1951,33.0,Regular,Books,Net Banking,49744.75,27.67,1644,0.1875,0.029197080291970802,0.2863849765258216,0.0,0
1952,41.0,Premium,Electronics,Cash,2773.25,17.25,1810,0.07142857142857142,0.0077348066298342545,0.975,0.8571428571428571,0
1953,67.0,Inactive,Clothing,Debit Card,45602.44,47.52,1601,1.0,0.0012492192379762648,0.3768844221105528,1.5,1
1954,54.0,New,Furniture,Net Banking,42311.2,49.53,1588,0.06976744186046512,0.02707808564231738,0.5180180180180181,0.4186046511627907,0
1955,48.0,Inactive,Electronics,Cash,23869.15,20.72,1566,0.20588235294117646,0.021711366538952746,0.02727272727272727,0.0,0
1956,31.0,Regular,Sports,Cash,2856.47,13.57,1249,0.25,0.006405124099279423,0.5131578947368421,1.0,0
1957,20.0,New,Clothing,Credit Card,17475.73,21.1,803,0.4418604651162791,0.053549190535491904,0.46601941747572817,0.11627906976744186,0
1958,27.0,Premium,Groceries,Credit Card,30758.45,21.81,407,0.5652173913043478,0.056511056511056514,0.1469387755102041,0.43478260869565216,1
1959,29.0,Inactive,Electronics,Credit Card,12177.64,46.59,559,0.6363636363636364,0.03935599284436494,0.5090361445783133,0.4090909090909091,0
1960,49.0,New,Groceries,Cash,27288.6,34.24,925,0.35,0.021621621621621623,0.5748502994011976,0.95,0
1961,38.0,Premium,Books,Upi,26951.69,15.63,1522,0.6,0.00985545335085414,0.08366533864541832,0.26666666666666666,1
1962,40.0,Premium,Electronics,Credit Card,41530.52,44.97,1378,0.5555555555555556,0.03265602322206096,0.034482758620689655,0.15555555555555556,0
1963,29.0,Premium,Sports,Net Banking,23878.92,46.16,351,0.58,0.14245014245014245,0.11280487804878049,0.4,0
1964,45.0,New,Sports,Upi,36709.57,30.87,380,1.0,0.09210526315789473,0.2912280701754386,0.2857142857142857,0
1965,44.0,Inactive,Clothing,Credit Card,34222.76,17.31,1058,0.5454545454545454,0.010396975425330813,0.2219178082191781,0.2727272727272727,1
1966,38.0,Regular,Furniture,Upi,22707.02,2.74,661,0.0,0.009077155824508321,5.037037037037037,3.3333333333333335,0
1967,56.0,Regular,Groceries,Credit Card,15709.19,23.58,639,0.36666666666666664,0.046948356807511735,0.8723404255319149,0.2,0
1968,46.0,Regular,Electronics,Debit Card,6394.58,29.03,622,0.2,0.04823151125401929,0.4083333333333333,0.4666666666666667,0
1969,56.0,Premium,Groceries,Upi,24672.35,26.72,200,0.4,0.075,0.43859649122807015,0.2,0
1970,68.0,Regular,Clothing,Net Banking,26297.7,30.04,1066,0.7619047619047619,0.039399624765478425,1.1702127659574468,0.023809523809523808,0
1971,52.0,New,Electronics,Net Banking,39822.99,24.0,920,0.391304347826087,0.025,0.20901639344262296,0.0,1
1972,29.0,Inactive,Electronics,Debit Card,9486.19,22.26,700,1.0,0.03,0.6687898089171974,0.47619047619047616,0
1973,64.0,New,Books,Debit Card,2975.13,25.59,629,0.9090909090909091,0.05246422893481717,1.6727272727272726,0.3939393939393939,0
1974,35.0,New,Electronics,Credit Card,24219.95,37.12,665,0.7708333333333334,0.07218045112781955,1.8095238095238095,0.25,0
1975,32.0,New,Electronics,Upi,30427.76,12.85,137,0.42105263157894735,0.2773722627737226,0.8393782383419689,0.34210526315789475,0
1976,57.0,Inactive,Furniture,Net Banking,34629.94,5.61,496,0.5,0.004032258064516129,0.5604395604395604,8.5,0
1977,54.0,New,Clothing,Upi,35589.08,8.19,1388,0.8636363636363636,0.03170028818443804,0.060941828254847646,0.38636363636363635,0
1978,51.0,Regular,Electronics,Cash,15093.05,13.85,1568,0.4523809523809524,0.026785714285714284,0.7537878787878788,0.38095238095238093,0
1979,60.0,Inactive,Groceries,Cash,8949.48,45.54,1484,0.3448275862068966,0.01954177897574124,1.0473684210526315,0.5172413793103449,0
1980,54.0,New,Electronics,Net Banking,37223.91,42.13,1556,0.11764705882352941,0.021850899742930592,1.7037037037037037,0.11764705882352941,0
1981,55.0,New,Furniture,Net Banking,44911.1,42.29,414,0.7674418604651163,0.10386473429951691,0.9473684210526315,0.20930232558139536,0
1982,58.0,Premium,Groceries,Credit Card,46348.4,37.53,1647,1.0,0.0006071645415907711,0.28413284132841327,8.0,1
1983,35.0,New,Groceries,Credit Card,43755.51,26.15,1517,0.10204081632653061,0.032300593276203035,0.6666666666666666,0.061224489795918366,0
1984,31.0,Regular,Furniture,Cash,17415.09,21.72,1036,0.45454545454545453,0.03185328185328185,0.10909090909090909,0.06060606060606061,0
1985,52.0,Regular,Groceries,Credit Card,1062.15,41.05,941,0.2702702702702703,0.039319872476089264,0.5331230283911672,0.4864864864864865,0
1986,47.0,Premium,Groceries,Upi,7816.44,43.07,213,0.3333333333333333,0.09859154929577464,0.6912442396313364,0.2857142857142857,0
1987,58.0,New,Furniture,Credit Card,1523.04,36.1,1408,0.24489795918367346,0.03480113636363636,28.142857142857142,0.20408163265306123,0
1988,43.0,Premium,Electronics,Cash,12435.99,29.22,1001,0.21621621621621623,0.03696303696303696,10.666666666666666,0.4594594594594595,0
1989,37.0,Inactive,Books,Net Banking,17803.31,12.17,701,0.047619047619047616,0.029957203994293864,0.0502283105022831,0.8571428571428571,1
1990,70.0,Premium,Books,Debit Card,36000.35,2.14,1493,0.5757575757575758,0.022103148024112524,0.09523809523809523,0.12121212121212122,0
1991,47.0,New,Electronics,Upi,46666.98,39.75,316,0.5454545454545454,0.06962025316455696,0.47058823529411764,0.2727272727272727,0
1992,46.0,Regular,Sports,Debit Card,25728.02,29.98,1665,0.4782608695652174,0.013813813813813814,0.21649484536082475,0.2608695652173913,1
1993,57.0,Premium,Sports,Debit Card,27455.36,48.77,952,0.9090909090909091,0.023109243697478993,0.1085972850678733,0.5,1
1994,60.0,Premium,Sports,Credit Card,43108.32,41.02,761,0.8181818181818182,0.02890932982917214,1.2195121951219512,0.6818181818181818,0
1995,40.0,Premium,Groceries,Debit Card,12681.92,47.83,995,0.8421052631578947,0.019095477386934675,0.03492063492063492,0.21052631578947367,1
1996,49.0,New,Electronics,Upi,27462.76,21.09,540,0.0,0.020370370370370372,0.2912912912912913,1.1818181818181819,1
1997,36.0,New,Electronics,Credit Card,40458.28,12.82,244,0.08,0.10245901639344263,0.48476454293628807,0.52,0
1998,57.0,Regular,Sports,Debit Card,17070.72,43.61,117,0.9285714285714286,0.11965811965811966,0.2361963190184049,0.9285714285714286,1
1999,41.0,Premium,Clothing,Credit Card,28230.72,0.06,1026,0.37209302325581395,0.04191033138401559,0.21825396825396826,0.0,0
2000,44.0,New,Electronics,Credit Card,43681.94,13.16,1113,0.8787878787878788,0.029649595687331536,1.3082706766917294,0.24242424242424243,0
2001,66.0,Regular,Furniture,Upi,39815.22,46.33,1044,0.047619047619047616,0.020114942528735632,0.3593220338983051,0.8571428571428571,0
2002,43.0,Inactive,Books,Net Banking,31521.46,34.6,1128,0.28205128205128205,0.034574468085106384,73.0,0.1282051282051282,0
2003,66.0,Inactive,Furniture,Upi,25545.48,43.56,1131,0.8666666666666667,0.026525198938992044,0.16111111111111112,0.23333333333333334,0
2004,65.0,Premium,Books,Net Banking,6602.65,13.29,1176,0.84375,0.027210884353741496,0.0594059405940594,0.625,0
2005,25.0,New,Books,Cash,38895.15,38.28,1061,0.3333333333333333,0.016965127238454288,2.888888888888889,0.5,0
2006,66.0,Premium,Furniture,Debit Card,10674.55,23.49,1529,1.0,0.020928711576193592,0.5748502994011976,0.34375,0
2007,32.0,New,Clothing,Credit Card,24007.37,0.7,1269,0.9183673469387755,0.038613081166272656,0.1937984496124031,0.14285714285714285,0
2008,18.0,Regular,Clothing,Upi,41382.28,43.67,302,0.24242424242424243,0.10927152317880795,4.0,0.5151515151515151,0
2009,40.0,Premium,Electronics,Cash,3857.09,42.37,759,0.058823529411764705,0.022397891963109356,0.18333333333333332,1.1176470588235294,0
2010,46.0,Premium,Electronics,Debit Card,38019.11,3.31,234,1.0,0.07692307692307693,6.275862068965517,0.8333333333333334,0
2011,54.0,Premium,Clothing,Cash,49892.62,12.01,1018,0.041666666666666664,0.023575638506876228,0.5830388692579506,0.08333333333333333,0
2012,63.0,Premium,Sports,Net Banking,7637.82,13.85,339,0.8,0.029498525073746312,0.03347280334728033,1.8,1
2013,65.0,Regular,Books,Credit Card,20640.26,9.17,409,0.5135135135135135,0.09046454767726161,0.109375,0.40540540540540543,0
2014,36.0,Regular,Books,Cash,32461.47,10.7,135,0.7555555555555555,0.3333333333333333,0.12093023255813953,0.06666666666666667,0
2015,20.0,Regular,Groceries,Credit Card,21865.25,34.38,1148,0.0,0.029616724738675958,0.11711711711711711,0.4411764705882353,0
2016,43.0,Inactive,Electronics,Debit Card,46745.38,7.57,830,0.5,0.004819277108433735,0.5,4.75,0
2017,69.0,Premium,Electronics,Upi,18339.35,20.46,982,0.0,0.03767820773930754,0.5376344086021505,0.0,0
2018,48.0,Premium,Electronics,Debit Card,24999.17,6.83,1290,1.0,0.005426356589147287,0.01384083044982699,0.0,1
2019,47.0,Regular,Books,Net Banking,2213.06,22.57,1695,0.26,0.029498525073746312,0.2891566265060241,0.06,0
2020,42.0,Premium,Sports,Credit Card,23894.39,3.78,81,0.3333333333333333,0.4074074074074074,0.635,0.12121212121212122,0
2021,69.0,Regular,Books,Credit Card,38786.96,37.17,1150,0.782608695652174,0.04,2.189655172413793,0.06521739130434782,0
2022,69.0,New,Books,Debit Card,23012.01,15.32,630,0.0,0.0015873015873015873,0.06698564593301436,4.0,1
2023,68.0,Premium,Groceries,Cash,5095.73,19.87,582,0.3,0.01718213058419244,1.1891891891891893,0.5,0
2024,66.0,Premium,Sports,Credit Card,36656.06,29.17,799,0.6976744186046512,0.05381727158948686,1.2101910828025477,0.32558139534883723,0
2025,57.0,Regular,Sports,Net Banking,21322.98,31.28,867,0.16666666666666666,0.01384083044982699,0.15432098765432098,0.5833333333333334,0
2026,23.0,Inactive,Books,Upi,36149.9,1.21,1226,0.55,0.01631321370309951,0.10086455331412104,0.4,1
2027,52.0,Premium,Groceries,Credit Card,7004.96,5.32,1679,0.0,0.001786777843954735,0.0847953216374269,3.3333333333333335,1
2028,45.0,New,Books,Net Banking,14634.02,30.33,906,0.6666666666666666,0.04966887417218543,0.38545454545454544,0.17777777777777778,0
2029,68.0,Inactive,Groceries,Debit Card,11087.75,18.97,668,0.8888888888888888,0.01347305389221557,0.0967741935483871,1.7777777777777777,0
2030,47.0,Premium,Furniture,Cash,11920.7,41.04,96,0.14583333333333334,0.5,0.08041958041958042,0.375,0
2031,49.0,Inactive,Books,Net Banking,6966.16,21.86,1717,0.972972972972973,0.021549213744903904,0.5652173913043478,0.32432432432432434,0
2032,67.0,New,Furniture,Debit Card,31453.7,41.68,1074,0.723404255319149,0.043761638733705775,0.3532934131736527,0.1702127659574468,0
2033,45.0,New,Electronics,Upi,8307.16,11.2,413,0.5151515151515151,0.07990314769975787,0.39114391143911437,0.30303030303030304,0
2034,27.0,Premium,Electronics,Upi,10365.44,36.34,703,0.0,0.015647226173541962,0.5426136363636364,0.36363636363636365,0
2035,18.0,Regular,Electronics,Net Banking,1520.75,27.43,520,0.75,0.007692307692307693,0.3316062176165803,2.25,1
2036,55.0,Inactive,Electronics,Credit Card,26049.82,28.59,861,1.0,0.0011614401858304297,0.08247422680412371,3.0,1
2037,69.0,Premium,Furniture,Cash,19531.91,37.65,1042,0.16666666666666666,0.005758157389635317,0.12111801242236025,1.1666666666666667,1
2038,30.0,Inactive,Sports,Upi,47281.01,28.86,48,0.05714285714285714,0.7291666666666666,0.8050847457627118,0.5428571428571428,0
2039,52.0,Regular,Furniture,Upi,47168.74,43.33,531,0.3333333333333333,0.011299435028248588,0.3879003558718861,2.5,0
2040,20.0,Premium,Furniture,Debit Card,25994.97,34.21,942,0.15789473684210525,0.040339702760084924,0.875,0.07894736842105263,0
2041,23.0,New,Electronics,Net Banking,5077.11,30.21,319,0.47619047619047616,0.06583072100313479,0.28700906344410876,0.38095238095238093,1
2042,66.0,Regular,Electronics,Debit Card,9861.07,12.99,693,0.5,0.002886002886002886,0.011730205278592375,1.0,1
2043,66.0,Regular,Groceries,Debit Card,1983.58,16.08,1221,0.2962962962962963,0.022113022113022112,0.5288135593220339,0.7037037037037037,0
2044,63.0,New,Groceries,Cash,7839.36,2.68,1506,0.27586206896551724,0.019256308100929615,4.7,0.13793103448275862,0
2045,19.0,New,Electronics,Cash,25596.28,46.03,1600,0.6222222222222222,0.028125,0.1701492537313433,0.35555555555555557,0
2046,36.0,Premium,Groceries,Credit Card,2167.19,17.33,987,0.5,0.010131712259371834,3.5555555555555554,0.8,0
2047,32.0,Inactive,Clothing,Credit Card,15922.87,47.55,633,0.0,0.04265402843601896,0.7807017543859649,0.5185185185185185,0
2048,23.0,Inactive,Electronics,Credit Card,28220.68,6.97,1436,0.7,0.034818941504178275,0.2361111111111111,0.06,0
2049,44.0,Inactive,Electronics,Credit Card,48740.37,17.3,154,0.17073170731707318,0.2662337662337662,7.4,0.2926829268292683,0
2050,47.0,Regular,Electronics,Net Banking,21610.29,1.18,323,0.4117647058823529,0.05263157894736842,0.75,1.0,0
2051,47.0,Premium,Electronics,Cash,44009.45,45.37,904,1.0,0.051991150442477874,0.32038834951456313,0.3829787234042553,0
2052,22.0,Premium,Electronics,Net Banking,32915.77,13.22,1536,0.0,0.0013020833333333333,0.673992673992674,5.5,0
2053,45.0,Regular,Clothing,Credit Card,44614.67,45.67,1822,0.92,0.027442371020856202,0.6015037593984962,0.24,0
2054,37.0,Premium,Groceries,Cash,49385.0,42.61,210,0.1111111111111111,0.12857142857142856,0.6428571428571429,0.0,0
2055,39.0,Premium,Groceries,Credit Card,36099.34,39.93,561,0.96875,0.0570409982174688,1.7904761904761906,0.28125,0
2056,33.0,New,Groceries,Credit Card,24812.87,20.49,1564,1.0,0.0038363171355498722,0.4827586206896552,1.6666666666666667,0
2057,61.0,New,Sports,Upi,20014.93,49.34,749,0.9166666666666666,0.01602136181575434,0.38697318007662834,1.0833333333333333,1
2058,62.0,Premium,Books,Net Banking,14165.07,3.83,1075,0.8888888888888888,0.008372093023255815,0.3573667711598746,1.4444444444444444,0
2059,35.0,New,Groceries,Credit Card,33288.38,28.91,875,0.0,0.006857142857142857,0.16463414634146342,1.8333333333333333,1
2060,44.0,Regular,Furniture,Debit Card,24426.95,15.07,1692,0.5405405405405406,0.02186761229314421,0.44,0.1891891891891892,0
2061,31.0,Premium,Clothing,Credit Card,21254.17,36.95,207,0.14893617021276595,0.22705314009661837,0.7268041237113402,0.0851063829787234,0
2062,39.0,Regular,Furniture,Upi,37684.89,8.18,1381,0.020833333333333332,0.03475742215785663,1.121212121212121,0.10416666666666667,0
2063,62.0,Regular,Sports,Debit Card,38437.54,5.05,1149,1.0,0.005221932114882507,0.43131868131868134,2.5,0
2064,53.0,New,Electronics,Upi,12829.34,42.86,1416,0.23333333333333334,0.0211864406779661,0.2727272727272727,0.3,0
2065,55.0,New,Books,Net Banking,40411.43,36.2,77,0.7878787878787878,0.42857142857142855,0.4907749077490775,0.24242424242424243,0
2066,43.0,Regular,Books,Credit Card,1405.18,42.34,1699,0.1,0.02942907592701589,0.23076923076923078,0.1,0
2067,41.0,Regular,Sports,Upi,14308.81,40.11,134,0.14583333333333334,0.3582089552238806,0.6666666666666666,0.0,0
2068,37.0,New,Electronics,Credit Card,25085.23,5.02,444,0.0625,0.036036036036036036,0.3951367781155015,0.75,0
2069,28.0,Regular,Electronics,Credit Card,22612.73,41.4,1683,0.1282051282051282,0.023172905525846704,0.48589341692789967,0.02564102564102564,0
2070,35.0,Premium,Clothing,Credit Card,45989.69,23.74,1237,0.75,0.016168148746968473,1.0333333333333334,0.15,0
2071,70.0,Inactive,Furniture,Upi,2756.57,37.46,1430,0.14814814814814814,0.01888111888111888,0.6006191950464397,0.4444444444444444,0
2072,63.0,New,Clothing,Upi,29300.8,14.24,49,0.7142857142857143,0.14285714285714285,0.36809815950920244,2.2857142857142856,0
2073,58.0,Premium,Clothing,Net Banking,17365.94,16.88,370,0.0,0.07837837837837838,2.1294117647058823,0.10344827586206896,0
2074,53.0,Inactive,Books,Credit Card,26368.02,0.17,1494,0.6551724137931034,0.019410977242302542,2.816901408450704,0.4827586206896552,0
2075,32.0,Premium,Groceries,Credit Card,21624.22,27.63,295,1.0,0.023728813559322035,0.11026615969581749,2.7142857142857144,1
2076,30.0,Inactive,Groceries,Debit Card,24315.53,38.74,112,0.5882352941176471,0.15178571428571427,0.18545454545454546,0.8823529411764706,1
2077,46.0,New,Books,Upi,45033.68,0.35,983,0.7142857142857143,0.007121057985757884,0.9591836734693877,0.0,0
2078,50.0,Premium,Electronics,Upi,13216.21,43.41,411,0.30952380952380953,0.10218978102189781,1.97,0.09523809523809523,0
2079,28.0,New,Furniture,Net Banking,39572.43,19.22,561,0.6666666666666666,0.0053475935828877,0.5714285714285714,4.0,0
2080,43.0,Premium,Groceries,Cash,34270.89,17.83,1770,0.2413793103448276,0.01638418079096045,0.7098214285714286,0.10344827586206896,0
2081,41.0,Premium,Groceries,Credit Card,36922.09,41.94,1013,0.0,0.003948667324777887,0.24836601307189543,3.0,0
2082,18.0,Regular,Groceries,Debit Card,48971.64,47.75,1767,0.3333333333333333,0.001697792869269949,0.4024024024024024,2.6666666666666665,0
2083,31.0,Inactive,Furniture,Credit Card,29105.42,14.43,50,0.4666666666666667,0.3,0.86,0.13333333333333333,0
2084,37.0,New,Furniture,Upi,40795.35,15.82,175,0.0,0.02857142857142857,0.1016949152542373,0.8,0
2085,42.0,Regular,Books,Cash,27727.45,19.41,1807,0.30434782608695654,0.02545655783065855,0.697986577181208,0.15217391304347827,0
2086,57.0,Regular,Clothing,Upi,4990.4,0.16,561,0.8611111111111112,0.06417112299465241,3.4444444444444446,0.2222222222222222,0
2087,67.0,New,Furniture,Net Banking,39468.28,42.78,720,0.39473684210526316,0.05277777777777778,1.3015873015873016,0.39473684210526316,0
2088,38.0,Premium,Furniture,Debit Card,4279.82,22.45,1242,0.16,0.040257648953301126,0.3359683794466403,0.06,0
2089,41.0,New,Furniture,Credit Card,17397.62,12.98,495,1.0,0.014141414141414142,0.8497409326424871,0.14285714285714285,0
2090,64.0,Premium,Electronics,Net Banking,39445.01,21.76,989,0.6842105263157895,0.019211324570273004,1.0421052631578946,0.42105263157894735,0
2091,27.0,Regular,Electronics,Upi,5536.41,23.03,816,0.10344827586206896,0.03553921568627451,4.03125,0.4827586206896552,0
2092,69.0,Inactive,Groceries,Credit Card,49747.94,37.63,1026,0.37142857142857144,0.0341130604288499,0.6923076923076923,0.02857142857142857,0
2093,38.0,Regular,Furniture,Upi,38927.68,44.43,1475,1.0,0.0013559322033898306,0.125,4.5,0
2094,47.0,New,Electronics,Credit Card,25545.48,16.62,953,0.5454545454545454,0.011542497376705142,0.8712871287128713,1.4545454545454546,0
2095,29.0,New,Books,Net Banking,49853.07,22.43,1366,0.0,0.014641288433382138,0.29545454545454547,0.2,1
2096,42.0,Premium,Groceries,Net Banking,43053.51,35.32,885,0.6,0.005649717514124294,0.3103448275862069,3.4,0
2097,62.0,Regular,Furniture,Upi,11285.46,26.45,1405,0.0,0.006405693950177936,0.47104247104247104,2.111111111111111,0
2098,62.0,Regular,Furniture,Upi,49685.58,29.57,1622,0.6176470588235294,0.02096177558569667,0.38333333333333336,0.029411764705882353,0
2099,33.0,Premium,Groceries,Debit Card,34521.56,47.18,1213,0.5,0.0016488046166529267,0.6387096774193548,2.0,0
2100,44.0,Regular,Furniture,Cash,21738.68,12.87,1541,0.7241379310344828,0.01881894873458793,16.2,0.20689655172413793,0
2101,38.0,New,Electronics,Debit Card,23947.65,29.77,355,0.4583333333333333,0.1352112676056338,0.5378151260504201,0.20833333333333334,0
2102,45.0,Inactive,Sports,Debit Card,12441.38,39.06,1791,0.5,0.0011166945840312675,0.2857142857142857,2.5,0
2103,43.0,New,Sports,Credit Card,9422.99,35.31,247,0.5,0.05668016194331984,1.8333333333333333,0.2857142857142857,0
2104,44.0,New,Books,Upi,32736.82,24.5,366,0.125,0.06557377049180328,0.09967845659163987,0.625,1
2105,21.0,Premium,Furniture,Debit Card,18911.47,14.45,96,1.0,0.3645833333333333,0.3674911660777385,0.5142857142857142,0
2106,41.0,Premium,Books,Credit Card,47790.02,0.39,1559,0.0,0.01796023091725465,0.15333333333333332,0.17857142857142858,0
2107,44.0,New,Electronics,Net Banking,49845.75,44.52,1727,0.5714285714285714,0.004053271569195136,1.831578947368421,1.7142857142857142,0
2108,22.0,New,Furniture,Debit Card,43483.4,22.53,942,0.5,0.0021231422505307855,5.6,1.0,0
2109,67.0,Regular,Sports,Net Banking,47097.43,14.56,405,1.0,0.0024691358024691358,0.5294117647058824,5.0,0
2110,34.0,New,Furniture,Net Banking,42714.17,43.15,917,0.5333333333333333,0.016357688113413305,0.18141592920353983,1.2,1
2111,33.0,Premium,Furniture,Credit Card,47916.18,1.63,350,0.5333333333333333,0.04285714285714286,0.9509803921568627,0.6666666666666666,0
2112,40.0,Regular,Electronics,Credit Card,30379.35,36.91,1582,0.9777777777777777,0.028445006321112517,0.28448275862068967,0.3111111111111111,0
2113,49.0,New,Books,Credit Card,8423.23,28.63,641,0.8333333333333334,0.0093603744149766,0.2864321608040201,1.8333333333333333,1
2114,67.0,New,Electronics,Credit Card,41607.04,35.93,959,0.5555555555555556,0.009384775808133473,0.4396551724137931,2.2222222222222223,0
2115,28.0,Inactive,Clothing,Upi,48872.91,29.41,77,0.782608695652174,0.2987012987012987,1.1764705882352942,0.8695652173913043,0
2116,46.0,New,Books,Upi,22025.03,40.8,1763,0.6571428571428571,0.019852524106636415,0.8930232558139535,0.42857142857142855,0
2117,19.0,Premium,Furniture,Credit Card,33422.81,46.12,411,0.0,0.0024330900243309003,0.15172413793103448,19.0,1
2118,67.0,Regular,Books,Cash,44164.78,11.91,100,0.85,0.2,4.235294117647059,0.4,0
2119,44.0,Premium,Electronics,Upi,47877.36,12.36,167,0.30434782608695654,0.1377245508982036,0.02247191011235955,0.21739130434782608,0
2120,20.0,Regular,Sports,Debit Card,17530.6,48.67,702,0.45454545454545453,0.03133903133903134,2.694915254237288,0.3181818181818182,0
2121,68.0,Regular,Books,Debit Card,29254.32,40.66,1576,0.7307692307692307,0.01649746192893401,0.25435540069686413,0.23076923076923078,0
2122,67.0,Regular,Electronics,Credit Card,42565.19,19.71,1692,0.21052631578947367,0.011229314420803783,1.8095238095238095,0.6842105263157895,0
2123,52.0,Regular,Furniture,Debit Card,37150.74,49.99,215,0.3541666666666667,0.22325581395348837,0.2689075630252101,0.08333333333333333,0
2124,28.0,Premium,Groceries,Credit Card,17000.32,29.92,145,0.78,0.3448275862068966,0.9751552795031055,0.38,0
2125,25.0,Regular,Groceries,Credit Card,10305.35,24.06,164,0.3076923076923077,0.15853658536585366,0.949685534591195,0.4230769230769231,0
2126,18.0,Premium,Furniture,Cash,43414.73,32.05,1661,0.42,0.030102347983142687,0.18275862068965518,0.28,0
2127,24.0,Premium,Electronics,Upi,22593.76,35.15,292,0.2692307692307692,0.08904109589041095,2.3846153846153846,0.4230769230769231,0
2128,45.0,New,Groceries,Credit Card,33555.1,25.43,1466,0.1,0.0068212824010914054,0.3170731707317073,1.2,1
2129,19.0,Premium,Groceries,Upi,11814.15,0.23,1821,0.34,0.027457440966501923,0.13486842105263158,0.34,0
2130,44.0,Premium,Clothing,Credit Card,35404.95,3.14,680,0.45454545454545453,0.016176470588235296,0.16666666666666666,0.9090909090909091,1
2131,24.0,Regular,Sports,Credit Card,7408.91,29.09,1089,0.84,0.04591368227731864,1.4259259259259258,0.14,0
2132,46.0,Inactive,Groceries,Credit Card,7413.05,23.31,221,0.1951219512195122,0.18552036199095023,1.476923076923077,0.1951219512195122,0
2133,50.0,Regular,Sports,Credit Card,31599.99,33.77,649,0.29411764705882354,0.026194144838212634,0.3871866295264624,0.17647058823529413,0
2134,67.0,New,Groceries,Credit Card,21855.39,31.7,1236,0.3333333333333333,0.0024271844660194173,0.17288135593220338,2.0,1
2135,55.0,New,Groceries,Net Banking,18219.44,30.88,1392,1.0,0.005028735632183908,1.4333333333333333,1.4285714285714286,0
2136,36.0,Regular,Electronics,Debit Card,17010.41,25.17,1728,0.9705882352941176,0.019675925925925927,1.0271739130434783,0.47058823529411764,0
2137,65.0,Premium,Books,Credit Card,35123.8,35.53,1544,0.23809523809523808,0.013601036269430052,0.14285714285714285,0.5714285714285714,1
2138,50.0,New,Groceries,Upi,33093.88,38.95,194,0.5555555555555556,0.04639175257731959,0.42473118279569894,0.6666666666666666,1
2139,68.0,New,Electronics,Credit Card,25545.48,9.18,752,0.9444444444444444,0.047872340425531915,0.016666666666666666,0.08333333333333333,0
2140,64.0,Premium,Books,Cash,22637.5,27.62,56,0.25,0.35714285714285715,1.556701030927835,0.4,0
2141,23.0,Premium,Clothing,Cash,4815.88,28.49,1468,0.0,0.01226158038147139,1.7,0.0,0
2142,59.0,New,Electronics,Credit Card,22447.51,6.72,1219,0.4666666666666667,0.03691550451189499,0.004878048780487805,0.17777777777777778,0
2143,41.0,Regular,Electronics,Credit Card,24122.1,14.25,132,0.8,0.03787878787878788,0.23809523809523808,1.4,0
2144,65.0,Inactive,Clothing,Debit Card,18851.41,10.04,1742,0.3125,0.009184845005740528,0.14465408805031446,0.25,1
2145,47.0,Premium,Furniture,Net Banking,19424.91,0.29,1025,0.26666666666666666,0.014634146341463415,4.5,0.0,0
2146,60.0,Regular,Groceries,Credit Card,20311.55,46.17,830,0.7222222222222222,0.021686746987951807,0.06976744186046512,0.8333333333333334,1
2147,44.0,New,Sports,Debit Card,1011.01,28.62,897,0.2608695652173913,0.02564102564102564,1.017094017094017,0.21739130434782608,0
2148,23.0,New,Sports,Credit Card,42940.79,33.66,1346,0.1,0.007429420505200594,0.4811320754716981,1.3,0
2149,68.0,Regular,Sports,Upi,48267.38,14.98,595,0.5,0.010084033613445379,1.7864077669902914,0.5,0
2150,70.0,Premium,Sports,Net Banking,23258.45,23.2,890,0.38461538461538464,0.014606741573033709,0.2958579881656805,1.2307692307692308,1
2151,66.0,New,Books,Debit Card,10817.2,12.55,907,0.044444444444444446,0.04961411245865491,0.31333333333333335,0.4222222222222222,0
2152,69.0,New,Groceries,Cash,5454.3,27.52,1186,0.8636363636363636,0.01854974704890388,2.090909090909091,0.6818181818181818,0
2153,30.0,Regular,Sports,Debit Card,2538.23,8.44,1610,0.3333333333333333,0.007453416149068323,0.1986062717770035,1.1666666666666667,1
2154,35.0,New,Electronics,Cash,13799.08,21.42,553,0.8,0.027124773960216998,0.29651162790697677,1.0666666666666667,0
2155,46.0,Premium,Electronics,Credit Card,43770.25,38.64,886,0.5217391304347826,0.025959367945823927,1.0052631578947369,0.30434782608695654,0
2156,53.0,Premium,Clothing,Cash,23646.72,9.89,54,0.08888888888888889,0.8333333333333334,0.8430493273542601,0.17777777777777778,0
2157,18.0,Regular,Furniture,Debit Card,31478.16,15.65,510,0.5454545454545454,0.043137254901960784,0.32608695652173914,0.09090909090909091,0
2158,38.0,Inactive,Electronics,Credit Card,29286.78,11.02,654,1.0,0.0045871559633027525,0.072992700729927,2.6666666666666665,1
2159,49.0,Premium,Clothing,Net Banking,23052.73,47.81,134,0.4,0.11194029850746269,0.2537313432835821,0.5333333333333333,1
2160,43.0,Premium,Furniture,Net Banking,22842.93,32.59,299,0.5306122448979592,0.16387959866220736,0.5944444444444444,0.16326530612244897,0
2161,61.0,Regular,Groceries,Net Banking,46268.51,45.07,793,0.1388888888888889,0.04539722572509458,2.7142857142857144,0.25,0
2162,70.0,Inactive,Furniture,Credit Card,46949.93,7.46,1621,0.0,0.001850709438618137,0.7336065573770492,1.6666666666666667,0
2163,51.0,Regular,Electronics,Debit Card,22993.89,42.06,774,0.4,0.05813953488372093,0.34375,0.0,0
2164,44.0,Premium,Groceries,Debit Card,11780.73,12.4,85,0.3333333333333333,0.03529411764705882,0.7956204379562044,6.0,0
2165,43.0,Inactive,Groceries,Credit Card,10944.02,40.87,404,0.813953488372093,0.10643564356435643,0.743801652892562,0.06976744186046512,0
2166,65.0,New,Groceries,Net Banking,45605.62,32.12,1355,0.9032258064516129,0.022878228782287822,3.761904761904762,0.0,0
2167,50.0,Regular,Clothing,Cash,38116.41,33.81,879,0.3939393939393939,0.03754266211604096,4.166666666666667,0.45454545454545453,0
2168,31.0,Inactive,Books,Credit Card,34970.59,34.68,1549,0.5454545454545454,0.0071013557133634605,0.751937984496124,1.3636363636363635,0
2169,38.0,Premium,Books,Debit Card,32021.63,28.55,1356,0.06976744186046512,0.03171091445427729,0.4305555555555556,0.32558139534883723,0
2170,53.0,Premium,Furniture,Credit Card,34298.3,22.14,1591,0.19230769230769232,0.016341923318667503,0.48325358851674644,0.23076923076923078,0
2171,22.0,Premium,Furniture,Net Banking,44867.52,0.74,1748,0.25,0.02517162471395881,1.505050505050505,0.4090909090909091,0
2172,57.0,Inactive,Furniture,Debit Card,46559.19,24.53,1612,0.5714285714285714,0.021712158808933003,0.1388888888888889,0.37142857142857144,0
2173,69.0,New,Electronics,Debit Card,37008.12,46.1,381,0.6333333333333333,0.07874015748031496,0.3978102189781022,0.3,0
2174,43.0,Regular,Electronics,Cash,10709.22,34.77,1609,0.0,0.001243008079552517,0.64,3.5,0
2175,33.0,Regular,Sports,Upi,30274.45,0.96,950,0.9512195121951219,0.0431578947368421,0.6344827586206897,0.43902439024390244,0
2176,19.0,Inactive,Electronics,Debit Card,31038.05,40.98,1273,0.4,0.003927729772191673,0.21777777777777776,0.0,1
2177,51.0,Regular,Clothing,Credit Card,45666.91,37.12,1633,0.08333333333333333,0.02204531537048377,1.1818181818181819,0.19444444444444445,0
2178,44.0,New,Sports,Cash,6026.48,23.57,585,0.6857142857142857,0.05982905982905983,33.0,0.5714285714285714,0
2179,60.0,Inactive,Electronics,Debit Card,44209.9,26.39,1611,0.9090909090909091,0.013656114214773432,1.0,0.5454545454545454,0
2180,55.0,Inactive,Furniture,Net Banking,16764.09,9.99,141,0.0,0.0425531914893617,0.8652173913043478,0.16666666666666666,0
2181,56.0,New,Sports,Net Banking,2605.3,43.99,94,1.0,0.2127659574468085,0.0761904761904762,0.8,0
2182,51.0,New,Electronics,Debit Card,7936.02,8.28,1735,0.7692307692307693,0.014985590778097982,0.6619718309859155,0.19230769230769232,0
2183,37.0,Regular,Books,Cash,33195.41,0.96,724,1.0,0.0027624309392265192,1.75,8.0,0
2184,54.0,Inactive,Sports,Cash,31751.62,4.44,1433,0.43333333333333335,0.0209351011863224,0.6465116279069767,0.0,0
2185,25.0,Premium,Electronics,Credit Card,20604.15,6.62,521,0.25806451612903225,0.05950095969289827,0.03146853146853147,0.5161290322580645,0
2186,57.0,New,Electronics,Debit Card,37991.79,8.76,477,0.4146341463414634,0.0859538784067086,0.23148148148148148,0.1951219512195122,0
2187,38.0,Inactive,Sports,Credit Card,32275.29,16.7,395,0.0,0.030379746835443037,0.6529850746268657,1.25,0
2188,18.0,Inactive,Sports,Credit Card,15263.7,32.88,1229,0.9,0.008136696501220505,0.2916666666666667,1.3,1
2189,23.0,Regular,Groceries,Credit Card,12807.88,9.13,541,0.5,0.04436229205175601,1.0656934306569343,0.5833333333333334,0
2190,57.0,Inactive,Books,Credit Card,538.07,45.91,1759,0.3448275862068966,0.01648664013644116,0.41721854304635764,0.41379310344827586,0
2191,66.0,Premium,Groceries,Net Banking,11504.14,38.2,1699,0.9565217391304348,0.01353737492642731,0.9847328244274809,0.08695652173913043,0
2192,46.0,Regular,Sports,Credit Card,48559.42,43.69,273,1.0,0.007326007326007326,0.19444444444444445,8.0,1
2193,40.0,New,Groceries,Debit Card,26129.65,13.82,290,0.25,0.05517241379310345,0.2821917808219178,0.8125,0
2194,32.0,Premium,Groceries,Cash,40436.46,30.22,180,0.34615384615384615,0.14444444444444443,0.425,0.5,0
2195,26.0,Inactive,Clothing,Debit Card,40921.53,48.39,410,0.08108108108108109,0.09024390243902439,0.13157894736842105,0.10810810810810811,0
2196,56.0,New,Electronics,Upi,48081.68,28.18,178,0.5454545454545454,0.06179775280898876,0.045454545454545456,1.0909090909090908,0
2197,47.0,Inactive,Groceries,Credit Card,9862.62,17.24,1234,0.8333333333333334,0.009724473257698542,0.48562300319488816,1.5833333333333333,0
2198,65.0,Regular,Clothing,Net Banking,37699.03,36.74,953,0.6666666666666666,0.022035676810073453,0.697560975609756,0.7619047619047619,0
2199,57.0,Regular,Books,Net Banking,1111.69,6.07,1805,0.03571428571428571,0.01551246537396122,1.0305343511450382,0.17857142857142858,0
2200,69.0,Inactive,Books,Credit Card,5234.46,10.01,288,0.125,0.05555555555555555,0.7047970479704797,0.375,0
2201,43.0,Premium,Electronics,Credit Card,14834.85,2.48,1750,0.6,0.002857142857142857,0.5295857988165681,2.8,0
2202,57.0,Regular,Sports,Debit Card,33236.08,42.65,645,0.09523809523809523,0.06511627906976744,1.2876712328767124,0.42857142857142855,0
2203,25.0,Regular,Furniture,Credit Card,25037.45,7.62,1241,0.21621621621621623,0.029814665592264304,0.4294478527607362,0.40540540540540543,0
2204,57.0,New,Sports,Credit Card,41724.75,19.19,704,0.42857142857142855,0.029829545454545456,2.3292682926829267,0.19047619047619047,0
2205,57.0,Premium,Furniture,Upi,12059.85,41.58,1276,0.5,0.009404388714733543,9.125,1.25,0
2206,69.0,Inactive,Clothing,Cash,45334.33,20.03,1785,0.05555555555555555,0.020168067226890758,0.6815068493150684,0.4722222222222222,0
2207,41.0,New,Electronics,Cash,4716.17,32.94,866,1.0,0.0011547344110854503,1.2777777777777777,0.0,0
2208,44.0,New,Groceries,Credit Card,16993.67,24.01,664,0.4864864864864865,0.05572289156626506,0.562874251497006,0.5405405405405406,0
2209,33.0,New,Clothing,Cash,35685.65,15.9,1297,0.875,0.006168080185042405,4.447368421052632,0.75,0
2210,38.0,Premium,Electronics,Upi,25061.93,24.79,157,0.75,0.025477707006369428,0.1337386018237082,0.5,1
2211,32.0,Premium,Books,Cash,38208.86,8.97,1509,1.0,0.024519549370444003,1.5833333333333333,0.2702702702702703,0
2212,22.0,Regular,Furniture,Debit Card,10072.12,22.98,593,0.5806451612903226,0.05227655986509275,0.7857142857142857,0.16129032258064516,0
2213,46.0,New,Furniture,Credit Card,39096.67,24.67,1616,1.0,0.0006188118811881188,8.142857142857142,17.0,0
2214,32.0,Premium,Electronics,Net Banking,41928.56,20.68,1319,0.08888888888888889,0.03411675511751327,5.0,0.4222222222222222,0
2215,20.0,Regular,Electronics,Credit Card,34906.29,48.05,578,0.7096774193548387,0.05363321799307959,1.6046511627906976,0.5806451612903226,0
2216,40.0,Regular,Clothing,Upi,30448.42,3.67,1145,0.6666666666666666,0.0026200873362445414,0.7197802197802198,0.0,0
2217,65.0,Premium,Groceries,Cash,13398.32,35.92,1394,0.2413793103448276,0.02080344332855093,0.31761006289308175,0.3793103448275862,0
2218,25.0,Premium,Sports,Credit Card,41152.28,0.13,1498,0.46875,0.021361815754339118,0.02054794520547945,0.5625,0
2219,37.0,Regular,Electronics,Credit Card,14176.43,0.92,196,0.2571428571428571,0.17857142857142858,1.2109375,0.4857142857142857,0
2220,69.0,Premium,Sports,Net Banking,29634.03,19.68,791,0.21428571428571427,0.017699115044247787,2.3734939759036147,0.07142857142857142,0
2221,70.0,New,Groceries,Net Banking,47451.72,31.42,1123,0.9545454545454546,0.039180765805877114,0.5365168539325843,0.0,0
2222,52.0,Premium,Groceries,Cash,8293.67,34.89,453,0.6190476190476191,0.046357615894039736,2.0851063829787235,0.42857142857142855,0
2223,31.0,Regular,Sports,Debit Card,7041.48,2.77,1770,0.3333333333333333,0.015254237288135594,1.5816326530612246,0.5185185185185185,0
2224,19.0,New,Electronics,Net Banking,25545.48,21.6,117,0.7142857142857143,0.4188034188034188,5.909090909090909,0.3877551020408163,0
2225,56.0,Premium,Sports,Debit Card,6315.48,34.96,191,0.391304347826087,0.24083769633507854,2.8958333333333335,0.43478260869565216,0
2226,23.0,Inactive,Books,Net Banking,40632.47,18.93,723,0.4,0.013831258644536652,1.72,1.7,0
2227,53.0,Regular,Electronics,Credit Card,12427.96,32.91,634,0.46153846153846156,0.04100946372239748,2.6379310344827585,0.7692307692307693,0
2228,44.0,Premium,Electronics,Debit Card,11681.57,45.25,774,0.7142857142857143,0.027131782945736434,0.005747126436781609,0.7142857142857143,1
2229,44.0,Regular,Groceries,Debit Card,35062.08,39.5,193,0.851063829787234,0.24352331606217617,0.6373626373626373,0.0851063829787234,0
2230,46.0,Regular,Groceries,Debit Card,4134.72,30.88,892,0.75,0.053811659192825115,1.0747126436781609,0.14583333333333334,0
2231,68.0,New,Groceries,Credit Card,43702.59,8.99,774,0.6666666666666666,0.011627906976744186,1.0714285714285714,2.0,0
2232,32.0,Premium,Sports,Net Banking,4146.79,26.73,948,0.6,0.026371308016877638,3.7777777777777777,0.44,0
2233,18.0,New,Furniture,Upi,2896.73,46.41,840,0.038461538461538464,0.030952380952380953,3.740740740740741,0.2692307692307692,0
2234,33.0,Premium,Groceries,Debit Card,6898.65,26.55,1745,1.0,0.0017191977077363897,0.06990881458966565,6.666666666666667,1
2235,18.0,Inactive,Electronics,Debit Card,43049.26,29.33,1338,0.0,0.0007473841554559044,0.10197368421052631,5.0,1
2236,19.0,Regular,Electronics,Cash,30611.35,16.95,987,0.5,0.002026342451874367,0.14730878186968838,7.0,1
2237,62.0,Regular,Books,Upi,28936.67,41.22,118,1.0,0.06779661016949153,0.05472636815920398,0.125,1
2238,26.0,Regular,Books,Credit Card,46755.02,33.08,683,0.25,0.04685212298682284,0.5303030303030303,0.625,0
2239,36.0,Inactive,Clothing,Credit Card,14623.01,16.47,1321,0.7777777777777778,0.03406510219530658,0.09090909090909091,0.06666666666666667,0
2240,53.0,New,Furniture,Upi,17719.11,17.52,845,0.96,0.029585798816568046,0.6697247706422018,0.36,0
2241,43.0,Premium,Furniture,Upi,18864.24,6.17,808,0.45454545454545453,0.054455445544554455,0.40189873417721517,0.022727272727272728,0
2242,18.0,New,Electronics,Debit Card,42097.64,15.48,949,0.0,0.02845100105374078,0.03686635944700461,0.5185185185185185,0
2243,58.0,New,Groceries,Credit Card,6988.55,17.67,175,0.5,0.011428571428571429,2.8484848484848486,8.0,0
2244,41.0,Inactive,Electronics,Credit Card,22340.34,33.97,677,0.6,0.007385524372230428,0.0736196319018405,2.6,1
2245,45.0,Regular,Furniture,Debit Card,28818.04,18.67,532,0.06896551724137931,0.05451127819548872,0.717391304347826,0.3103448275862069,0
2246,55.0,Regular,Groceries,Credit Card,13634.74,35.48,1422,0.35135135135135137,0.026019690576652602,1.3823529411764706,0.2972972972972973,0
2247,69.0,New,Furniture,Cash,16306.24,23.01,1208,1.0,0.0033112582781456954,0.6428571428571429,0.5,0
2248,52.0,New,Sports,Credit Card,42456.81,20.23,1164,0.6,0.01718213058419244,1.0,0.5,0
2249,33.0,Regular,Sports,Credit Card,24997.36,31.36,796,0.8974358974358975,0.048994974874371856,0.41114982578397213,0.3076923076923077,0
2250,61.0,Premium,Books,Credit Card,48543.17,49.69,1140,1.0,0.010526315789473684,0.3455056179775281,1.25,0
2251,34.0,Premium,Books,Net Banking,5462.95,9.28,525,0.6428571428571429,0.08,11.071428571428571,0.2619047619047619,0
2252,31.0,Premium,Sports,Upi,30383.37,23.95,622,0.782608695652174,0.07395498392282958,0.1,0.13043478260869565,0
2253,34.0,Premium,Books,Cash,46117.19,16.11,1790,0.6666666666666666,0.02011173184357542,1.2142857142857142,0.3888888888888889,0
2254,55.0,Regular,Electronics,Net Banking,23933.19,11.84,1806,0.7931034482758621,0.016057585825027684,0.11263736263736264,0.2413793103448276,0
2255,39.0,Premium,Electronics,Upi,34457.52,1.08,1293,0.125,0.01237432327919567,1.3265306122448979,0.0,0
2256,30.0,Premium,Furniture,Net Banking,15020.09,100.0,335,1.0,0.05373134328358209,0.8300653594771242,0.1111111111111111,0
2257,56.0,Inactive,Groceries,Upi,41083.98,43.1,147,0.18181818181818182,0.14965986394557823,0.40828402366863903,0.45454545454545453,0
2258,46.0,New,Furniture,Credit Card,30662.92,3.47,1497,0.022222222222222223,0.03006012024048096,0.20141342756183744,0.06666666666666667,0
2259,43.0,Regular,Clothing,Net Banking,8158.91,38.67,950,0.18181818181818182,0.04631578947368421,0.7252252252252253,0.09090909090909091,0
2260,47.0,Regular,Clothing,Debit Card,21001.29,36.3,1525,0.6,0.003278688524590164,0.025069637883008356,2.4,1
2261,48.0,New,Electronics,Upi,28146.33,2.62,377,0.6428571428571429,0.03713527851458886,0.04639175257731959,0.7142857142857143,1
2262,57.0,Regular,Electronics,Credit Card,14739.37,36.4,300,0.4634146341463415,0.13666666666666666,8.2,0.36585365853658536,0
2263,49.0,Premium,Sports,Net Banking,43492.84,23.66,890,0.6428571428571429,0.04719101123595506,0.6914893617021277,0.11904761904761904,0
2264,26.0,Inactive,Electronics,Net Banking,41605.12,0.69,1386,0.21428571428571427,0.020202020202020204,3.0,0.42857142857142855,0
2265,40.0,Regular,Groceries,Cash,4013.2,28.68,1230,0.6595744680851063,0.038211382113821135,0.5912408759124088,0.40425531914893614,0
2266,31.0,New,Clothing,Debit Card,35099.65,28.54,1754,0.8947368421052632,0.021664766248574687,0.7710843373493976,0.47368421052631576,0
2267,56.0,Regular,Furniture,Debit Card,25551.26,1.72,1253,0.0,0.03671189146049481,0.25471698113207547,0.21739130434782608,0
2268,62.0,Premium,Books,Debit Card,38866.34,21.83,1239,0.8518518518518519,0.021791767554479417,0.2972972972972973,0.14814814814814814,0
2269,34.0,Premium,Electronics,Cash,8268.95,27.4,1805,0.14285714285714285,0.003878116343490305,0.37950138504155123,2.857142857142857,0
2270,24.0,Inactive,Clothing,Cash,46672.89,11.4,952,0.3055555555555556,0.037815126050420166,0.2222222222222222,0.05555555555555555,0
2271,45.0,Premium,Clothing,Cash,48622.37,35.16,360,0.2894736842105263,0.10555555555555556,0.8205128205128205,0.23684210526315788,0
2272,39.0,New,Sports,Credit Card,34956.12,3.21,293,1.0,0.11262798634812286,0.7566539923954373,0.48484848484848486,0
2273,31.0,New,Sports,Upi,32622.11,2.89,1099,0.11428571428571428,0.03184713375796178,0.41543026706231456,0.2571428571428571,0
2274,21.0,Premium,Sports,Net Banking,35046.44,12.77,1561,0.3076923076923077,0.008327994875080076,0.2887537993920973,0.9230769230769231,1
2275,54.0,Regular,Groceries,Debit Card,37775.4,16.23,1191,1.0,0.0016792611251049538,0.8,7.0,0
2276,67.0,Regular,Sports,Upi,12451.37,0.19,1676,0.34285714285714286,0.020883054892601432,0.3584905660377358,0.11428571428571428,0
2277,25.0,New,Electronics,Credit Card,44062.82,20.86,887,0.0,0.04171364148816235,0.5228426395939086,0.10810810810810811,0
2278,38.0,Regular,Sports,Net Banking,34377.0,20.32,846,0.7241379310344828,0.034278959810874705,0.5944055944055944,0.5172413793103449,0
2279,38.0,Regular,Groceries,Credit Card,5443.87,48.3,44,0.34782608695652173,0.5227272727272727,0.9236641221374046,0.5652173913043478,0
2280,21.0,New,Groceries,Credit Card,26290.47,40.46,761,0.9545454545454546,0.02890932982917214,0.125,0.4090909090909091,1
2281,22.0,New,Groceries,Net Banking,16592.26,7.7,1235,0.11764705882352941,0.013765182186234818,0.5909090909090909,0.47058823529411764,0
2282,57.0,Regular,Electronics,Upi,40182.94,41.66,64,0.8,0.15625,1.3076923076923077,1.3,0
2283,50.0,Regular,Books,Debit Card,43429.52,36.51,123,0.8387096774193549,0.25203252032520324,0.02586206896551724,0.22580645161290322,0
2284,57.0,Regular,Electronics,Credit Card,25878.38,20.56,1137,0.7857142857142857,0.012313104661389622,0.1348314606741573,0.7142857142857143,0
2285,57.0,Regular,Electronics,Credit Card,38954.52,13.9,1225,0.9487179487179487,0.03183673469387755,1.5277777777777777,0.20512820512820512,0
2286,67.0,Inactive,Electronics,Upi,24043.7,24.24,343,0.4358974358974359,0.11370262390670553,0.423728813559322,0.10256410256410256,0
2287,53.0,Premium,Clothing,Net Banking,19767.41,13.52,449,0.041666666666666664,0.053452115812917596,11.0,0.4166666666666667,0
2288,40.0,New,Clothing,Cash,48697.29,0.71,544,0.42424242424242425,0.06066176470588235,0.7757575757575758,0.6060606060606061,0
2289,61.0,Regular,Furniture,Cash,38182.78,2.26,543,0.24390243902439024,0.07550644567219153,0.3293768545994065,0.0,0
2290,35.0,Inactive,Books,Upi,40170.82,48.47,1096,0.3333333333333333,0.002737226277372263,0.7472527472527473,6.333333333333333,0
2291,35.0,New,Clothing,Net Banking,8101.46,11.37,615,0.7,0.032520325203252036,0.6608996539792388,0.7,0
2292,44.0,New,Groceries,Upi,18582.33,47.43,1541,0.8,0.025957170668397145,0.23738872403560832,0.05,0
2293,35.0,Premium,Clothing,Net Banking,25292.58,37.73,1680,1.0,0.0005952380952380953,2.328358208955224,10.0,0
2294,35.0,Inactive,Groceries,Cash,12612.28,38.32,768,1.0,0.014322916666666666,1.264367816091954,0.0,0
2295,64.0,New,Sports,Debit Card,37958.83,8.29,232,0.825,0.1724137931034483,0.5740740740740741,0.225,0
2296,46.0,Premium,Groceries,Credit Card,9498.77,29.52,1692,0.4230769230769231,0.015366430260047281,0.4896142433234421,0.07692307692307693,0
2297,51.0,New,Furniture,Upi,7904.28,38.95,1305,0.5757575757575758,0.02528735632183908,0.4744897959183674,0.30303030303030304,0
2298,53.0,Premium,Groceries,Credit Card,12160.54,23.01,952,0.7,0.01050420168067227,0.7702702702702703,2.0,0
2299,57.0,Inactive,Electronics,Upi,44253.22,11.4,677,0.0,0.014771048744460856,0.4224137931034483,0.1,0
2300,70.0,New,Sports,Cash,22677.04,33.55,691,0.6829268292682927,0.059334298118668596,0.254416961130742,0.34146341463414637,0
2301,63.0,Premium,Sports,Net Banking,21325.6,15.7,1137,0.06896551724137931,0.025505716798592787,1.4615384615384615,0.5517241379310345,0
2302,57.0,New,Sports,Cash,23407.06,3.32,148,0.5,0.0945945945945946,0.056856187290969896,0.7142857142857143,1
2303,53.0,Regular,Groceries,Net Banking,49384.53,38.11,460,0.7575757575757576,0.07173913043478261,0.3105590062111801,0.15151515151515152,0
2304,50.0,New,Furniture,Credit Card,20845.73,26.26,339,0.41379310344827586,0.0855457227138643,0.0625,0.5172413793103449,0
2305,33.0,New,Sports,Credit Card,9430.13,46.78,1150,0.7142857142857143,0.00608695652173913,0.45321637426900585,0.0,0
2306,69.0,Premium,Electronics,Net Banking,32528.51,27.0,1600,0.16216216216216217,0.023125,0.30303030303030304,0.5405405405405406,0
2307,26.0,Inactive,Books,Net Banking,848.62,20.09,1230,0.09375,0.026016260162601626,0.032679738562091505,0.09375,0
2308,26.0,New,Books,Debit Card,29679.25,7.2,1476,0.3,0.006775067750677507,0.5492957746478874,0.7,0
2309,50.0,Inactive,Clothing,Upi,45154.95,46.07,1035,0.05128205128205128,0.03768115942028986,1.464,0.2564102564102564,0
2310,38.0,New,Furniture,Net Banking,43181.48,39.15,57,0.4074074074074074,0.47368421052631576,0.4224137931034483,0.37037037037037035,0
2311,69.0,New,Clothing,Upi,5527.29,8.54,726,0.4166666666666667,0.06611570247933884,0.1661721068249258,0.0625,0
2312,58.0,Inactive,Books,Credit Card,16255.44,33.81,1104,0.82,0.04528985507246377,5.411764705882353,0.08,0
2313,48.0,New,Clothing,Debit Card,41197.32,13.17,244,0.7391304347826086,0.1885245901639344,0.59375,0.34782608695652173,0
2314,22.0,Premium,Clothing,Cash,47573.2,32.57,1654,0.45161290322580644,0.018742442563482467,0.075,0.12903225806451613,0
2315,38.0,Regular,Groceries,Cash,49528.77,5.69,182,0.9714285714285714,0.19230769230769232,0.5993788819875776,0.34285714285714286,0
2316,65.0,Inactive,Sports,Credit Card,43977.9,22.52,505,0.9310344827586207,0.05742574257425743,0.6026200873362445,0.034482758620689655,0
2317,58.0,Inactive,Clothing,Credit Card,21604.41,14.6,1589,0.391304347826087,0.0144745122718691,0.5781990521327014,0.782608695652174,0
2318,32.0,New,Clothing,Debit Card,3786.49,10.9,1583,0.5,0.0012634238787113076,2.2753623188405796,5.0,0
2319,49.0,Inactive,Clothing,Cash,18075.83,47.25,929,0.25,0.008611410118406888,0.6170212765957447,0.625,0
2320,32.0,New,Groceries,Upi,38814.15,10.42,1175,0.1388888888888889,0.030638297872340424,1.75,0.5,0
2321,41.0,Inactive,Electronics,Net Banking,11718.64,15.0,740,0.13333333333333333,0.02027027027027027,0.9792746113989638,0.7333333333333333,0
2322,58.0,New,Clothing,Upi,25545.48,19.45,1763,0.47368421052631576,0.021554169030062395,0.22594142259414227,0.23684210526315788,0
2323,48.0,New,Electronics,Cash,6555.42,37.15,198,0.3829787234042553,0.23737373737373738,0.3129251700680272,0.3617021276595745,0
2324,58.0,Regular,Sports,Credit Card,6187.78,3.18,187,0.25,0.21390374331550802,43.5,0.0,0
2325,50.0,New,Furniture,Debit Card,4054.36,41.71,1397,0.5277777777777778,0.025769506084466716,0.17687074829931973,0.19444444444444445,0
2326,48.0,Premium,Sports,Credit Card,13129.7,28.12,1537,0.47368421052631576,0.0247234873129473,0.351123595505618,0.3684210526315789,0
2327,26.0,Premium,Furniture,Credit Card,14786.47,31.85,899,0.9615384615384616,0.028921023359288096,0.41935483870967744,0.0,0
2328,58.0,Premium,Furniture,Upi,32467.58,19.22,802,0.2553191489361702,0.05860349127182045,0.3125,0.3617021276595745,0
2329,46.0,Premium,Furniture,Upi,19188.92,20.77,1559,0.16666666666666666,0.030788967286722257,0.08968609865470852,0.0,0
2330,43.0,Regular,Electronics,Cash,7154.15,42.45,1235,0.6666666666666666,0.0024291497975708503,0.5303030303030303,2.3333333333333335,0
2331,52.0,Premium,Clothing,Cash,22167.05,21.17,1546,0.46808510638297873,0.03040103492884864,0.9473684210526315,0.3191489361702128,0
2332,19.0,New,Books,Upi,30906.28,16.37,276,0.896551724137931,0.10507246376811594,0.2392638036809816,0.27586206896551724,0
2333,35.0,Premium,Furniture,Upi,10958.79,38.84,768,0.36363636363636365,0.014322916666666666,0.09444444444444444,1.2727272727272727,0
2334,45.0,Premium,Books,Credit Card,40771.03,5.5,807,0.96,0.030978934324659233,0.3248730964467005,0.6,1
2335,31.0,Inactive,Furniture,Upi,18156.86,45.23,1223,0.42857142857142855,0.04006541291905151,0.8010204081632653,0.40816326530612246,0
2336,66.0,Inactive,Electronics,Credit Card,34422.8,18.78,473,0.0625,0.06765327695560254,0.17777777777777778,0.28125,0
2337,68.0,Regular,Electronics,Debit Card,37276.08,16.73,1626,1.0,0.007380073800738007,5.666666666666667,0.5,0
2338,36.0,New,Groceries,Debit Card,7463.75,26.67,990,0.0,0.031313131313131314,0.21454545454545454,0.5806451612903226,0
2339,66.0,Regular,Electronics,Debit Card,46295.0,13.8,1218,0.8823529411764706,0.013957307060755337,0.06162464985994398,0.6470588235294118,1
2340,30.0,Regular,Electronics,Cash,13405.36,39.08,1717,0.875,0.004659289458357601,0.574468085106383,2.0,0
2341,38.0,Premium,Electronics,Net Banking,899.82,0.7,1362,0.6222222222222222,0.03303964757709251,0.4484848484848485,0.15555555555555556,0
2342,45.0,Premium,Furniture,Credit Card,3062.49,26.42,1510,0.0,0.008609271523178808,0.671875,0.07692307692307693,0
2343,62.0,New,Clothing,Debit Card,15944.98,29.11,917,0.3333333333333333,0.006543075245365322,0.1437125748502994,0.3333333333333333,0
2344,48.0,New,Electronics,Net Banking,5642.29,40.01,229,0.8536585365853658,0.17903930131004367,0.5662650602409639,0.04878048780487805,0
2345,20.0,Inactive,Furniture,Net Banking,21450.61,6.44,1364,0.9523809523809523,0.015395894428152493,0.060085836909871244,0.6190476190476191,1
2346,18.0,New,Books,Debit Card,32999.01,12.22,55,0.2894736842105263,0.6909090909090909,2.5945945945945947,0.21052631578947367,0
2347,43.0,Premium,Electronics,Upi,3184.38,47.95,1454,0.8461538461538461,0.008940852819807428,0.38738738738738737,1.5384615384615385,1
2348,19.0,Premium,Electronics,Net Banking,37174.57,4.79,105,0.6842105263157895,0.18095238095238095,0.08860759493670886,0.631578947368421,0
2349,24.0,Premium,Clothing,Debit Card,37057.5,28.32,451,0.6190476190476191,0.04656319290465632,2.5,0.5714285714285714,0
2350,65.0,Premium,Electronics,Credit Card,42717.59,13.89,407,1.0,0.022113022113022112,4.823529411764706,0.7777777777777778,0
2351,60.0,Premium,Groceries,Credit Card,7421.99,1.38,1771,0.96,0.014116318464144552,0.5588235294117647,0.76,0
2352,22.0,Regular,Clothing,Upi,15683.99,11.18,401,0.3142857142857143,0.08728179551122195,0.9615384615384616,0.2,0
2353,51.0,Premium,Books,Debit Card,8337.03,36.65,712,0.7142857142857143,0.019662921348314606,0.6564885496183206,0.9285714285714286,0
2354,26.0,Regular,Electronics,Credit Card,20286.53,38.63,384,0.8181818181818182,0.0859375,1.026143790849673,0.42424242424242425,0
2355,34.0,New,Groceries,Debit Card,10069.67,8.69,925,0.39285714285714285,0.03027027027027027,6.678571428571429,0.6428571428571429,0
2356,66.0,Inactive,Sports,Credit Card,31442.57,43.35,1303,0.7419354838709677,0.023791250959324637,0.568,0.5806451612903226,0
2357,48.0,Regular,Groceries,Cash,5059.7,34.42,1764,0.42,0.02834467120181406,0.5279187817258884,0.22,0
2358,22.0,New,Books,Cash,48041.84,18.49,883,0.04,0.028312570781426953,1.2913385826771653,0.64,0
2359,44.0,Premium,Clothing,Credit Card,39246.44,18.47,620,0.7419354838709677,0.05,0.8125,0.5806451612903226,0
2360,46.0,New,Groceries,Upi,16230.15,11.67,290,0.9361702127659575,0.16206896551724137,1.3457943925233644,0.3829787234042553,0
2361,66.0,New,Groceries,Cash,12867.16,14.48,338,0.6458333333333334,0.14201183431952663,0.5344352617079889,0.25,0
2362,37.0,Regular,Groceries,Cash,8254.38,22.88,1150,0.16666666666666666,0.0052173913043478265,0.540785498489426,2.1666666666666665,0
2363,32.0,Regular,Clothing,Cash,14687.65,27.43,1213,0.3488372093023256,0.03544929925803792,0.7470817120622568,0.3023255813953488,0
2364,19.0,Premium,Groceries,Cash,27150.8,14.8,1276,0.3191489361702128,0.03683385579937304,0.6307053941908713,0.425531914893617,0
2365,66.0,Inactive,Electronics,Upi,25545.48,43.02,1630,0.1111111111111111,0.016564417177914112,0.3739130434782609,0.07407407407407407,0
2366,50.0,New,Electronics,Credit Card,12619.73,24.86,995,0.5,0.0020100502512562816,1.1401869158878504,2.0,0
2367,62.0,Premium,Electronics,Credit Card,27047.12,21.18,821,0.9444444444444444,0.02192448233861145,0.5748987854251012,0.0,0
2368,64.0,Inactive,Clothing,Net Banking,7024.84,6.12,842,0.5,0.009501187648456057,0.6938775510204082,0.75,0
2369,29.0,Inactive,Clothing,Upi,37558.93,49.57,1567,0.4,0.006381620931716656,0.13230769230769232,1.2,1
2370,43.0,Regular,Furniture,Credit Card,23270.47,37.4,470,0.5714285714285714,0.014893617021276596,0.5033333333333333,2.857142857142857,0
2371,43.0,Regular,Furniture,Debit Card,4456.23,33.39,1191,0.5581395348837209,0.03610411418975651,1.7741935483870968,0.3023255813953488,0
2372,47.0,Inactive,Groceries,Upi,49483.94,1.28,481,0.20689655172413793,0.060291060291060294,0.40285714285714286,0.2413793103448276,0
2373,56.0,Premium,Electronics,Debit Card,5818.09,17.5,1192,0.48,0.02097315436241611,0.027303754266211604,0.12,1
2374,56.0,Inactive,Electronics,Net Banking,37840.35,9.73,1393,0.2653061224489796,0.035175879396984924,0.5882352941176471,0.16326530612244897,0
2375,44.0,Inactive,Books,Cash,47871.37,13.68,1147,0.9285714285714286,0.012205754141238012,1.4038461538461537,0.07142857142857142,0
2376,69.0,Premium,Sports,Credit Card,47773.16,43.25,544,0.0,0.007352941176470588,0.6086956521739131,1.5,0
2377,52.0,Premium,Groceries,Credit Card,48778.32,28.92,1767,0.0,0.0005659309564233164,0.4175824175824176,2.0,0
2378,37.0,Premium,Electronics,Credit Card,28310.15,44.09,1561,1.0,0.021780909673286355,0.14485981308411214,0.35294117647058826,0
2379,22.0,Regular,Clothing,Debit Card,6538.7,42.28,1163,0.5,0.008598452278589854,0.6504854368932039,1.6,0
2380,34.0,Premium,Clothing,Credit Card,10275.35,21.27,1024,1.0,0.0205078125,0.3445378151260504,0.8571428571428571,0
2381,55.0,Regular,Furniture,Net Banking,3408.65,16.2,267,1.0,0.09363295880149813,0.10526315789473684,0.08,1
2382,31.0,Premium,Furniture,Cash,15817.14,42.38,1806,0.6590909090909091,0.024363233665559248,3.888888888888889,0.20454545454545456,0
2383,18.0,New,Furniture,Debit Card,4869.11,4.6,679,0.9523809523809523,0.061855670103092786,2.014705882352941,0.3333333333333333,0
2384,26.0,Premium,Books,Debit Card,11049.77,21.81,1791,0.6153846153846154,0.021775544388609715,0.36259541984732824,0.38461538461538464,0
2385,45.0,Inactive,Electronics,Cash,27928.33,48.2,257,0.5625,0.0622568093385214,8.2,0.9375,0
2386,60.0,Premium,Books,Debit Card,49938.41,8.47,128,0.5945945945945946,0.2890625,0.11854103343465046,0.08108108108108109,0
2387,22.0,Premium,Groceries,Credit Card,16909.06,20.55,862,0.42857142857142855,0.016241299303944315,0.3264705882352941,0.35714285714285715,0
2388,53.0,Regular,Groceries,Credit Card,49917.85,8.78,314,0.09090909090909091,0.03503184713375796,0.38095238095238093,0.8181818181818182,0
2389,58.0,Regular,Groceries,Cash,40531.94,46.71,595,0.8085106382978723,0.07899159663865546,0.6276150627615062,0.3617021276595745,0
2390,51.0,Regular,Groceries,Upi,30423.2,25.33,247,0.0,0.10121457489878542,0.18566775244299674,0.04,1
2391,55.0,New,Groceries,Debit Card,46984.46,45.85,328,0.0,0.07926829268292683,0.8785046728971962,0.4230769230769231,0
2392,29.0,Inactive,Sports,Upi,23056.39,19.49,781,0.3333333333333333,0.0076824583866837385,2.8260869565217392,3.3333333333333335,0
2393,19.0,New,Books,Credit Card,24082.34,33.17,1747,1.0,0.0005724098454493417,1.7674418604651163,20.0,0
2394,32.0,New,Furniture,Net Banking,47808.18,21.05,1623,0.7619047619047619,0.025878003696857672,0.7204301075268817,0.023809523809523808,0
2395,69.0,Premium,Electronics,Credit Card,49033.04,20.59,1025,0.4146341463414634,0.04,0.5539568345323741,0.024390243902439025,0
2396,26.0,Premium,Electronics,Credit Card,20678.37,9.61,499,0.3225806451612903,0.06212424849699399,0.5614035087719298,0.3548387096774194,0
2397,27.0,Premium,Electronics,Credit Card,28025.29,14.2,1107,0.4166666666666667,0.01084010840108401,0.26181818181818184,1.25,1
2398,30.0,Inactive,Furniture,Net Banking,15209.43,0.06,1269,0.4358974358974359,0.030732860520094562,0.20833333333333334,0.4358974358974359,0
2399,69.0,Regular,Groceries,Debit Card,35374.29,46.8,682,0.7142857142857143,0.010263929618768328,0.9606741573033708,0.0,0
2400,67.0,Premium,Electronics,Cash,32334.86,29.6,1464,0.14,0.03415300546448088,28.0,0.18,0
2401,60.0,New,Furniture,Credit Card,30140.35,23.22,78,0.0,0.038461538461538464,0.06451612903225806,1.3333333333333333,0
2402,37.0,Inactive,Clothing,Net Banking,47189.5,12.13,1588,0.17391304347826086,0.028967254408060455,3.925,0.21739130434782608,0
2403,24.0,Regular,Groceries,Credit Card,20794.53,22.71,204,0.05555555555555555,0.17647058823529413,0.10248447204968944,0.4722222222222222,0
2404,59.0,Inactive,Furniture,Cash,11552.0,19.28,495,0.0,0.052525252525252523,0.7231638418079096,0.6538461538461539,0
2405,47.0,Inactive,Books,Debit Card,33547.9,4.87,1713,0.5,0.004670169293636894,0.4690265486725664,1.75,0
2406,64.0,Inactive,Furniture,Cash,16287.36,16.6,1201,1.0,0.0008326394671107411,0.536144578313253,15.0,0
2407,44.0,New,Books,Cash,9735.34,44.74,1335,0.7222222222222222,0.01348314606741573,108.0,1.0555555555555556,0
2408,21.0,Regular,Electronics,Upi,30582.98,27.16,709,0.08823529411764706,0.047954866008462625,12.125,0.058823529411764705,0
2409,44.0,Regular,Clothing,Credit Card,37929.23,18.56,939,0.3448275862068966,0.0308839190628328,0.9565217391304348,0.41379310344827586,0
2410,44.0,Regular,Groceries,Debit Card,28226.87,14.94,1330,0.5116279069767442,0.032330827067669175,0.053003533568904596,0.09302325581395349,0
2411,19.0,Regular,Clothing,Debit Card,36282.85,30.8,581,0.8064516129032258,0.05335628227194492,1.9759036144578312,0.6129032258064516,0
2412,37.0,New,Books,Credit Card,16493.88,43.82,522,0.8333333333333334,0.022988505747126436,27.4,0.75,0
2413,44.0,Regular,Electronics,Credit Card,15423.34,0.24,660,0.5,0.021212121212121213,4.176470588235294,0.14285714285714285,0
2414,25.0,Regular,Clothing,Cash,30217.45,16.38,88,0.34615384615384615,0.29545454545454547,0.46551724137931033,0.5384615384615384,0
2415,42.0,New,Furniture,Debit Card,1239.84,13.88,483,0.28,0.051759834368530024,0.6137566137566137,0.04,0
2416,60.0,Inactive,Books,Cash,33945.0,14.56,1131,0.45454545454545453,0.019451812555260833,0.6129032258064516,0.09090909090909091,0
2417,69.0,New,Groceries,Credit Card,2781.46,1.01,1443,0.8,0.010395010395010396,2.1527777777777777,0.8666666666666667,0
2418,57.0,New,Electronics,Debit Card,24525.96,47.56,208,0.0,0.03365384615384615,0.11688311688311688,0.5714285714285714,1
2419,44.0,New,Books,Upi,45306.04,17.96,1267,0.5,0.009471191791633781,1.2258064516129032,0.4166666666666667,0
2420,31.0,Premium,Groceries,Cash,49317.02,40.97,351,0.4666666666666667,0.042735042735042736,3.2941176470588234,0.2,0
2421,44.0,Regular,Furniture,Credit Card,46912.24,17.91,1405,0.52,0.03558718861209965,0.4105263157894737,0.02,0
2422,55.0,Premium,Furniture,Credit Card,32327.85,10.58,1266,0.9375,0.01263823064770932,0.1829652996845426,0.9375,1
2423,21.0,Premium,Sports,Credit Card,9598.45,29.09,407,0.5,0.004914004914004914,0.6342857142857142,1.5,0
2424,39.0,Inactive,Clothing,Credit Card,24865.36,25.71,1519,0.4222222222222222,0.029624753127057275,0.48148148148148145,0.4222222222222222,0
2425,46.0,Inactive,Books,Debit Card,11731.77,14.28,199,0.2,0.05025125628140704,1.0564971751412429,0.6,0
2426,42.0,New,Books,Debit Card,38534.79,14.24,939,0.5142857142857142,0.03727369542066028,0.38860103626943004,0.4,0
2427,18.0,Inactive,Clothing,Net Banking,17960.82,33.88,1051,0.8571428571428571,0.046622264509990484,0.07520891364902507,0.04081632653061224,0
2428,45.0,New,Groceries,Credit Card,17557.74,100.0,84,0.0,0.047619047619047616,0.5873493975903614,3.25,0
2429,68.0,Premium,Furniture,Cash,41157.66,32.4,181,0.5,0.03314917127071823,0.5755102040816327,0.16666666666666666,0
2430,69.0,Premium,Electronics,Credit Card,3927.75,5.69,821,0.875,0.0194884287454324,0.6571428571428571,1.0625,0
2431,58.0,Inactive,Groceries,Net Banking,17097.33,6.77,758,0.07142857142857142,0.018469656992084433,1.7254901960784315,1.0714285714285714,0
2432,55.0,Premium,Books,Upi,19238.26,31.79,481,0.5555555555555556,0.018711018711018712,1.1369863013698631,1.7777777777777777,0
2433,49.0,Premium,Clothing,Upi,30510.56,9.63,1612,0.7,0.00620347394540943,0.38095238095238093,0.7,0
2434,33.0,New,Furniture,Debit Card,7850.88,12.16,925,0.2,0.04864864864864865,0.05307262569832402,0.13333333333333333,0
2435,40.0,New,Groceries,Net Banking,10830.24,48.54,1379,0.15,0.029006526468455404,0.6654545454545454,0.2,0
2436,53.0,Inactive,Groceries,Credit Card,17453.68,3.58,223,0.14814814814814814,0.1210762331838565,0.30857142857142855,0.5925925925925926,0
2437,24.0,Inactive,Books,Debit Card,40818.99,40.19,406,0.5,0.0049261083743842365,2.142857142857143,6.5,0
2438,44.0,Regular,Books,Debit Card,3648.88,7.22,1684,0.4583333333333333,0.014251781472684086,0.7659574468085106,0.4166666666666667,0
2439,33.0,Regular,Sports,Net Banking,16043.76,37.57,933,0.3076923076923077,0.027867095391211148,0.38412698412698415,0.5,0
2440,50.0,Inactive,Groceries,Credit Card,8651.99,40.71,658,0.09090909090909091,0.016717325227963525,0.25,1.0,1
2441,44.0,Regular,Electronics,Upi,29140.43,48.53,1788,0.6296296296296297,0.015100671140939598,0.39069767441860465,0.4444444444444444,0
2442,25.0,Inactive,Electronics,Cash,38412.82,37.53,503,0.18518518518518517,0.0536779324055666,0.8551401869158879,0.5555555555555556,0
2443,65.0,Premium,Furniture,Credit Card,29423.19,10.78,1208,0.06896551724137931,0.024006622516556293,0.19658119658119658,0.13793103448275862,0
2444,25.0,New,Books,Net Banking,18876.78,0.22,1156,0.7209302325581395,0.037197231833910036,0.6710526315789473,0.20930232558139536,0
2445,62.0,Regular,Groceries,Cash,36290.46,23.18,136,0.5625,0.23529411764705882,1.352112676056338,0.09375,0
2446,47.0,Regular,Clothing,Debit Card,30742.72,6.7,425,0.21428571428571427,0.0988235294117647,0.7733333333333333,0.40476190476190477,0
2447,46.0,Premium,Furniture,Credit Card,35306.43,15.83,839,0.6222222222222222,0.05363528009535161,0.6157635467980296,0.26666666666666666,0
2448,30.0,Inactive,Clothing,Credit Card,7460.93,43.14,167,0.0,0.25748502994011974,0.41198501872659177,0.13953488372093023,0
2449,26.0,Premium,Books,Credit Card,44621.39,36.0,824,0.5,0.0048543689320388345,0.2819548872180451,4.0,1
2450,70.0,New,Clothing,Credit Card,49646.14,10.63,1647,0.42857142857142855,0.008500303582270795,0.7456896551724138,1.2857142857142858,0
2451,44.0,New,Furniture,Credit Card,25545.48,37.0,1774,0.46153846153846156,0.014656144306651634,4.068181818181818,0.23076923076923078,0
2452,39.0,Inactive,Clothing,Debit Card,43897.05,29.97,1193,0.4642857142857143,0.02347024308466052,11.076923076923077,0.39285714285714285,0
2453,63.0,Premium,Books,Credit Card,7705.78,31.08,1719,0.38461538461538464,0.0075625363583478765,3.0208333333333335,0.46153846153846156,0
2454,59.0,Premium,Electronics,Net Banking,14942.79,5.49,129,0.045454545454545456,0.17054263565891473,0.768361581920904,0.9090909090909091,0
2455,31.0,New,Furniture,Credit Card,37987.94,36.76,607,0.0975609756097561,0.06754530477759473,0.4489795918367347,0.4878048780487805,0
2456,21.0,Regular,Electronics,Debit Card,20580.51,44.68,1099,0.43478260869565216,0.020928116469517744,0.11428571428571428,0.2608695652173913,0
2457,58.0,Regular,Furniture,Debit Card,11253.45,15.51,116,0.07142857142857142,0.3620689655172414,0.5548780487804879,0.38095238095238093,0
2458,57.0,Premium,Groceries,Net Banking,25545.48,19.07,567,0.8235294117647058,0.059964726631393295,0.12608695652173912,0.4411764705882353,0
2459,20.0,Inactive,Electronics,Net Banking,44484.57,39.52,1451,0.9,0.006891798759476223,0.08011869436201781,1.2,1
2460,53.0,New,Sports,Credit Card,22078.61,5.34,204,0.8571428571428571,0.03431372549019608,0.37735849056603776,1.8571428571428572,1
2461,54.0,New,Books,Debit Card,22207.77,28.96,357,0.84,0.0700280112044818,0.36712328767123287,0.24,0
2462,44.0,New,Books,Debit Card,36111.15,43.24,553,0.6666666666666666,0.0054249547920434,0.8070175438596491,2.0,0
2463,40.0,Premium,Furniture,Upi,21388.11,21.99,520,0.30434782608695654,0.04423076923076923,1.8181818181818181,0.4782608695652174,0
2464,33.0,Inactive,Furniture,Credit Card,38173.69,8.15,223,0.84,0.2242152466367713,1.2195121951219512,0.24,0
2465,47.0,Regular,Furniture,Cash,3793.52,16.51,1809,1.0,0.001658374792703151,0.7898550724637681,4.333333333333333,0
2466,31.0,Regular,Electronics,Upi,25545.48,17.05,910,0.7,0.01098901098901099,1.4691358024691359,0.5,0
2467,55.0,Inactive,Clothing,Credit Card,16174.46,31.9,1821,0.5882352941176471,0.009335529928610654,0.04395604395604396,0.29411764705882354,1
2468,51.0,Regular,Groceries,Net Banking,48429.9,0.22,1185,0.0,0.00590717299578059,0.43010752688172044,0.8571428571428571,0
2469,48.0,Premium,Sports,Net Banking,38393.52,11.19,1559,0.5,0.01924310455420141,1.441860465116279,0.5,0
2470,66.0,Premium,Books,Upi,14978.23,15.95,436,0.9696969696969697,0.07568807339449542,0.5295774647887324,0.45454545454545453,0
2471,18.0,Premium,Groceries,Debit Card,7748.13,2.4,634,0.16666666666666666,0.00946372239747634,2.5205479452054793,1.3333333333333333,0
2472,61.0,New,Clothing,Credit Card,48233.44,17.44,1581,0.6818181818181818,0.027830487033523088,0.3668639053254438,0.3181818181818182,0
2473,57.0,Premium,Sports,Upi,29336.93,23.74,1610,0.7105263157894737,0.02360248447204969,0.48704663212435234,0.5,0
2474,43.0,New,Groceries,Debit Card,2514.25,30.47,618,0.3684210526315789,0.030744336569579287,0.27793696275071633,0.8421052631578947,1
2475,67.0,Premium,Electronics,Debit Card,35813.3,7.62,1628,0.575,0.02457002457002457,0.2482758620689655,0.3,0
2476,47.0,Premium,Electronics,Credit Card,29183.04,38.01,771,0.5,0.007782101167315175,1.28,0.0,0
2477,62.0,New,Sports,Credit Card,21356.0,38.11,703,0.1875,0.02275960170697013,0.7383720930232558,1.25,0
2478,20.0,Premium,Electronics,Credit Card,35587.54,45.48,305,0.6153846153846154,0.08524590163934426,0.013953488372093023,0.0,0
2479,43.0,New,Furniture,Net Banking,10842.28,13.08,1778,0.6304347826086957,0.025871766029246346,0.3625,0.41304347826086957,0
2480,31.0,Regular,Clothing,Credit Card,25269.49,10.35,610,0.3333333333333333,0.054098360655737705,0.09126984126984126,0.5757575757575758,0
2481,54.0,New,Furniture,Upi,41001.0,19.22,1777,0.8333333333333334,0.0033764772087788407,0.35714285714285715,2.1666666666666665,0
2482,36.0,Premium,Electronics,Cash,5035.15,49.75,864,0.9285714285714286,0.016203703703703703,0.7007874015748031,0.2857142857142857,0
2483,45.0,Premium,Books,Net Banking,7528.36,19.64,1401,0.29411764705882354,0.02426837972876517,0.39766081871345027,0.5294117647058824,0
2484,26.0,Premium,Electronics,Cash,34615.7,36.73,131,1.0,0.022900763358778626,0.10979228486646884,0.0,1
2485,23.0,Inactive,Sports,Upi,39600.58,15.98,603,0.96,0.04145936981757877,0.023178807947019868,0.68,1
2486,31.0,New,Electronics,Upi,47740.75,10.15,891,0.2692307692307692,0.029180695847362513,5.533333333333333,0.23076923076923078,0
2487,59.0,New,Furniture,Credit Card,38250.04,44.84,1236,0.06521739130434782,0.0372168284789644,3.2857142857142856,0.021739130434782608,0
2488,21.0,Inactive,Furniture,Net Banking,3765.34,22.17,121,0.5625,0.1322314049586777,3.169491525423729,0.0,0
2489,29.0,Inactive,Clothing,Cash,35101.51,13.93,1428,0.22727272727272727,0.015406162464985995,0.813953488372093,0.8636363636363636,0
2490,21.0,Premium,Clothing,Upi,11420.94,22.17,378,0.5652173913043478,0.12169312169312169,0.10550458715596331,0.15217391304347827,0
2491,52.0,New,Books,Upi,7446.36,6.86,1777,0.0,0.0033764772087788407,0.3374233128834356,2.6666666666666665,0
2492,66.0,Regular,Books,Debit Card,44759.41,49.07,180,0.9666666666666667,0.16666666666666666,0.00425531914893617,0.36666666666666664,0
2493,23.0,Regular,Sports,Net Banking,47370.44,33.72,445,0.75,0.08089887640449438,0.023809523809523808,0.5277777777777778,0
2494,56.0,Inactive,Furniture,Cash,48947.23,4.73,894,0.21052631578947367,0.021252796420581657,0.10666666666666667,0.47368421052631576,1
2495,56.0,New,Groceries,Net Banking,43243.96,32.38,1443,0.574468085106383,0.03257103257103257,1.9259259259259258,0.3191489361702128,0
2496,24.0,New,Groceries,Debit Card,43551.78,6.26,915,0.5,0.02841530054644809,0.5110294117647058,0.23076923076923078,0
2497,52.0,Inactive,Sports,Net Banking,1716.45,36.44,852,0.21739130434782608,0.02699530516431925,0.9754901960784313,0.8695652173913043,0
2498,29.0,Premium,Electronics,Debit Card,21896.64,22.19,946,0.6428571428571429,0.02959830866807611,0.3728813559322034,0.0,0
2499,59.0,Premium,Groceries,Credit Card,8865.9,27.51,979,0.9047619047619048,0.021450459652706845,0.47112462006079026,0.8095238095238095,0
2500,36.0,Inactive,Clothing,Net Banking,28497.23,5.31,982,0.7142857142857143,0.021384928716904276,0.5301204819277109,0.9047619047619048,0
2501,27.0,Regular,Furniture,Upi,19319.01,1.25,90,0.03125,0.35555555555555557,1.4742268041237114,0.34375,0
2502,22.0,Premium,Books,Cash,5913.34,47.36,415,0.5862068965517241,0.06987951807228916,0.4271356783919598,0.5172413793103449,0
2503,54.0,Premium,Furniture,Credit Card,43436.43,17.55,1357,0.6086956521739131,0.01694915254237288,2.8541666666666665,0.7391304347826086,0
2504,25.0,New,Groceries,Debit Card,3276.08,32.57,582,0.3333333333333333,0.005154639175257732,0.08695652173913043,6.333333333333333,0
2505,56.0,New,Groceries,Cash,41845.9,24.56,64,0.0,0.40625,0.3628048780487805,0.038461538461538464,0
2506,67.0,Inactive,Clothing,Credit Card,6612.81,36.55,1348,0.0,0.001483679525222552,1.1428571428571428,10.0,0
2507,50.0,Inactive,Electronics,Credit Card,14124.23,28.58,401,0.6875,0.0798004987531172,8.583333333333334,0.625,0
2508,28.0,Regular,Groceries,Credit Card,10935.62,5.95,57,0.2564102564102564,0.6842105263157895,0.017361111111111112,0.3076923076923077,0
2509,68.0,Inactive,Clothing,Upi,47050.8,40.62,314,1.0,0.006369426751592357,1.1123595505617978,10.0,0
2510,34.0,New,Groceries,Net Banking,23743.89,39.63,1631,0.625,0.009809932556713672,0.22699386503067484,0.0,1
2511,62.0,Inactive,Books,Debit Card,15601.24,47.3,131,0.8333333333333334,0.13740458015267176,0.3104575163398693,0.7222222222222222,1
2512,64.0,New,Groceries,Credit Card,18413.41,15.2,604,0.35714285714285715,0.023178807947019868,0.29842931937172773,0.5714285714285714,1
2513,42.0,New,Furniture,Debit Card,41224.7,17.7,1640,0.7441860465116279,0.02621951219512195,0.19318181818181818,0.18604651162790697,0
2514,36.0,Regular,Sports,Debit Card,32918.25,47.23,919,0.6521739130434783,0.025027203482045703,0.12693498452012383,0.5652173913043478,1
2515,43.0,New,Groceries,Net Banking,8135.74,43.03,39,1.0,0.41025641025641024,0.5169491525423728,0.6875,0
2516,50.0,Regular,Electronics,Cash,44249.18,20.43,545,0.84,0.09174311926605505,0.46006389776357826,0.12,0
2517,37.0,New,Furniture,Credit Card,17192.22,26.78,769,0.4444444444444444,0.05851755526657997,0.03825136612021858,0.2,0
2518,64.0,Inactive,Electronics,Debit Card,25545.48,23.17,382,0.34285714285714286,0.09162303664921466,2.8,0.4,0
2519,66.0,Inactive,Electronics,Debit Card,23638.31,11.36,1330,0.4444444444444444,0.03383458646616541,0.14741035856573706,0.4,0
2520,68.0,Inactive,Sports,Upi,736.97,28.11,1175,0.18181818181818182,0.0374468085106383,1.1333333333333333,0.29545454545454547,0
2521,40.0,Regular,Electronics,Cash,7066.44,34.86,408,0.022727272727272728,0.10784313725490197,25.666666666666668,0.22727272727272727,0
2522,53.0,Regular,Clothing,Cash,11735.3,3.24,1406,0.9545454545454546,0.015647226173541962,0.6428571428571429,0.36363636363636365,0
2523,61.0,Regular,Books,Credit Card,31211.81,41.62,321,0.1875,0.09968847352024922,0.28823529411764703,0.0625,0
2524,33.0,Inactive,Electronics,Credit Card,25545.48,8.34,1159,0.4444444444444444,0.015530629853321829,0.2608695652173913,0.7777777777777778,1
2525,45.0,Premium,Books,Net Banking,17525.33,34.6,424,0.32558139534883723,0.10141509433962265,0.34944237918215615,0.3488372093023256,0
2526,53.0,Regular,Clothing,Credit Card,47750.72,12.98,1227,0.9090909090909091,0.017929910350448247,0.049773755656108594,0.8636363636363636,1
2527,32.0,Premium,Electronics,Net Banking,33445.33,46.16,1460,0.45161290322580644,0.021232876712328767,0.519774011299435,0.3225806451612903,0
2528,20.0,Premium,Groceries,Debit Card,27418.91,5.38,819,0.5833333333333334,0.014652014652014652,0.2222222222222222,0.5833333333333334,1
2529,24.0,Premium,Sports,Debit Card,41607.54,18.73,237,0.6190476190476191,0.08860759493670886,0.8525345622119815,0.23809523809523808,0
2530,29.0,Premium,Furniture,Credit Card,26523.09,25.56,1236,0.29411764705882354,0.013754045307443365,0.3392857142857143,0.7058823529411765,0
2531,57.0,New,Furniture,Credit Card,4649.9,41.61,922,0.6666666666666666,0.016268980477223426,0.04838709677419355,0.4666666666666667,0
2532,65.0,Premium,Clothing,Credit Card,2108.06,16.5,1416,0.18181818181818182,0.015536723163841809,0.4810126582278481,0.7727272727272727,0
2533,63.0,New,Clothing,Net Banking,40289.54,47.38,1116,0.75,0.03942652329749104,0.6486486486486487,0.1590909090909091,0
2534,20.0,New,Groceries,Debit Card,33049.75,32.51,850,0.6666666666666666,0.007058823529411765,1.2666666666666666,1.8333333333333333,0
2535,37.0,Premium,Books,Credit Card,7665.26,8.79,995,0.36363636363636365,0.044221105527638194,0.22950819672131148,0.1590909090909091,0
2536,41.0,New,Groceries,Cash,9647.87,30.48,79,0.3,0.379746835443038,3.2280701754385963,0.3333333333333333,0
2537,65.0,Inactive,Clothing,Debit Card,44817.36,26.07,922,0.3076923076923077,0.014099783080260303,0.14325068870523416,1.5384615384615385,1
2538,57.0,Regular,Books,Net Banking,44386.63,34.28,273,0.5,0.02197802197802198,2.111111111111111,3.0,0
2539,61.0,Regular,Electronics,Upi,7780.33,29.23,1632,0.14814814814814814,0.016544117647058824,0.34782608695652173,0.7037037037037037,0
2540,39.0,New,Clothing,Credit Card,25707.06,42.09,1527,0.09090909090909091,0.007203667321545514,2.410958904109589,1.7272727272727273,0
2541,50.0,Regular,Books,Credit Card,8203.18,4.9,1641,0.9,0.02437538086532602,0.22695035460992907,0.3,0
2542,38.0,Regular,Sports,Net Banking,22039.9,24.2,1427,0.6,0.02102312543798178,6.571428571428571,0.13333333333333333,0
2543,46.0,Premium,Groceries,Debit Card,14954.87,42.52,145,0.5476190476190477,0.2896551724137931,0.5899053627760252,0.047619047619047616,0
2544,44.0,Regular,Electronics,Net Banking,40538.79,8.88,529,1.0,0.001890359168241966,2.926470588235294,20.0,0
2545,53.0,New,Furniture,Credit Card,44409.19,37.24,1247,0.0,0.0024057738572574178,1.0314465408805031,3.6666666666666665,0
2546,38.0,New,Groceries,Debit Card,20131.74,11.89,589,0.7755102040816326,0.0831918505942275,2.8,0.0,0
2547,44.0,Inactive,Groceries,Net Banking,31458.97,26.82,227,0.85,0.0881057268722467,0.8266666666666667,0.65,0
2548,20.0,Regular,Books,Debit Card,33419.02,22.32,530,0.16666666666666666,0.06792452830188679,0.35135135135135137,0.2777777777777778,0
2549,35.0,Premium,Electronics,Credit Card,15869.97,7.44,770,1.0,0.045454545454545456,1.196078431372549,0.4857142857142857,0
2550,68.0,Premium,Electronics,Credit Card,27733.58,9.85,1512,0.66,0.03306878306878307,4.825,0.24,0
2551,67.0,Regular,Groceries,Debit Card,12259.17,28.27,1541,1.0,0.0006489292667099286,0.5116959064327485,2.0,0
2552,42.0,New,Sports,Credit Card,29829.29,15.31,117,0.3333333333333333,0.28205128205128205,0.44176706827309237,0.45454545454545453,0
2553,44.0,Premium,Electronics,Credit Card,35088.09,4.99,918,0.8235294117647058,0.018518518518518517,4.6923076923076925,0.0,0
2554,33.0,New,Groceries,Debit Card,39825.56,33.56,969,0.0,0.0020639834881320948,0.26688102893890675,1.5,1
2555,18.0,Regular,Electronics,Debit Card,5951.39,39.05,770,0.8367346938775511,0.06363636363636363,3.8095238095238093,0.16326530612244897,0
2556,34.0,New,Furniture,Net Banking,7517.52,19.77,906,0.3548387096774194,0.03421633554083885,0.5747126436781609,0.0967741935483871,0
2557,49.0,Regular,Groceries,Upi,36850.9,40.54,1566,0.5517241379310345,0.018518518518518517,0.5495750708215298,0.5517241379310345,0
2558,27.0,Regular,Furniture,Net Banking,20339.2,6.72,478,0.6086956521739131,0.04811715481171548,0.9514563106796117,0.5217391304347826,0
2559,19.0,Regular,Groceries,Credit Card,23208.94,9.78,369,0.9285714285714286,0.037940379403794036,0.45724907063197023,0.6428571428571429,0
2560,44.0,Regular,Sports,Debit Card,46417.65,38.07,638,0.09523809523809523,0.06583072100313479,1.1554054054054055,0.2857142857142857,0
2561,68.0,New,Electronics,Net Banking,21501.01,36.38,882,0.125,0.036281179138321996,76.0,0.09375,0
2562,67.0,Inactive,Clothing,Credit Card,31497.37,5.11,1260,0.25,0.009523809523809525,0.7916666666666666,1.3333333333333333,0
2563,43.0,New,Clothing,Net Banking,13465.63,1.36,1187,0.4444444444444444,0.02274641954507161,0.7751937984496124,0.37037037037037035,0
2564,42.0,New,Groceries,Net Banking,11214.31,27.56,480,0.5,0.004166666666666667,0.008403361344537815,0.0,0
2565,49.0,New,Sports,Cash,34659.71,3.94,262,0.26666666666666666,0.05725190839694656,0.8361581920903954,0.3333333333333333,0
2566,60.0,New,Electronics,Upi,16826.61,11.15,1551,0.04,0.016118633139909737,0.36363636363636365,0.32,0
2567,61.0,Inactive,Electronics,Credit Card,27389.2,8.52,1092,0.5,0.005494505494505495,0.155893536121673,1.3333333333333333,1
2568,30.0,Premium,Furniture,Upi,22594.33,29.17,1416,0.875,0.005649717514124294,0.8106796116504854,0.125,0
2569,46.0,Inactive,Sports,Cash,26271.67,12.6,949,0.7872340425531915,0.04952581664910432,0.4155405405405405,0.19148936170212766,0
2570,57.0,Regular,Electronics,Upi,5769.55,6.21,758,0.5555555555555556,0.011873350923482849,0.9790209790209791,1.4444444444444444,0
2571,51.0,New,Furniture,Debit Card,33314.02,49.75,1324,0.8857142857142857,0.026435045317220542,22.2,0.05714285714285714,0
2572,44.0,New,Books,Upi,5188.29,20.4,1735,0.875,0.009221902017291067,0.8979591836734694,1.1875,0
2573,40.0,Premium,Sports,Net Banking,21013.68,20.93,1178,0.2653061224489796,0.04159592529711375,0.9936305732484076,0.2653061224489796,0
2574,50.0,Premium,Furniture,Cash,26515.01,34.49,139,1.0,0.10071942446043165,0.5478547854785478,1.2857142857142858,0
2575,43.0,Premium,Sports,Net Banking,6134.52,10.36,742,0.75,0.005390835579514825,18.285714285714285,0.5,0
2576,30.0,Premium,Groceries,Net Banking,40222.55,34.55,1287,0.13333333333333333,0.011655011655011656,0.14351851851851852,0.4666666666666667,1
2577,51.0,Regular,Furniture,Net Banking,37838.49,2.27,1407,0.3333333333333333,0.0021321961620469083,0.43909348441926344,0.3333333333333333,0
2578,28.0,Regular,Groceries,Cash,38937.98,25.18,1254,0.4411764705882353,0.02711323763955343,1.0171428571428571,0.38235294117647056,0
2579,55.0,Premium,Electronics,Credit Card,42605.26,49.96,689,0.2903225806451613,0.04499274310595065,1.3839285714285714,0.6451612903225806,0
2580,67.0,Premium,Groceries,Cash,3952.12,30.01,1543,0.1111111111111111,0.011665586519766688,0.8736842105263158,0.9444444444444444,0
2581,34.0,New,Electronics,Credit Card,41035.57,49.57,1455,0.0,0.004810996563573883,0.13535911602209943,1.7142857142857142,1
2582,52.0,Regular,Furniture,Upi,13425.45,12.91,508,0.41025641025641024,0.07677165354330709,1.7383177570093458,0.4358974358974359,0
2583,44.0,New,Clothing,Cash,3109.7,12.12,1539,0.66,0.03248862897985705,0.6390041493775933,0.24,0
2584,39.0,Inactive,Furniture,Cash,34940.29,15.29,598,0.14285714285714285,0.046822742474916385,0.46464646464646464,0.5,0
2585,64.0,New,Sports,Debit Card,30464.91,8.79,703,1.0,0.05689900426742532,2.107142857142857,0.375,0
2586,59.0,New,Groceries,Upi,3686.41,43.87,957,0.36363636363636365,0.034482758620689655,1.4414414414414414,0.45454545454545453,0
2587,19.0,Premium,Electronics,Credit Card,33014.68,35.33,1362,0.6129032258064516,0.02276064610866373,30.166666666666668,0.16129032258064516,0
2588,28.0,Regular,Electronics,Debit Card,31028.1,43.98,408,0.9555555555555556,0.11029411764705882,0.13559322033898305,0.28888888888888886,0
2589,64.0,New,Groceries,Debit Card,45138.48,4.71,579,0.45,0.03454231433506045,0.0931899641577061,1.0,1
2590,28.0,New,Books,Upi,8187.42,49.26,44,0.3888888888888889,0.4090909090909091,2.5625,0.4444444444444444,0
2591,62.0,New,Groceries,Cash,35226.81,46.9,163,0.5652173913043478,0.1411042944785276,2.819672131147541,0.6956521739130435,0
2592,39.0,Regular,Electronics,Cash,40233.98,14.25,1134,0.3,0.03527336860670194,0.7987421383647799,0.275,0
2593,57.0,Regular,Groceries,Cash,16335.99,41.54,1327,0.0,0.002260738507912585,1.1159420289855073,3.3333333333333335,0
2594,57.0,New,Books,Upi,19584.4,3.8,815,0.25,0.014723926380368098,0.1891891891891892,1.6666666666666667,0
2595,38.0,Premium,Sports,Upi,29884.8,8.77,1486,0.8108108108108109,0.02489905787348587,0.13846153846153847,0.1891891891891892,0
2596,42.0,Inactive,Sports,Net Banking,30197.44,38.77,815,0.25,0.0343558282208589,0.3047945205479452,0.25,0
2597,23.0,Regular,Electronics,Debit Card,31443.07,27.09,1634,0.8,0.0030599755201958386,1.5757575757575757,0.0,0
2598,68.0,Premium,Clothing,Net Banking,31730.84,7.44,1555,0.2619047619047619,0.027009646302250803,48.5,0.30952380952380953,0
2599,30.0,New,Clothing,Debit Card,40394.69,33.73,457,0.23076923076923078,0.028446389496717725,0.5615942028985508,0.5384615384615384,0
2600,48.0,Premium,Sports,Upi,19371.82,45.13,1619,0.9411764705882353,0.021000617665225447,1.4351145038167938,0.029411764705882353,0
2601,69.0,Regular,Electronics,Upi,12829.92,28.1,733,0.8947368421052632,0.02592087312414734,0.8071065989847716,0.21052631578947367,0
2602,19.0,Regular,Clothing,Net Banking,41149.03,1.09,1682,0.9090909090909091,0.013079667063020214,0.23595505617977527,0.7727272727272727,0
2603,57.0,Inactive,Clothing,Debit Card,42254.64,43.28,699,0.8709677419354839,0.044349070100143065,1.140625,0.41935483870967744,0
2604,31.0,Inactive,Electronics,Credit Card,20540.45,2.24,107,0.3870967741935484,0.2897196261682243,0.13617021276595745,0.5483870967741935,0
2605,66.0,Inactive,Groceries,Cash,7250.52,25.43,1351,0.5,0.013323464100666173,0.23504273504273504,0.4444444444444444,1
2606,43.0,New,Groceries,Upi,22773.71,26.94,1465,0.0,0.01911262798634812,0.2255892255892256,0.5,0
2607,24.0,Inactive,Electronics,Credit Card,29419.98,4.25,83,0.07142857142857142,0.3373493975903614,1.1940298507462686,0.5,0
2608,66.0,New,Clothing,Upi,46650.94,22.4,915,0.4782608695652174,0.05027322404371585,0.5838150289017341,0.32608695652173914,0
2609,64.0,Premium,Sports,Net Banking,4290.39,36.4,1386,0.5454545454545454,0.015873015873015872,0.027649769585253458,0.13636363636363635,1
2610,36.0,Inactive,Sports,Upi,9444.75,14.2,1208,0.9090909090909091,0.03642384105960265,0.8878504672897196,0.4318181818181818,0
2611,51.0,Premium,Clothing,Debit Card,38093.7,0.83,1022,0.8571428571428571,0.02054794520547945,0.6104651162790697,0.6190476190476191,0
2612,39.0,Premium,Electronics,Net Banking,37594.8,13.21,1732,0.08695652173913043,0.026558891454965358,1.565217391304348,0.2826086956521739,0
2613,62.0,Inactive,Electronics,Cash,40176.1,6.22,1789,0.045454545454545456,0.012297372833985467,1.8888888888888888,0.45454545454545453,0
2614,33.0,Regular,Books,Net Banking,49950.1,21.39,1647,0.41304347826086957,0.02792956891317547,2.1797752808988764,0.2608695652173913,0
2615,22.0,Regular,Furniture,Upi,14732.34,12.22,431,1.0,0.09744779582366589,0.6889952153110048,0.023809523809523808,0
2616,38.0,Regular,Clothing,Net Banking,36144.48,4.23,1213,0.5,0.0016488046166529267,4.780487804878049,2.0,0
2617,42.0,Premium,Books,Credit Card,32601.85,0.08,1808,0.575,0.022123893805309734,1.0927152317880795,0.4,0
2618,63.0,New,Groceries,Credit Card,19114.37,23.74,135,0.7647058823529411,0.2518518518518518,0.9009009009009009,0.29411764705882354,0
2619,30.0,Regular,Clothing,Cash,34160.14,10.56,803,0.8,0.024906600249066,0.21967213114754097,0.6,1
2620,65.0,Regular,Electronics,Cash,4061.0,48.15,893,0.8,0.03919372900335946,0.5643564356435643,0.3142857142857143,0
2621,23.0,Premium,Groceries,Net Banking,41990.82,44.3,906,0.9333333333333333,0.016556291390728478,0.4645161290322581,0.7333333333333333,0
2622,29.0,Premium,Groceries,Cash,47188.45,22.22,1165,0.0,0.022317596566523604,1.1118012422360248,0.038461538461538464,0
2623,44.0,New,Clothing,Debit Card,48326.33,42.93,1748,0.46875,0.018306636155606407,0.2229299363057325,0.28125,0
2624,50.0,Premium,Furniture,Net Banking,42497.86,22.31,827,0.30434782608695654,0.02781136638452237,0.2754237288135593,0.0,1
2625,47.0,New,Groceries,Upi,1738.6,43.61,194,0.7368421052631579,0.0979381443298969,10.25,0.6842105263157895,0
2626,37.0,Regular,Clothing,Debit Card,4869.21,15.85,151,1.0,0.13245033112582782,0.8140495867768595,0.3,0
2627,57.0,Premium,Books,Upi,32345.81,2.33,845,1.0,0.0035502958579881655,1.3286713286713288,0.3333333333333333,0
2628,40.0,Premium,Clothing,Cash,25545.48,13.17,895,0.8541666666666666,0.053631284916201116,1.0714285714285714,0.20833333333333334,0
2629,41.0,Regular,Electronics,Cash,43313.5,6.51,1404,0.7692307692307693,0.009259259259259259,0.5260663507109005,0.07692307692307693,0
2630,66.0,Premium,Clothing,Debit Card,1930.71,49.98,1698,0.7666666666666667,0.0176678445229682,0.43902439024390244,0.03333333333333333,0
2631,37.0,Inactive,Groceries,Upi,4350.93,30.0,1737,0.6666666666666666,0.015544041450777202,0.4201954397394137,0.6666666666666666,0
2632,38.0,Premium,Furniture,Upi,34300.94,15.91,903,0.5714285714285714,0.007751937984496124,1.7297297297297298,2.0,0
2633,22.0,Regular,Groceries,Net Banking,21539.99,4.65,1027,0.4482758620689655,0.028237585199610515,0.593939393939394,0.6896551724137931,0
2634,60.0,Regular,Sports,Credit Card,36787.34,20.58,1480,0.5666666666666667,0.02027027027027027,0.48546511627906974,0.4,0
2635,57.0,Regular,Sports,Net Banking,18758.58,17.15,1344,0.0,0.006696428571428571,0.4902597402597403,1.2222222222222223,0
2636,57.0,Regular,Sports,Credit Card,35218.49,34.58,1046,0.8181818181818182,0.010516252390057362,93.5,0.45454545454545453,0
2637,45.0,Premium,Groceries,Credit Card,41989.71,34.02,167,0.2777777777777778,0.10778443113772455,0.428125,0.7222222222222222,0
2638,34.0,Regular,Electronics,Debit Card,43845.69,26.6,953,0.5,0.014690451206715634,0.046632124352331605,0.6428571428571429,1
2639,33.0,New,Furniture,Net Banking,13039.86,36.66,642,0.3333333333333333,0.009345794392523364,0.33852140077821014,0.8333333333333334,1
2640,37.0,Premium,Clothing,Net Banking,30482.53,14.1,1014,0.3333333333333333,0.020710059171597635,21.333333333333332,0.23809523809523808,0
2641,59.0,Regular,Electronics,Net Banking,45830.95,34.1,649,0.8857142857142857,0.053929121725731895,0.507177033492823,0.2571428571428571,0
2642,24.0,Premium,Clothing,Upi,4279.57,33.72,430,0.6666666666666666,0.05581395348837209,7.4,0.4583333333333333,0
2643,35.0,Regular,Furniture,Cash,17788.46,47.54,373,0.3333333333333333,0.0160857908847185,0.737037037037037,2.8333333333333335,0
2644,62.0,New,Furniture,Debit Card,16729.48,43.84,1475,0.8461538461538461,0.026440677966101694,0.04716981132075472,0.46153846153846156,0
2645,61.0,Premium,Furniture,Cash,16849.46,40.38,394,0.44,0.06345177664974619,1.7017543859649122,0.56,0
2646,31.0,Regular,Books,Credit Card,29586.03,15.55,431,0.0,0.016241299303944315,0.08191126279863481,2.4285714285714284,1
2647,52.0,Regular,Books,Credit Card,9859.39,6.36,1441,0.2,0.01734906315058987,0.14469453376205788,0.36,1
2648,56.0,Inactive,Groceries,Credit Card,42138.61,48.9,1084,0.22916666666666666,0.04428044280442804,5.592592592592593,0.0625,0
2649,38.0,New,Clothing,Credit Card,4988.56,4.36,710,0.3684210526315789,0.02676056338028169,0.11165048543689321,0.3157894736842105,1
2650,59.0,Regular,Clothing,Debit Card,47637.36,16.04,51,0.5,0.0784313725490196,2.45,0.25,0
2651,46.0,New,Electronics,Cash,35754.4,44.69,1154,0.5348837209302325,0.03726169844020797,0.6012658227848101,0.3023255813953488,0
2652,37.0,Regular,Groceries,Debit Card,37200.41,35.4,275,0.37037037037037035,0.09818181818181818,1.5737704918032787,0.3333333333333333,0
2653,68.0,Premium,Furniture,Credit Card,5364.89,20.33,142,0.0,0.18309859154929578,0.4888888888888889,0.3076923076923077,0
2654,44.0,Inactive,Electronics,Cash,45909.37,40.18,809,0.6,0.049443757725587144,9.0,0.075,0
2655,62.0,Premium,Electronics,Cash,44465.32,42.49,542,0.20408163265306123,0.09040590405904059,0.6037037037037037,0.08163265306122448,0
2656,26.0,New,Furniture,Net Banking,21161.46,25.17,758,1.0,0.013192612137203167,0.6,0.2,0
2657,58.0,Premium,Sports,Debit Card,41865.08,28.42,1323,0.64,0.01889644746787604,0.19387755102040816,0.0,1
2658,35.0,Inactive,Books,Cash,4774.34,0.19,1667,0.17391304347826086,0.027594481103779243,0.8248587570621468,0.15217391304347827,0
2659,58.0,New,Electronics,Credit Card,7067.13,31.36,92,0.20408163265306123,0.532608695652174,6.961538461538462,0.12244897959183673,0
2660,20.0,Regular,Furniture,Credit Card,30976.39,36.75,326,0.6363636363636364,0.06748466257668712,0.37404580152671757,0.7727272727272727,0
2661,57.0,Premium,Clothing,Credit Card,9720.18,35.86,1476,0.9090909090909091,0.014905149051490514,3.6956521739130435,0.7272727272727273,0
2662,27.0,New,Electronics,Upi,2673.93,27.62,1633,0.0,0.015309246785058175,0.5280898876404494,0.32,0
2663,40.0,New,Clothing,Cash,47753.66,19.96,77,0.7586206896551724,0.37662337662337664,0.2829581993569132,0.034482758620689655,0
2664,34.0,Inactive,Furniture,Credit Card,29428.97,16.52,222,0.2765957446808511,0.21171171171171171,0.8805970149253731,0.1702127659574468,0
2665,42.0,Inactive,Books,Net Banking,21855.05,6.73,1075,0.6956521739130435,0.021395348837209303,0.5454545454545454,0.6521739130434783,0
2666,46.0,Regular,Groceries,Upi,49135.54,48.83,1379,0.28888888888888886,0.032632342277012324,0.190625,0.044444444444444446,0
2667,21.0,Inactive,Electronics,Upi,42245.62,1.15,48,0.8888888888888888,0.1875,0.5652173913043478,0.6666666666666666,0
2668,35.0,Inactive,Clothing,Credit Card,37785.19,45.13,468,0.9069767441860465,0.09188034188034189,4.7073170731707314,0.4186046511627907,0
2669,50.0,Regular,Groceries,Net Banking,38116.44,36.51,375,0.375,0.021333333333333333,0.5655430711610487,1.25,0
2670,63.0,Regular,Clothing,Credit Card,29661.51,37.67,770,1.0,0.006493506493506494,0.8872180451127819,3.6,0
2671,32.0,New,Electronics,Debit Card,12348.74,17.92,1339,0.8333333333333334,0.0268857356235997,3.9375,0.3611111111111111,0
2672,21.0,Regular,Sports,Net Banking,6741.68,36.51,1584,0.5333333333333333,0.00946969696969697,0.011857707509881422,1.1333333333333333,1
2673,51.0,Inactive,Furniture,Credit Card,38626.02,41.74,782,0.7708333333333334,0.061381074168797956,0.5764705882352941,0.08333333333333333,0
2674,67.0,Inactive,Electronics,Debit Card,26514.09,8.24,345,0.7272727272727273,0.03188405797101449,0.0036363636363636364,0.2727272727272727,1
2675,33.0,Regular,Electronics,Upi,44964.75,25.71,1023,0.75,0.02737047898338221,0.6301369863013698,0.32142857142857145,0
2676,44.0,New,Electronics,Debit Card,47479.96,13.93,1206,0.425,0.03316749585406302,0.20141342756183744,0.375,0
2677,38.0,New,Groceries,Upi,4427.8,17.87,1430,0.5,0.006993006993006993,0.20388349514563106,1.5,0
2678,68.0,Inactive,Sports,Net Banking,46226.41,35.0,596,1.0,0.018456375838926176,0.28286852589641437,1.5454545454545454,1
2679,23.0,Inactive,Clothing,Credit Card,19595.7,44.37,1748,0.5882352941176471,0.019450800915331808,1.3580246913580247,0.4117647058823529,0
2680,65.0,Inactive,Furniture,Upi,21507.84,16.73,177,0.6875,0.1807909604519774,1.1376811594202898,0.40625,0
2681,67.0,Inactive,Groceries,Debit Card,44392.67,30.57,1509,0.65,0.013253810470510271,0.6017699115044248,0.95,0
2682,18.0,Inactive,Clothing,Credit Card,36951.7,40.91,205,0.2608695652173913,0.11219512195121951,0.90625,0.5217391304347826,0
2683,66.0,Inactive,Groceries,Debit Card,32145.42,8.63,1585,0.7857142857142857,0.026498422712933754,0.2638888888888889,0.09523809523809523,0
2684,52.0,Regular,Books,Cash,30210.02,23.98,1094,0.8372093023255814,0.03930530164533821,0.6729857819905213,0.023255813953488372,0
2685,67.0,New,Sports,Credit Card,2941.08,4.14,1655,0.37777777777777777,0.027190332326283987,0.4,0.022222222222222223,0
2686,31.0,Regular,Furniture,Net Banking,4063.48,42.72,847,1.0,0.0011806375442739079,1.0,7.0,0
2687,43.0,Premium,Groceries,Credit Card,13430.13,20.84,834,0.8571428571428571,0.025179856115107913,9.88888888888889,0.3333333333333333,0
2688,20.0,New,Books,Credit Card,46604.05,41.23,128,0.8333333333333334,0.140625,0.7874396135265701,0.2222222222222222,0
2689,58.0,Regular,Groceries,Credit Card,42702.02,14.95,1485,0.8444444444444444,0.030303030303030304,0.05782312925170068,0.06666666666666667,0
2690,51.0,New,Groceries,Credit Card,31513.6,34.14,761,0.20833333333333334,0.06307490144546649,0.3657587548638132,0.020833333333333332,0
2691,38.0,New,Clothing,Credit Card,33842.09,22.7,821,0.0,0.00243605359317905,0.8597560975609756,2.0,0
2692,29.0,Regular,Clothing,Credit Card,18853.64,23.88,943,0.6410256410256411,0.041357370095440084,0.2623574144486692,0.23076923076923078,0
2693,53.0,New,Books,Cash,4568.21,39.06,1063,0.13636363636363635,0.020696142991533398,0.6193771626297578,0.8181818181818182,0
2694,22.0,New,Groceries,Debit Card,3891.82,28.63,1267,0.125,0.018942383583267563,0.20113314447592068,0.375,1
2695,67.0,Regular,Clothing,Cash,5465.36,45.88,1586,0.75,0.027742749054224466,0.4371069182389937,0.11363636363636363,0
2696,33.0,Inactive,Groceries,Upi,28733.04,13.61,1222,0.5581395348837209,0.03518821603927987,0.49122807017543857,0.2558139534883721,0
2697,20.0,Premium,Groceries,Debit Card,15498.12,30.64,485,0.9523809523809523,0.04329896907216495,0.5465465465465466,0.2857142857142857,0
2698,67.0,New,Groceries,Credit Card,24885.15,16.81,1729,0.20930232558139536,0.024869866975130134,0.6872037914691943,0.11627906976744186,0
2699,55.0,Inactive,Books,Upi,24600.41,47.33,461,0.0,0.008676789587852495,0.17415730337078653,2.25,1
2700,41.0,New,Groceries,Net Banking,49708.41,33.2,961,0.5,0.008324661810613945,0.5614035087719298,1.25,0
2701,32.0,Inactive,Clothing,Credit Card,33329.01,40.93,384,0.9375,0.041666666666666664,0.20118343195266272,1.0625,1
2702,40.0,New,Furniture,Net Banking,20363.9,5.19,662,0.9090909090909091,0.03323262839879154,0.3977272727272727,0.9090909090909091,0
2703,24.0,New,Groceries,Credit Card,19017.58,10.7,1128,0.35714285714285715,0.03723404255319149,0.2375366568914956,0.09523809523809523,0
2704,41.0,Regular,Furniture,Cash,41782.5,33.71,647,1.0,0.0030911901081916537,0.2976588628762542,7.5,1
2705,49.0,New,Electronics,Cash,20734.82,2.22,270,0.9523809523809523,0.15555555555555556,0.7279411764705882,0.19047619047619047,0
2706,67.0,New,Electronics,Debit Card,11063.55,36.8,67,0.0,0.23880597014925373,0.23853211009174313,0.875,1
2707,47.0,Regular,Groceries,Net Banking,49856.02,22.23,1505,0.9736842105263158,0.02524916943521595,1.32,0.39473684210526316,0
2708,69.0,Regular,Electronics,Net Banking,17790.32,15.97,610,0.3611111111111111,0.05901639344262295,0.06285714285714286,0.4444444444444444,0
2709,41.0,Premium,Electronics,Net Banking,1757.22,30.42,742,0.06666666666666667,0.04043126684636118,0.1306532663316583,0.0,0
2710,57.0,Inactive,Books,Cash,38019.94,21.92,98,0.6666666666666666,0.030612244897959183,5.2105263157894735,4.666666666666667,0
2711,49.0,New,Sports,Credit Card,9315.85,26.45,254,0.6410256410256411,0.15354330708661418,1.0869565217391304,0.07692307692307693,0
2712,65.0,Inactive,Books,Cash,12199.36,27.48,541,0.5,0.09242144177449169,0.36333333333333334,0.28,0
2713,44.0,New,Groceries,Credit Card,18716.71,33.69,1031,0.8125,0.015518913676042677,0.9890710382513661,1.0,0
2714,21.0,Premium,Electronics,Credit Card,27147.38,13.5,1572,0.6285714285714286,0.022264631043257,1.25,0.2,0
2715,30.0,Premium,Clothing,Debit Card,2832.85,23.4,1288,0.7692307692307693,0.010093167701863354,0.27044025157232704,1.1538461538461537,0
2716,32.0,New,Books,Net Banking,46182.76,15.68,1604,0.5909090909090909,0.02743142144638404,0.5424657534246575,0.4090909090909091,0
2717,70.0,Regular,Furniture,Cash,10202.85,38.38,1506,0.5,0.0013280212483399733,0.008771929824561403,0.5,1
2718,32.0,Inactive,Groceries,Credit Card,28255.63,7.67,1400,0.4166666666666667,0.017142857142857144,10.153846153846153,0.20833333333333334,0
2719,44.0,New,Books,Upi,47325.8,35.38,908,0.868421052631579,0.04185022026431718,1.0571428571428572,0.42105263157894735,0
2720,55.0,Premium,Books,Upi,33774.85,47.85,1805,0.2222222222222222,0.004986149584487534,0.23255813953488372,0.8888888888888888,0
2721,28.0,Premium,Electronics,Upi,24716.98,32.1,1582,0.5,0.02402022756005057,0.13058419243986255,0.2631578947368421,0
2722,66.0,New,Clothing,Upi,31641.22,18.88,1435,0.2682926829268293,0.02857142857142857,0.9424083769633508,0.14634146341463414,0
2723,70.0,Regular,Clothing,Debit Card,5914.08,4.88,812,0.0,0.006157635467980296,0.3881019830028329,2.0,0
2724,46.0,New,Electronics,Credit Card,17237.31,2.9,1443,0.7727272727272727,0.030492030492030493,0.5865724381625441,0.45454545454545453,0
2725,55.0,New,Books,Credit Card,21727.55,15.05,562,0.6595744680851063,0.08362989323843416,2.6538461538461537,0.1702127659574468,0
2726,42.0,Premium,Electronics,Credit Card,13421.26,26.11,229,0.4,0.021834061135371178,0.6176470588235294,2.0,0
2727,25.0,New,Electronics,Upi,10749.41,19.46,626,0.8571428571428571,0.05591054313099041,0.009900990099009901,0.45714285714285713,0
2728,47.0,Premium,Sports,Net Banking,1023.07,21.09,515,0.16216216216216217,0.07184466019417475,0.36363636363636365,0.35135135135135137,0
2729,67.0,New,Electronics,Credit Card,30383.16,0.13,1333,0.9166666666666666,0.03600900225056264,0.7777777777777778,0.3125,0
2730,44.0,Premium,Groceries,Cash,2568.93,27.28,643,0.0,0.015552099533437015,0.3849056603773585,1.7,0
2731,24.0,New,Books,Cash,11507.33,11.31,702,0.5135135135135135,0.05270655270655271,0.12209302325581395,0.32432432432432434,0
2732,68.0,Regular,Furniture,Upi,23629.77,5.46,1500,0.03571428571428571,0.018666666666666668,0.07006369426751592,0.42857142857142855,0
2733,61.0,Inactive,Sports,Net Banking,19651.73,45.59,1351,1.0,0.0014803849000740192,0.030821917808219176,9.0,1
2734,18.0,Regular,Electronics,Credit Card,40810.36,49.9,282,0.9545454545454546,0.07801418439716312,0.42265193370165743,0.6363636363636364,0
2735,53.0,Regular,Furniture,Net Banking,5442.13,19.86,52,0.6756756756756757,0.7115384615384616,0.13261648745519714,0.4864864864864865,0
2736,47.0,Premium,Electronics,Upi,46152.54,3.35,381,0.18181818181818182,0.05774278215223097,1.28125,0.5454545454545454,0
2737,43.0,Premium,Electronics,Upi,21460.46,36.75,1653,0.875,0.004839685420447671,10.846153846153847,2.0,0
2738,35.0,Premium,Electronics,Debit Card,11979.3,38.64,423,0.8205128205128205,0.09219858156028368,0.7407407407407407,0.1794871794871795,0
2739,61.0,Premium,Groceries,Upi,22707.41,44.27,549,0.375,0.04371584699453552,0.13095238095238096,0.625,0
2740,42.0,Regular,Books,Credit Card,35447.91,6.11,1684,0.4222222222222222,0.02672209026128266,2.25,0.044444444444444446,0
2741,66.0,Premium,Furniture,Cash,9875.22,28.57,1214,0.9375,0.013179571663920923,0.6984126984126984,1.25,0
2742,18.0,Regular,Books,Credit Card,43184.98,22.69,423,0.6326530612244898,0.11583924349881797,0.5019762845849802,0.04081632653061224,0
2743,20.0,New,Furniture,Upi,45423.96,44.66,39,0.27586206896551724,0.7435897435897436,0.12179487179487179,0.13793103448275862,0
2744,39.0,New,Clothing,Debit Card,40552.99,38.04,519,0.5714285714285714,0.0674373795761079,0.44135802469135804,0.5142857142857142,0
2745,46.0,New,Clothing,Credit Card,37924.68,22.68,49,0.75,0.16326530612244897,0.5700483091787439,1.75,0
2746,42.0,Regular,Clothing,Cash,47116.25,32.8,1398,1.0,0.015021459227467811,0.6112956810631229,0.6666666666666666,0
2747,32.0,Inactive,Books,Net Banking,38135.06,2.23,712,0.8387096774193549,0.04353932584269663,0.39655172413793105,0.25806451612903225,0
2748,66.0,Regular,Books,Cash,6257.36,0.02,651,0.045454545454545456,0.03379416282642089,0.2589928057553957,0.7727272727272727,1
2749,62.0,Regular,Books,Credit Card,27299.36,49.54,1020,0.5,0.00784313725490196,0.03015075376884422,1.25,1
2750,21.0,Inactive,Books,Upi,44604.52,17.99,1733,0.7894736842105263,0.02192729371032891,0.6195286195286195,0.23684210526315788,0
2751,25.0,Premium,Electronics,Debit Card,47691.48,28.81,1409,0.7419354838709677,0.0220014194464159,0.39303482587064675,0.45161290322580644,0
2752,65.0,New,Groceries,Cash,7917.97,28.26,1210,0.4,0.024793388429752067,0.16666666666666666,0.16666666666666666,0
2753,31.0,New,Groceries,Debit Card,47192.03,34.02,1433,0.8888888888888888,0.01256106071179344,1.4190476190476191,0.0,0
2754,42.0,Regular,Sports,Cash,25545.48,21.69,1500,0.18518518518518517,0.018,0.6171617161716172,0.7037037037037037,0
2755,44.0,Regular,Furniture,Net Banking,46608.66,39.09,964,0.7777777777777778,0.00933609958506224,0.036885245901639344,2.111111111111111,1
2756,46.0,New,Electronics,Net Banking,32885.6,28.48,989,0.2857142857142857,0.04954499494438827,0.17703349282296652,0.24489795918367346,0
2757,55.0,New,Electronics,Credit Card,39373.57,2.76,296,0.5116279069767442,0.14527027027027026,0.8666666666666667,0.16279069767441862,0
2758,53.0,Premium,Electronics,Credit Card,39752.2,20.34,504,0.27906976744186046,0.08531746031746032,0.12835820895522387,0.20930232558139536,0
2759,30.0,Premium,Books,Credit Card,11175.92,29.47,1642,0.6,0.0060901339829476245,0.5508474576271186,0.8,0
2760,43.0,New,Furniture,Cash,35532.04,34.0,297,0.6470588235294118,0.05723905723905724,51.5,1.1176470588235294,0
2761,30.0,New,Furniture,Upi,16494.38,7.03,526,0.6153846153846154,0.049429657794676805,0.15286624203821655,0.15384615384615385,0
2762,48.0,Premium,Books,Net Banking,43143.55,13.25,1010,0.36,0.024752475247524754,0.5257352941176471,0.4,0
2763,67.0,Regular,Electronics,Upi,48111.41,31.59,746,0.25,0.010723860589812333,0.011235955056179775,1.0,1
2764,37.0,New,Books,Upi,16537.18,48.72,712,0.0,0.0014044943820224719,0.9241706161137441,9.0,0
2765,69.0,New,Furniture,Cash,27757.1,31.88,399,0.0,0.07017543859649122,0.611353711790393,0.42857142857142855,0
2766,20.0,Inactive,Electronics,Upi,6555.99,44.39,1177,0.8181818181818182,0.009345794392523364,0.03643724696356275,0.18181818181818182,1
2767,43.0,Regular,Furniture,Net Banking,29046.14,6.59,356,0.98,0.1404494382022472,0.5991735537190083,0.32,0
2768,51.0,Regular,Books,Credit Card,4276.29,40.07,1210,0.5777777777777777,0.0371900826446281,0.9182389937106918,0.24444444444444444,0
2769,70.0,New,Sports,Credit Card,19918.94,15.02,1139,0.32432432432432434,0.0324846356453029,0.0136986301369863,0.1891891891891892,0
2770,53.0,Premium,Groceries,Debit Card,1459.61,3.93,723,1.0,0.0013831258644536654,2.090909090909091,16.0,0
2771,61.0,Premium,Electronics,Net Banking,34214.73,36.53,769,0.1,0.013003901170351105,0.5744047619047619,0.0,0
2772,37.0,Regular,Electronics,Debit Card,14133.63,24.91,861,0.038461538461538464,0.030197444831591175,2.380281690140845,0.07692307692307693,0
2773,44.0,New,Groceries,Net Banking,37116.21,39.0,547,0.8571428571428571,0.07678244972577697,0.24043715846994534,0.2857142857142857,0
2774,35.0,Premium,Clothing,Debit Card,20213.03,24.06,57,0.2553191489361702,0.8245614035087719,0.42857142857142855,0.3617021276595745,0
2775,54.0,New,Groceries,Credit Card,45153.3,34.44,902,1.0,0.011086474501108648,0.918918918918919,1.7,0
2776,21.0,Regular,Groceries,Debit Card,48902.25,7.68,1548,0.06896551724137931,0.018733850129198967,1.4927536231884058,0.5172413793103449,0
2777,60.0,Regular,Furniture,Credit Card,5436.29,31.71,1188,0.043478260869565216,0.03872053872053872,6.25,0.2391304347826087,0
2778,45.0,Inactive,Books,Credit Card,33630.82,1.39,274,0.25806451612903225,0.11313868613138686,1.3432835820895523,0.06451612903225806,0
2779,53.0,New,Sports,Credit Card,17965.17,11.91,1732,0.5957446808510638,0.027136258660508082,0.10803324099722991,0.3829787234042553,0
2780,35.0,Inactive,Books,Upi,37820.57,29.27,1126,0.07692307692307693,0.011545293072824156,0.16216216216216217,1.3846153846153846,1
2781,58.0,Regular,Books,Debit Card,4327.6,42.12,1261,0.125,0.006344171292624901,0.535483870967742,1.75,0
2782,28.0,New,Groceries,Net Banking,15483.84,42.96,1723,0.5666666666666667,0.017411491584445733,0.29559748427672955,0.3,0
2783,33.0,New,Electronics,Credit Card,6949.16,30.06,394,0.88,0.06345177664974619,0.5283018867924528,0.28,0
2784,37.0,New,Sports,Credit Card,12163.9,46.2,1569,0.5172413793103449,0.018483110261312937,0.8161434977578476,0.4827586206896552,0
2785,34.0,Regular,Sports,Net Banking,10278.87,44.17,367,0.8,0.05449591280653951,1.0256410256410255,0.7,0
2786,56.0,Regular,Groceries,Cash,17209.14,20.31,1356,1.0,0.0058997050147492625,0.21643835616438356,0.875,1
2787,20.0,Inactive,Furniture,Credit Card,38263.51,11.32,630,0.5,0.006349206349206349,0.6058394160583942,0.0,0
2788,48.0,New,Electronics,Upi,2013.27,2.49,1461,0.0975609756097561,0.02806297056810404,0.02040816326530612,0.4634146341463415,0
2789,40.0,Regular,Groceries,Upi,6808.52,43.95,565,0.0,0.04601769911504425,0.47115384615384615,0.15384615384615385,0
2790,56.0,Premium,Clothing,Debit Card,39203.56,11.55,1730,0.8148148148148148,0.01560693641618497,0.639344262295082,0.07407407407407407,0
2791,58.0,Premium,Sports,Credit Card,7841.27,12.09,841,0.22727272727272727,0.026159334126040427,0.08241758241758242,0.6363636363636364,1
2792,37.0,Regular,Groceries,Net Banking,21344.66,48.48,574,0.09090909090909091,0.03832752613240418,0.42857142857142855,0.9090909090909091,0
2793,26.0,Regular,Groceries,Cash,26610.66,36.85,1133,0.25,0.0353045013239188,0.34347826086956523,0.125,0
2794,58.0,Inactive,Books,Upi,31014.61,34.22,540,0.09523809523809523,0.03888888888888889,0.34831460674157305,0.7142857142857143,0
2795,56.0,Premium,Electronics,Upi,38572.83,8.18,51,0.42857142857142855,0.5490196078431373,0.7741935483870968,0.25,0
2796,20.0,Premium,Furniture,Net Banking,1287.01,1.9,862,0.5135135135135135,0.042923433874709975,0.046012269938650305,0.35135135135135137,0
2797,22.0,Regular,Electronics,Cash,25410.29,12.47,137,0.27586206896551724,0.2116788321167883,0.23204419889502761,0.3448275862068966,0
2798,63.0,Premium,Sports,Net Banking,6684.58,30.96,774,0.8125,0.020671834625323,0.12052117263843648,0.0625,1
2799,69.0,Inactive,Clothing,Credit Card,10224.42,47.8,597,0.925,0.06700167504187604,0.42165242165242167,0.3,0
2800,38.0,Inactive,Furniture,Debit Card,39663.63,34.44,714,0.6666666666666666,0.01680672268907563,1.4666666666666666,1.25,0
2801,47.0,Regular,Books,Upi,5381.1,11.07,539,0.5151515151515151,0.061224489795918366,11.272727272727273,0.21212121212121213,0
2802,58.0,Premium,Electronics,Debit Card,21443.48,5.07,74,1.0,0.20270270270270271,0.43478260869565216,0.6,0
2803,58.0,New,Groceries,Credit Card,35871.68,22.93,693,0.38461538461538464,0.01875901875901876,2.1379310344827585,0.5384615384615384,0
2804,22.0,Premium,Electronics,Upi,41164.22,16.33,694,0.6875,0.023054755043227664,8.333333333333334,0.125,0
2805,52.0,Premium,Books,Credit Card,47823.1,13.34,1356,0.23684210526315788,0.028023598820058997,0.03910614525139665,0.21052631578947367,0
2806,70.0,Regular,Groceries,Credit Card,4024.72,29.69,686,0.1,0.029154518950437316,1.1851851851851851,0.55,0
2807,32.0,Premium,Groceries,Upi,26085.19,29.32,1495,0.02,0.033444816053511704,1.46875,0.22,0
2808,65.0,Regular,Furniture,Upi,46614.23,48.71,1447,0.17647058823529413,0.011748445058742226,0.5791139240506329,0.8823529411764706,0
2809,49.0,Regular,Groceries,Debit Card,44759.76,19.62,868,0.25,0.009216589861751152,0.37815126050420167,2.0,0
2810,33.0,New,Electronics,Upi,20820.61,42.27,1496,0.875,0.03208556149732621,4.410256410256411,0.3541666666666667,0
2811,45.0,Regular,Electronics,Debit Card,43763.04,0.04,345,0.0,0.002898550724637681,0.08482142857142858,10.0,1
2812,21.0,Inactive,Furniture,Net Banking,19577.91,40.43,973,0.8837209302325582,0.044193216855087356,0.48830409356725146,0.3023255813953488,0
2813,22.0,Regular,Sports,Credit Card,34790.15,21.12,120,0.0,0.11666666666666667,0.04247104247104247,1.2857142857142858,1
2814,23.0,New,Sports,Net Banking,42554.17,36.63,1246,0.14285714285714285,0.0056179775280898875,0.1266233766233766,2.142857142857143,1
2815,31.0,Regular,Books,Upi,32993.96,19.29,1070,0.11538461538461539,0.024299065420560748,1.144,0.6153846153846154,0
2816,48.0,Regular,Electronics,Cash,40956.36,17.66,102,0.6470588235294118,0.3333333333333333,0.7083333333333334,0.029411764705882353,0
2817,60.0,New,Groceries,Net Banking,38057.9,26.82,100,0.19230769230769232,0.26,1.180722891566265,0.5769230769230769,0
2818,18.0,Premium,Sports,Net Banking,8251.35,0.09,346,0.5625,0.09248554913294797,0.43425076452599387,0.09375,0
2819,58.0,New,Clothing,Debit Card,21288.76,0.89,131,0.7391304347826086,0.17557251908396945,0.2188679245283019,0.0,1
2820,67.0,Inactive,Groceries,Upi,38131.64,29.2,611,0.47058823529411764,0.05564648117839607,0.3287671232876712,0.08823529411764706,0
2821,56.0,Regular,Groceries,Upi,44639.09,13.01,806,0.03333333333333333,0.03722084367245657,0.27530364372469635,0.6,0
2822,51.0,New,Groceries,Debit Card,3884.72,28.06,755,0.5416666666666666,0.031788079470198675,0.10317460317460317,0.08333333333333333,1
2823,45.0,Regular,Sports,Net Banking,39882.46,41.05,129,0.0,0.20155038759689922,0.7289719626168224,0.2692307692307692,0
2824,58.0,Regular,Furniture,Upi,1304.75,1.62,1583,0.6,0.006317119393556538,0.7597765363128491,1.1,0
2825,68.0,Regular,Books,Upi,35323.54,24.11,1044,0.1935483870967742,0.029693486590038315,0.04032258064516129,0.1935483870967742,0
2826,62.0,New,Electronics,Net Banking,39246.85,41.98,1408,0.9210526315789473,0.026988636363636364,1.7142857142857142,0.23684210526315788,0
2827,27.0,Premium,Electronics,Credit Card,33406.92,6.92,1377,0.5882352941176471,0.012345679012345678,0.390625,0.5882352941176471,1
2828,21.0,Regular,Furniture,Cash,25610.4,37.22,1763,0.3333333333333333,0.0017016449234259785,9.0,6.0,0
2829,49.0,Inactive,Groceries,Debit Card,26261.21,23.92,57,0.75,0.2807017543859649,0.610062893081761,0.1875,0
2830,30.0,Regular,Furniture,Debit Card,38736.13,2.97,670,0.6,0.022388059701492536,9.3125,0.13333333333333333,0
2831,28.0,Inactive,Clothing,Cash,24840.07,48.68,1348,1.0,0.001483679525222552,0.1958041958041958,7.0,0
2832,44.0,Regular,Groceries,Credit Card,19680.55,25.6,1098,0.4489795918367347,0.044626593806921674,0.6980392156862745,0.12244897959183673,0
2833,56.0,Premium,Electronics,Credit Card,8182.54,38.9,290,0.0,0.07586206896551724,0.32098765432098764,0.045454545454545456,0
2834,33.0,Premium,Clothing,Upi,2428.17,19.11,191,0.2631578947368421,0.09947643979057591,0.48333333333333334,0.15789473684210525,0
2835,60.0,New,Furniture,Credit Card,2652.25,13.12,719,0.6666666666666666,0.06675938803894298,0.6113207547169811,0.10416666666666667,0
2836,22.0,New,Groceries,Net Banking,35627.08,40.05,1109,0.3333333333333333,0.002705139765554554,0.6021505376344086,6.0,0
2837,53.0,Regular,Groceries,Upi,30903.46,29.19,317,0.12195121951219512,0.12933753943217666,0.25510204081632654,0.3170731707317073,0
2838,48.0,Inactive,Groceries,Credit Card,40610.52,42.78,326,0.25,0.11042944785276074,0.5379310344827586,0.25,0
2839,28.0,New,Electronics,Net Banking,27066.21,41.82,510,0.4117647058823529,0.03333333333333333,1.8979591836734695,0.11764705882352941,0
2840,47.0,Regular,Groceries,Upi,11705.01,3.68,1420,0.3333333333333333,0.002112676056338028,2.4035087719298245,0.3333333333333333,0
2841,42.0,Premium,Clothing,Credit Card,30412.0,12.43,80,0.75,0.1,0.35714285714285715,0.0,0
2842,34.0,Premium,Books,Upi,28609.11,37.22,1764,0.24242424242424243,0.01870748299319728,2.811320754716981,0.5757575757575758,0
2843,42.0,Regular,Sports,Debit Card,20755.74,27.61,566,0.0625,0.05653710247349823,0.6880733944954128,0.0625,0
2844,23.0,Premium,Clothing,Credit Card,3953.15,5.18,730,0.0,0.03561643835616438,0.5659722222222222,0.11538461538461539,0
2845,23.0,Premium,Groceries,Net Banking,6234.29,43.69,108,0.4634146341463415,0.37962962962962965,0.0029154518950437317,0.21951219512195122,0
2846,50.0,New,Electronics,Cash,37369.59,39.62,1704,0.4864864864864865,0.02171361502347418,0.5909090909090909,0.08108108108108109,0
2847,50.0,New,Clothing,Upi,1578.16,5.23,1000,0.4,0.005,1.0769230769230769,2.4,0
2848,26.0,New,Groceries,Debit Card,48847.48,29.98,469,0.023255813953488372,0.09168443496801706,4.178571428571429,0.18604651162790697,0
2849,46.0,Regular,Furniture,Debit Card,29240.91,46.06,535,0.926829268292683,0.07663551401869159,0.4312267657992565,0.0,0
2850,56.0,Regular,Groceries,Debit Card,48498.69,30.74,175,0.5208333333333334,0.2742857142857143,1.0434782608695652,0.4166666666666667,0
2851,18.0,Premium,Clothing,Cash,21618.05,40.45,1169,1.0,0.009409751924721984,0.3333333333333333,0.18181818181818182,0
2852,20.0,New,Groceries,Cash,4835.66,41.83,710,0.75,0.022535211267605635,0.16666666666666666,1.0625,0
2853,36.0,Premium,Electronics,Net Banking,11680.04,1.87,625,0.38095238095238093,0.0336,0.04054054054054054,0.047619047619047616,0
2854,51.0,New,Furniture,Cash,43902.29,18.93,586,0.8,0.034129692832764506,0.5,0.9,0
2855,50.0,New,Electronics,Net Banking,1099.79,32.48,1664,0.03333333333333333,0.018028846153846152,0.1346153846153846,0.0,0
2856,47.0,Premium,Groceries,Cash,47509.37,38.26,664,0.625,0.04819277108433735,1.4736842105263157,0.46875,0
2857,56.0,Regular,Books,Credit Card,22485.48,5.16,104,1.0,0.028846153846153848,3.0,1.0,0
2858,35.0,Premium,Electronics,Net Banking,14687.39,4.31,602,0.7222222222222222,0.029900332225913623,0.46994535519125685,1.0,1
2859,44.0,Regular,Sports,Credit Card,26189.65,33.18,498,0.5348837209302325,0.08634538152610442,0.861244019138756,0.23255813953488372,0
2860,54.0,New,Books,Credit Card,1812.43,10.56,667,0.0,0.06596701649175413,0.775,0.1590909090909091,0
2861,57.0,Inactive,Electronics,Credit Card,31512.13,49.0,1544,0.88,0.016191709844559584,1.6818181818181819,0.48,0
2862,57.0,Inactive,Books,Upi,12150.22,49.72,1452,0.8,0.02066115702479339,1.3153153153153154,0.3,0
2863,27.0,New,Groceries,Net Banking,36277.33,46.45,800,0.4782608695652174,0.0575,1.900990099009901,0.3695652173913043,0
2864,39.0,Inactive,Electronics,Credit Card,33113.23,19.4,524,0.5161290322580645,0.05916030534351145,0.7296137339055794,0.06451612903225806,0
2865,35.0,Regular,Books,Upi,44780.04,24.08,42,0.0,0.19047619047619047,0.32051282051282054,1.75,1
2866,41.0,New,Sports,Credit Card,24145.7,11.45,1498,0.2857142857142857,0.004672897196261682,0.725609756097561,2.7142857142857144,0
2867,25.0,Premium,Groceries,Debit Card,19963.47,40.57,835,0.5,0.0023952095808383233,0.548951048951049,3.0,0
2868,37.0,Regular,Books,Upi,26988.18,29.8,1025,0.5263157894736842,0.037073170731707315,3.375,0.23684210526315788,0
2869,18.0,Inactive,Sports,Upi,12901.6,6.62,1560,0.75,0.010256410256410256,0.07282913165266107,1.0625,1
2870,55.0,Regular,Groceries,Credit Card,30414.67,42.61,827,1.0,0.010882708585247884,2.9310344827586206,0.0,0
2871,21.0,Premium,Sports,Upi,39296.7,39.81,898,0.0,0.0066815144766146995,3.0,0.16666666666666666,0
2872,22.0,Premium,Books,Credit Card,23253.82,28.09,315,0.8421052631578947,0.12063492063492064,1.523076923076923,0.5,0
2873,23.0,Premium,Electronics,Debit Card,37123.41,25.6,1393,0.75,0.03158650394831299,0.5833333333333334,0.13636363636363635,0
2874,42.0,Inactive,Electronics,Credit Card,34179.76,47.51,432,0.6122448979591837,0.11342592592592593,0.39669421487603307,0.24489795918367346,0
2875,61.0,Premium,Electronics,Cash,33432.87,26.46,875,0.4117647058823529,0.019428571428571427,0.6877470355731226,0.8235294117647058,0
2876,41.0,New,Electronics,Credit Card,7355.89,49.39,871,0.20512820512820512,0.04477611940298507,0.5183823529411765,0.10256410256410256,0
2877,31.0,New,Sports,Cash,41186.4,6.08,1500,0.7692307692307693,0.017333333333333333,0.08629441624365482,0.7692307692307693,0
2878,32.0,Premium,Clothing,Upi,13459.02,5.82,1067,0.25925925925925924,0.02530459231490159,0.34782608695652173,0.7037037037037037,0
2879,30.0,Inactive,Furniture,Credit Card,3772.82,42.38,491,0.39473684210526316,0.07739307535641547,0.3183856502242152,0.0,0
2880,68.0,Inactive,Electronics,Credit Card,28792.48,11.41,1330,0.7391304347826086,0.03458646616541353,0.9565217391304348,0.08695652173913043,0
2881,69.0,New,Electronics,Cash,19336.45,30.13,1192,0.75,0.010067114093959731,0.6329113924050633,0.6666666666666666,0
2882,38.0,Premium,Groceries,Net Banking,45396.37,20.72,600,0.8333333333333334,0.02,0.5075757575757576,0.75,0
2883,66.0,Inactive,Groceries,Debit Card,25545.48,27.11,1633,0.08,0.03061849357011635,0.11153846153846154,0.06,0
2884,32.0,Premium,Groceries,Net Banking,1703.25,35.38,204,0.8823529411764706,0.08333333333333333,6.384615384615385,1.0,0
2885,39.0,Regular,Furniture,Net Banking,33166.34,34.71,1010,0.6818181818181818,0.04356435643564356,0.3048780487804878,0.11363636363636363,0
2886,57.0,Premium,Groceries,Credit Card,5349.46,7.6,268,0.7837837837837838,0.13805970149253732,0.7299270072992701,0.1891891891891892,0
2887,44.0,New,Groceries,Net Banking,1613.12,7.29,1660,0.0851063829787234,0.028313253012048192,0.7891566265060241,0.19148936170212766,0
2888,18.0,Inactive,Groceries,Net Banking,33065.75,29.47,1661,1.0,0.013847080072245636,0.47808764940239046,0.30434782608695654,0
2889,54.0,Inactive,Books,Cash,48848.92,42.64,1347,0.08695652173913043,0.017074981440237565,1.2098765432098766,0.4782608695652174,0
2890,70.0,Regular,Sports,Net Banking,13836.9,4.27,54,0.41379310344827586,0.5370370370370371,3.727272727272727,0.20689655172413793,0
2891,31.0,New,Electronics,Upi,19950.77,32.65,1167,0.21739130434782608,0.01970865467009426,0.12217194570135746,0.13043478260869565,1
2892,36.0,Regular,Clothing,Net Banking,39925.89,27.15,1462,0.0,0.0013679890560875513,0.5483870967741935,3.5,0
2893,27.0,Premium,Sports,Credit Card,49714.2,27.93,110,0.29411764705882354,0.15454545454545454,0.4580152671755725,0.4117647058823529,0
2894,48.0,New,Clothing,Upi,9002.36,22.07,335,0.6666666666666666,0.01791044776119403,0.4155251141552511,1.5,1
2895,29.0,New,Electronics,Net Banking,3670.64,22.46,992,0.0,0.0010080645161290322,11.75,9.0,0
2896,34.0,New,Sports,Upi,8428.21,30.65,698,0.8695652173913043,0.0659025787965616,0.8868778280542986,0.13043478260869565,0
2897,22.0,Inactive,Sports,Upi,16698.27,16.6,195,0.02127659574468085,0.24102564102564103,0.5185185185185185,0.0,0
2898,20.0,Premium,Furniture,Credit Card,34587.46,38.43,455,0.65,0.04395604395604396,0.09065934065934066,0.2,1
2899,62.0,Premium,Clothing,Credit Card,1031.4,22.59,1557,0.037037037037037035,0.017341040462427744,0.9253731343283582,0.37037037037037035,0
2900,59.0,Regular,Electronics,Debit Card,45268.52,33.48,965,0.3695652173913043,0.04766839378238342,0.10571428571428572,0.43478260869565216,0
2901,39.0,Inactive,Electronics,Upi,38492.24,100.0,1482,0.10714285714285714,0.018893387314439947,0.027874564459930314,0.6785714285714286,0
2902,43.0,Premium,Groceries,Debit Card,30804.71,41.81,452,0.0,0.061946902654867256,0.7727272727272727,0.32142857142857145,0
2903,18.0,Regular,Clothing,Cash,3681.74,0.94,980,0.47058823529411764,0.017346938775510204,2.196078431372549,0.7058823529411765,0
2904,18.0,Inactive,Furniture,Cash,14862.42,36.72,224,0.0,0.11607142857142858,0.028268551236749116,0.11538461538461539,0
2905,49.0,Regular,Electronics,Credit Card,47295.86,41.51,635,0.9736842105263158,0.05984251968503937,1.5113636363636365,0.0,0
2906,24.0,Regular,Electronics,Credit Card,40996.76,32.71,1526,0.6190476190476191,0.013761467889908258,0.7559808612440191,0.8571428571428571,0
2907,64.0,Premium,Groceries,Cash,35563.24,18.62,1654,0.18181818181818182,0.006650544135429262,0.17597765363128492,0.45454545454545453,1
2908,53.0,Regular,Furniture,Upi,10058.77,22.8,585,0.4166666666666667,0.06153846153846154,0.7149122807017544,0.25,0
2909,65.0,Regular,Groceries,Credit Card,9130.66,16.99,1610,0.4230769230769231,0.016149068322981366,0.14697406340057637,0.7307692307692307,0
2910,24.0,Premium,Groceries,Net Banking,8378.29,16.23,942,0.22,0.05307855626326964,0.676923076923077,0.26,0
2911,63.0,New,Furniture,Credit Card,20392.36,11.05,517,0.75,0.02321083172147002,0.31140350877192985,1.4166666666666667,1
2912,19.0,Regular,Books,Credit Card,44599.25,25.37,1743,0.8571428571428571,0.020080321285140562,1.2458563535911602,0.5142857142857142,0
2913,52.0,Premium,Books,Debit Card,41427.46,6.56,1383,0.5,0.014461315979754157,0.18269230769230768,0.55,1
2914,64.0,Inactive,Electronics,Net Banking,16636.26,39.67,1045,0.6666666666666666,0.0028708133971291866,0.3633217993079585,4.666666666666667,0
2915,56.0,Premium,Sports,Debit Card,39370.1,49.47,1583,0.8461538461538461,0.0082122552116235,0.20640569395017794,0.0,1
2916,39.0,New,Electronics,Credit Card,43765.43,16.26,1155,0.41379310344827586,0.025108225108225107,0.07714285714285714,0.06896551724137931,0
2917,54.0,New,Furniture,Credit Card,45622.4,1.95,1620,0.16666666666666666,0.018518518518518517,1.6071428571428572,0.16666666666666666,0
2918,31.0,New,Sports,Net Banking,29958.08,18.8,916,0.5,0.03711790393013101,33.0,0.17647058823529413,0
2919,61.0,Premium,Sports,Cash,31963.18,44.41,1045,0.0,0.031578947368421054,0.5282392026578073,0.21212121212121213,0
2920,35.0,Premium,Sports,Cash,37511.2,36.53,1791,0.875,0.00446677833612507,0.5290102389078498,2.5,0
2921,56.0,New,Electronics,Net Banking,45364.97,16.42,1416,0.3170731707317073,0.028954802259887006,0.06435643564356436,0.17073170731707318,0
2922,49.0,New,Sports,Cash,44184.48,7.28,1078,0.7391304347826086,0.021335807050092765,1.0,0.8695652173913043,0
2923,43.0,Inactive,Electronics,Debit Card,38761.92,12.91,134,0.7142857142857143,0.26119402985074625,1.2231404958677685,0.4,0
2924,63.0,Premium,Sports,Debit Card,23778.07,24.82,670,1.0,0.0014925373134328358,1.082191780821918,18.0,0
2925,47.0,Regular,Clothing,Credit Card,42574.95,2.16,819,0.75,0.009768009768009768,0.7198067632850241,0.625,0
2926,58.0,Regular,Sports,Credit Card,15237.05,22.6,1669,0.8,0.008987417615338526,0.8021978021978022,0.2,0
2927,64.0,Regular,Groceries,Credit Card,32786.84,25.77,976,0.9473684210526315,0.0389344262295082,0.4249201277955272,0.2631578947368421,0
2928,69.0,New,Groceries,Upi,42826.07,22.52,1393,0.6363636363636364,0.023689877961234746,1.5043478260869565,0.45454545454545453,0
2929,69.0,Premium,Groceries,Debit Card,26549.26,49.8,146,1.0,0.21232876712328766,0.7053571428571429,0.03225806451612903,0
2930,44.0,Inactive,Books,Cash,23551.74,19.4,82,0.3333333333333333,0.36585365853658536,0.4659090909090909,0.2,0
2931,59.0,New,Furniture,Upi,11286.64,29.19,608,0.9142857142857143,0.05756578947368421,0.6363636363636364,0.17142857142857143,0
2932,18.0,Regular,Groceries,Debit Card,29599.5,17.0,208,0.2894736842105263,0.18269230769230768,0.3028169014084507,0.02631578947368421,0
2933,66.0,Inactive,Books,Credit Card,16095.52,7.93,613,0.9615384615384616,0.04241435562805873,0.6639344262295082,0.38461538461538464,0
2934,57.0,Premium,Clothing,Net Banking,34653.61,9.42,183,0.7692307692307693,0.21311475409836064,0.9545454545454546,0.20512820512820512,0
2935,36.0,Inactive,Groceries,Credit Card,29465.42,35.52,334,1.0,0.008982035928143712,0.5900621118012422,3.6666666666666665,0
2936,20.0,New,Electronics,Net Banking,12948.08,9.73,1666,0.5483870967741935,0.018607442977190875,0.4276729559748428,0.3548387096774194,0
2937,43.0,Premium,Electronics,Net Banking,28404.06,46.36,1416,0.25,0.025423728813559324,0.0784313725490196,0.5555555555555556,0
2938,64.0,New,Groceries,Cash,22161.17,100.0,515,1.0,0.003883495145631068,0.5569620253164557,2.0,0
2939,59.0,Regular,Groceries,Upi,14522.53,27.87,787,0.42105263157894735,0.0241423125794155,0.35359116022099446,0.0,1
2940,38.0,Inactive,Groceries,Net Banking,6740.43,20.39,1050,0.0,0.0038095238095238095,0.23756906077348067,3.25,1
2941,49.0,Inactive,Books,Upi,15924.87,39.68,1786,0.7045454545454546,0.02463605823068309,1.3949579831932772,0.09090909090909091,0
2942,30.0,Inactive,Electronics,Upi,34079.52,20.55,1188,0.4117647058823529,0.01430976430976431,8.933333333333334,0.29411764705882354,0
2943,42.0,New,Furniture,Upi,9595.21,34.28,720,0.5,0.002777777777777778,0.2077922077922078,9.0,0
2944,44.0,New,Electronics,Credit Card,38776.32,1.86,727,0.9666666666666667,0.04126547455295736,0.3606060606060606,0.0,0
2945,61.0,Premium,Electronics,Net Banking,10756.72,42.42,923,0.0,0.004333694474539545,0.6153846153846154,4.75,0
2946,56.0,Premium,Electronics,Cash,9524.92,3.69,1705,0.96,0.01466275659824047,0.15015015015015015,0.28,1
2947,32.0,Inactive,Books,Credit Card,37161.31,7.88,35,0.2,0.14285714285714285,0.8608247422680413,3.8,0
2948,39.0,Premium,Groceries,Credit Card,8400.96,45.98,1076,0.16666666666666666,0.0055762081784386614,0.6818181818181818,2.8333333333333335,0
2949,44.0,New,Sports,Upi,9500.64,38.97,1035,0.9444444444444444,0.017391304347826087,0.4567901234567901,1.0555555555555556,0
2950,65.0,New,Groceries,Credit Card,44587.87,46.68,1449,0.18181818181818182,0.00759144237405107,3.21875,0.5454545454545454,0
2951,60.0,Premium,Electronics,Upi,21358.73,28.85,778,0.5454545454545454,0.014138817480719794,2.6785714285714284,0.7272727272727273,0
2952,50.0,Regular,Electronics,Credit Card,44111.44,24.55,1354,0.9166666666666666,0.03545051698670606,20.857142857142858,0.2708333333333333,0
2953,45.0,New,Electronics,Debit Card,31567.55,45.84,957,0.6444444444444445,0.047021943573667714,0.26136363636363635,0.24444444444444444,0
2954,53.0,Regular,Groceries,Upi,27599.02,26.82,681,0.53125,0.04698972099853157,14.25,0.0,0
2955,48.0,New,Books,Net Banking,25545.48,4.32,343,1.0,0.011661807580174927,0.41904761904761906,4.0,0
2956,52.0,Premium,Groceries,Cash,3534.19,29.94,1578,0.11764705882352941,0.021546261089987327,0.1444866920152091,0.35294117647058826,0
2957,42.0,Premium,Groceries,Upi,564.84,9.79,98,1.0,0.02040816326530612,0.07905138339920949,10.0,1
2958,39.0,New,Furniture,Debit Card,1023.44,10.06,996,0.7272727272727273,0.03313253012048193,0.4661016949152542,0.36363636363636365,0
2959,54.0,Inactive,Electronics,Net Banking,23577.5,26.18,1432,0.2,0.006983240223463687,0.703125,0.8,0
2960,41.0,Regular,Sports,Credit Card,13867.82,41.92,1293,0.8636363636363636,0.03402938901778809,2.2,0.4090909090909091,0
2961,53.0,New,Electronics,Cash,22279.61,46.55,849,0.9411764705882353,0.04004711425206125,1.9836065573770492,0.0,0
2962,49.0,Regular,Electronics,Debit Card,24237.15,32.44,493,0.0,0.006085192697768763,4.172413793103448,3.0,0
2963,32.0,New,Furniture,Debit Card,36734.47,29.86,874,0.8333333333333334,0.02745995423340961,0.7758620689655172,0.16666666666666666,0
2964,23.0,Regular,Electronics,Credit Card,2231.89,41.43,1046,0.0,0.0057361376673040155,14.0,2.5,0
2965,53.0,Premium,Sports,Net Banking,1085.12,2.4,364,0.75,0.03296703296703297,0.9553072625698324,0.75,0
2966,61.0,Inactive,Furniture,Upi,2122.22,0.6,1308,0.5833333333333334,0.009174311926605505,0.13005780346820808,1.5833333333333333,1
2967,68.0,Regular,Sports,Cash,33884.73,32.7,894,0.9,0.03355704697986577,0.9590643274853801,0.23333333333333334,0
2968,38.0,Regular,Clothing,Debit Card,8766.42,7.57,1400,0.9795918367346939,0.035,0.5117647058823529,0.3877551020408163,0
2969,59.0,Premium,Clothing,Cash,20520.95,5.65,1772,0.0,0.003386004514672686,1.036697247706422,1.5,0
2970,41.0,Regular,Clothing,Upi,46902.88,49.16,1548,0.8333333333333334,0.01937984496124031,0.9661016949152542,0.43333333333333335,0
2971,54.0,New,Furniture,Net Banking,37305.35,45.03,1600,0.625,0.005,45.333333333333336,1.25,0
2972,23.0,Regular,Furniture,Net Banking,2798.11,18.16,191,0.7674418604651163,0.225130890052356,1.0326797385620916,0.27906976744186046,0
2973,35.0,Inactive,Furniture,Debit Card,26017.65,10.57,1534,0.3333333333333333,0.001955671447196871,0.7456647398843931,4.0,0
2974,20.0,New,Clothing,Credit Card,16869.7,28.25,559,0.35294117647058826,0.03041144901610018,0.4831081081081081,0.7647058823529411,0
2975,41.0,Regular,Electronics,Net Banking,36963.56,5.46,791,1.0,0.03666245259165613,0.4,0.034482758620689655,0
2976,69.0,New,Clothing,Debit Card,34032.69,44.85,1706,0.7037037037037037,0.015826494724501757,0.4536741214057508,0.37037037037037035,0
2977,28.0,Regular,Groceries,Cash,20896.47,25.0,593,0.32432432432432434,0.06239460370994941,0.12962962962962962,0.3783783783783784,0
2978,62.0,Premium,Books,Cash,44295.11,7.39,1044,0.6666666666666666,0.0028735632183908046,0.31627906976744186,1.3333333333333333,1
2979,60.0,Premium,Groceries,Credit Card,15177.08,41.31,1500,0.7727272727272727,0.014666666666666666,0.45084745762711864,0.6818181818181818,0
2980,57.0,Premium,Books,Net Banking,40316.09,23.52,603,0.9387755102040817,0.0812603648424544,0.18857142857142858,0.3877551020408163,0
2981,46.0,New,Electronics,Debit Card,9137.99,12.4,1427,0.8947368421052632,0.013314646110721794,0.11538461538461539,0.7894736842105263,1
2982,48.0,Premium,Clothing,Debit Card,4386.87,9.16,734,0.8928571428571429,0.03814713896457766,0.7976878612716763,0.03571428571428571,0
2983,69.0,Inactive,Books,Cash,21479.25,43.21,1297,0.6666666666666666,0.009252120277563608,0.7227272727272728,1.3333333333333333,0
2984,47.0,New,Furniture,Net Banking,47065.06,16.53,1583,0.26666666666666666,0.018951358180669616,0.5944055944055944,0.5333333333333333,0
2985,36.0,Regular,Clothing,Upi,6219.56,30.52,36,0.0,0.027777777777777776,2.642857142857143,18.0,0
2986,62.0,Inactive,Groceries,Debit Card,34921.28,16.64,801,0.25,0.0149812734082397,5.424242424242424,1.5,0
2987,33.0,Inactive,Electronics,Cash,8082.96,13.94,526,0.875,0.015209125475285171,0.2730627306273063,1.125,1
2988,45.0,New,Electronics,Debit Card,49068.82,20.48,1807,1.0,0.002767017155506364,0.16990291262135923,0.8,1
2989,21.0,Premium,Sports,Upi,17096.75,12.62,101,0.1111111111111111,0.26732673267326734,5.0625,0.25925925925925924,0
2990,26.0,New,Sports,Net Banking,12442.99,2.64,168,1.0,0.11904761904761904,0.7654867256637168,0.25,0
2991,52.0,Inactive,Sports,Credit Card,14571.31,22.83,296,0.09090909090909091,0.037162162162162164,0.5966850828729282,0.5454545454545454,0
2992,58.0,Regular,Furniture,Credit Card,1209.64,27.23,839,0.7555555555555555,0.05363528009535161,1.4895833333333333,0.3333333333333333,0
2993,44.0,Regular,Sports,Debit Card,17662.48,43.09,754,0.6,0.026525198938992044,0.7764705882352941,0.6,0
2994,45.0,Regular,Electronics,Upi,46539.57,8.26,315,0.3235294117647059,0.10793650793650794,0.6183745583038869,0.47058823529411764,0
2995,22.0,Inactive,Furniture,Upi,27244.58,21.64,1236,0.3695652173913043,0.0372168284789644,3.6818181818181817,0.41304347826086957,0
2996,63.0,Regular,Electronics,Credit Card,25324.33,7.82,702,0.8,0.04985754985754986,0.38591549295774646,0.2571428571428571,0
2997,27.0,Regular,Electronics,Credit Card,11400.85,33.73,1653,0.6744186046511628,0.02601330913490623,0.439873417721519,0.3953488372093023,0
2998,64.0,Regular,Sports,Debit Card,45939.23,10.4,289,0.5454545454545454,0.03806228373702422,0.44144144144144143,1.4545454545454546,1
2999,68.0,New,Furniture,Net Banking,7241.11,47.24,324,0.2,0.07716049382716049,0.4722222222222222,0.4,0
3000,51.0,New,Electronics,Debit Card,12538.45,0.31,926,0.2978723404255319,0.05075593952483801,0.4637096774193548,0.3617021276595745,0
3001,23.0,New,Electronics,Cash,27078.73,41.19,1472,0.5116279069767442,0.029211956521739132,1.197080291970803,0.46511627906976744,0
3002,41.0,Regular,Groceries,Credit Card,9087.47,47.7,144,0.7142857142857143,0.19444444444444445,1.7313432835820894,0.5357142857142857,0
3003,34.0,Regular,Groceries,Debit Card,18144.42,29.2,1556,0.8529411764705882,0.021850899742930592,0.14285714285714285,0.11764705882352941,0
3004,58.0,Premium,Furniture,Credit Card,40882.83,40.51,1593,0.34782608695652173,0.014438166980539862,6.666666666666667,0.21739130434782608,0
3005,64.0,Regular,Groceries,Net Banking,14872.51,20.53,968,0.8181818181818182,0.022727272727272728,0.6,0.3181818181818182,0
3006,59.0,Regular,Electronics,Cash,21070.67,48.55,1636,0.8571428571428571,0.004278728606356968,0.06521739130434782,1.5714285714285714,1
3007,36.0,Inactive,Groceries,Debit Card,26618.35,42.07,600,0.0,0.025,0.5568181818181818,1.2666666666666666,0
3008,44.0,Inactive,Groceries,Credit Card,37432.49,10.36,610,0.125,0.05245901639344262,0.12602739726027398,0.59375,0
3009,52.0,Regular,Furniture,Credit Card,45941.98,21.89,519,0.9333333333333333,0.057803468208092484,28.166666666666668,0.43333333333333335,0
3010,61.0,Regular,Furniture,Net Banking,34035.71,13.95,874,0.05263157894736842,0.043478260869565216,1.3170731707317074,0.21052631578947367,0
3011,19.0,Inactive,Groceries,Net Banking,3428.27,6.44,89,0.6428571428571429,0.15730337078651685,2.32,0.5,0
3012,62.0,Regular,Sports,Debit Card,25190.55,43.36,758,0.42424242424242425,0.04353562005277045,0.19170984455958548,0.5151515151515151,0
3013,45.0,Inactive,Electronics,Credit Card,44609.08,27.41,269,1.0,0.07806691449814127,0.2564102564102564,0.8095238095238095,0
3014,41.0,Regular,Groceries,Cash,41966.41,9.89,1373,0.2222222222222222,0.013109978150036417,0.5700483091787439,0.0,0
3015,46.0,Premium,Furniture,Cash,23309.96,49.9,1301,0.54,0.03843197540353574,0.47959183673469385,0.38,0
3016,41.0,Inactive,Sports,Upi,17995.93,24.73,783,0.9473684210526315,0.024265644955300127,0.3024054982817869,1.0,1
3017,19.0,Regular,Sports,Net Banking,34572.28,19.34,264,0.125,0.06060606060606061,0.629757785467128,1.25,0
3018,37.0,Regular,Books,Credit Card,44929.74,27.96,1543,0.5263157894736842,0.012313674659753726,0.278125,0.2631578947368421,1
3019,60.0,Premium,Books,Credit Card,47149.01,44.71,837,0.25,0.0047789725209080045,0.6102941176470589,4.0,0
3020,59.0,Premium,Books,Debit Card,30707.79,35.49,1485,0.6,0.003367003367003367,1.6041666666666667,2.2,0
3021,36.0,Premium,Electronics,Cash,2497.83,40.34,566,0.42857142857142855,0.024734982332155476,1.7428571428571429,1.4285714285714286,0
3022,47.0,Premium,Furniture,Debit Card,38843.2,7.07,382,0.9148936170212766,0.12303664921465969,1.6333333333333333,0.23404255319148937,0
3023,64.0,Premium,Sports,Upi,43963.64,14.29,508,0.3157894736842105,0.03740157480314961,0.125,0.9473684210526315,1
3024,36.0,Inactive,Clothing,Cash,9213.36,35.83,367,0.8333333333333334,0.01634877384196185,0.0353356890459364,1.8333333333333333,1
3025,40.0,Inactive,Groceries,Credit Card,28625.06,35.37,309,0.42105263157894735,0.12297734627831715,0.8482758620689655,0.5,0
3026,69.0,Premium,Groceries,Debit Card,20628.5,4.32,1547,0.3,0.012928248222365869,0.07540983606557378,0.15,1
3027,64.0,Regular,Books,Credit Card,35647.59,23.65,975,0.8181818181818182,0.033846153846153845,0.5288461538461539,0.5757575757575758,0
3028,45.0,New,Electronics,Credit Card,24931.66,14.52,1613,0.16666666666666666,0.007439553626782393,0.45454545454545453,0.25,0
3029,28.0,Regular,Furniture,Credit Card,49699.64,1.97,363,0.6666666666666666,0.01652892561983471,1.0201342281879195,1.5,0
3030,57.0,Inactive,Electronics,Debit Card,27479.27,26.41,1687,0.7222222222222222,0.02133965619442798,4.138888888888889,0.3333333333333333,0
3031,41.0,Regular,Electronics,Credit Card,5830.77,28.79,1403,0.24324324324324326,0.026372059871703494,0.033003300330033,0.43243243243243246,0
3032,31.0,Regular,Groceries,Upi,36489.47,34.81,1796,0.3888888888888889,0.0200445434298441,2.326530612244898,0.1111111111111111,0
3033,58.0,New,Electronics,Credit Card,48703.06,35.58,1787,0.1,0.01119194180190263,0.05042016806722689,0.75,1
3034,59.0,New,Furniture,Credit Card,25545.48,44.39,259,0.3333333333333333,0.023166023166023165,0.3048780487804878,0.16666666666666666,1
3035,33.0,Premium,Electronics,Credit Card,44424.03,12.45,1039,0.5510204081632653,0.04716073147256978,1.125925925925926,0.22448979591836735,0
3036,22.0,New,Groceries,Credit Card,19846.61,2.9,763,0.96,0.0655307994757536,0.46062992125984253,0.22,0
3037,63.0,Premium,Clothing,Debit Card,41362.72,37.8,1386,0.0,0.0036075036075036075,0.2897196261682243,2.4,0
3038,49.0,Premium,Electronics,Debit Card,48634.78,33.59,1585,0.023809523809523808,0.026498422712933754,2.793103448275862,0.3333333333333333,0
3039,54.0,Regular,Electronics,Debit Card,20247.4,23.08,854,0.6785714285714286,0.03278688524590164,12.714285714285714,0.6785714285714286,0
3040,56.0,New,Sports,Credit Card,12655.44,35.79,1039,0.07692307692307693,0.03753609239653513,0.4409448818897638,0.358974358974359,0
3041,24.0,New,Books,Net Banking,39176.87,29.0,891,0.0,0.001122334455667789,2.088235294117647,20.0,0
3042,30.0,Premium,Clothing,Debit Card,11166.88,1.53,614,0.75,0.03257328990228013,0.4182692307692308,0.85,1
3043,62.0,New,Furniture,Credit Card,31341.04,32.55,1751,0.6923076923076923,0.0074243289548829245,0.96,0.7692307692307693,0
3044,54.0,Premium,Electronics,Net Banking,42620.44,16.25,721,0.6764705882352942,0.047156726768377254,0.6402877697841727,0.11764705882352941,0
3045,44.0,Regular,Groceries,Debit Card,10972.86,38.46,1093,0.375,0.007319304666056725,0.36610169491525424,0.0,0
3046,28.0,New,Groceries,Cash,28259.29,10.31,1752,0.7142857142857143,0.01997716894977169,0.34615384615384615,0.17142857142857143,0
3047,58.0,Premium,Clothing,Upi,1341.2,12.9,1092,0.8,0.03205128205128205,0.8760330578512396,0.22857142857142856,0
3048,37.0,New,Books,Debit Card,26104.4,36.9,1035,0.6666666666666666,0.017391304347826087,0.18904109589041096,0.16666666666666666,1
3049,67.0,Premium,Electronics,Net Banking,11785.26,22.87,848,0.5384615384615384,0.030660377358490566,0.24858757062146894,0.6923076923076923,0
3050,20.0,Regular,Groceries,Credit Card,15444.53,25.64,787,0.48484848484848486,0.04193138500635324,3.3684210526315788,0.24242424242424243,0
3051,46.0,New,Electronics,Net Banking,15924.49,10.71,810,0.5652173913043478,0.056790123456790124,0.09230769230769231,0.043478260869565216,0
3052,25.0,Regular,Groceries,Credit Card,43057.51,43.87,848,1.0,0.0023584905660377358,0.5897435897435898,8.0,0
3053,65.0,Regular,Groceries,Net Banking,35609.22,13.48,535,0.5454545454545454,0.041121495327102804,0.37222222222222223,0.22727272727272727,0
3054,42.0,Regular,Books,Credit Card,48562.36,49.58,436,0.34,0.11467889908256881,0.453125,0.04,0
3055,36.0,Inactive,Sports,Credit Card,14400.08,16.9,48,0.6190476190476191,0.4375,0.3127147766323024,0.6190476190476191,1
3056,32.0,Premium,Electronics,Debit Card,47786.41,32.18,1100,0.23076923076923078,0.035454545454545454,0.5492957746478874,0.38461538461538464,0
3057,42.0,New,Clothing,Net Banking,6722.53,4.95,504,0.5454545454545454,0.0873015873015873,0.8377192982456141,0.13636363636363635,0
3058,52.0,Inactive,Books,Cash,47143.9,16.24,426,0.0,0.009389671361502348,0.46551724137931033,3.5,0
3059,34.0,Inactive,Furniture,Credit Card,20616.18,45.94,417,0.0,0.014388489208633094,0.04864864864864865,2.8333333333333335,1
3060,44.0,Premium,Clothing,Net Banking,40904.2,31.42,99,0.8333333333333334,0.18181818181818182,0.24305555555555555,0.3333333333333333,1
3061,18.0,Premium,Books,Debit Card,46433.65,16.54,1691,0.21875,0.018923713778829097,0.4365781710914454,0.3125,0
3062,29.0,Regular,Clothing,Net Banking,37567.91,21.39,1755,0.125,0.022792022792022793,0.44970414201183434,0.1,0
3063,44.0,New,Electronics,Cash,17468.35,25.02,945,0.12903225806451613,0.0328042328042328,4.142857142857143,0.41935483870967744,0
3064,31.0,Regular,Groceries,Upi,33282.07,14.23,1410,0.3684210526315789,0.02695035460992908,0.9146341463414634,0.13157894736842105,0
3065,25.0,Regular,Furniture,Cash,41253.95,21.13,1429,0.13333333333333333,0.010496850944716585,0.5909090909090909,1.0,0
3066,20.0,Premium,Groceries,Cash,23523.6,48.3,1373,1.0,0.0007283321194464676,0.6226415094339622,19.0,0
3067,39.0,New,Electronics,Net Banking,37052.58,2.05,607,0.0,0.042833607907743,1.4388489208633093,0.6923076923076923,0
3068,23.0,Premium,Sports,Net Banking,44605.83,42.39,443,0.1956521739130435,0.1038374717832957,0.6428571428571429,0.2391304347826087,0
3069,58.0,New,Electronics,Net Banking,26976.32,23.59,285,0.8181818181818182,0.1543859649122807,0.5652173913043478,0.3409090909090909,0
3070,60.0,Premium,Electronics,Credit Card,44320.39,18.92,729,0.1111111111111111,0.037037037037037035,0.3577981651376147,0.5555555555555556,0
3071,51.0,Premium,Sports,Debit Card,49237.62,41.79,179,0.8085106382978723,0.26256983240223464,0.041666666666666664,0.3404255319148936,0
3072,64.0,New,Sports,Debit Card,6480.65,49.44,551,0.6756756756756757,0.06715063520871144,0.3225806451612903,0.24324324324324326,0
3073,42.0,Premium,Furniture,Debit Card,12435.31,37.91,1818,0.3333333333333333,0.018151815181518153,0.39574468085106385,0.2727272727272727,0
3074,49.0,Inactive,Furniture,Cash,42969.94,38.27,1018,0.8857142857142857,0.0343811394891945,0.13186813186813187,0.2,0
3075,36.0,Inactive,Books,Cash,25031.06,0.24,331,0.14893617021276595,0.1419939577039275,0.5975103734439834,0.3617021276595745,0
3076,39.0,Premium,Groceries,Credit Card,8262.79,37.55,861,0.2857142857142857,0.008130081300813009,0.028070175438596492,2.4285714285714284,1
3077,44.0,Inactive,Electronics,Upi,20750.43,20.29,1502,0.675,0.02663115845539281,3.8,0.425,0
3078,31.0,Regular,Books,Cash,32506.07,18.05,1114,0.6756756756756757,0.03321364452423698,3.1818181818181817,0.24324324324324326,0
3079,26.0,Premium,Books,Net Banking,9851.14,49.65,125,0.0,0.008,0.012396694214876033,18.0,1
3080,69.0,New,Furniture,Cash,3508.15,31.58,490,0.0,0.053061224489795916,0.8551401869158879,0.5,0
3081,28.0,New,Books,Debit Card,35461.91,28.53,1246,0.6530612244897959,0.03932584269662921,0.23106060606060605,0.16326530612244897,0
3082,27.0,New,Sports,Upi,27270.83,43.26,151,0.65,0.13245033112582782,0.13105413105413105,0.95,1
3083,48.0,Inactive,Books,Upi,40697.67,19.75,768,0.8333333333333334,0.0234375,0.15418502202643172,0.7222222222222222,1
3084,61.0,Premium,Books,Net Banking,25736.64,25.11,1212,0.7948717948717948,0.03217821782178218,0.6593886462882096,0.20512820512820512,0
3085,40.0,Premium,Clothing,Credit Card,17025.29,6.62,843,0.65,0.02372479240806643,0.2077922077922078,0.25,0
3086,57.0,Premium,Clothing,Net Banking,42335.26,19.45,486,0.5555555555555556,0.018518518518518517,0.6793893129770993,0.5555555555555556,0
3087,33.0,Inactive,Sports,Upi,2133.87,49.65,495,0.9387755102040817,0.09898989898989899,1.4962406015037595,0.02040816326530612,0
3088,39.0,New,Furniture,Credit Card,7758.57,7.42,286,0.5,0.07692307692307693,0.4309623430962343,0.6818181818181818,0
3089,39.0,Regular,Groceries,Upi,31827.41,29.68,1511,0.2653061224489796,0.03242885506287227,1.2307692307692308,0.22448979591836735,0
3090,67.0,Inactive,Clothing,Net Banking,7232.15,21.72,756,0.15384615384615385,0.017195767195767195,0.5982142857142857,0.3076923076923077,0
3091,62.0,Premium,Books,Upi,26221.96,23.27,1567,0.22,0.03190810465858328,1.1327433628318584,0.1,0
3092,55.0,Premium,Electronics,Net Banking,40590.7,35.87,1449,0.0,0.010351966873706004,0.5111731843575419,0.06666666666666667,0
3093,55.0,Premium,Sports,Debit Card,12923.67,44.81,434,0.0,0.03225806451612903,1.819047619047619,1.0,0
3094,30.0,Regular,Sports,Upi,31796.66,26.87,846,0.5,0.009456264775413711,0.20454545454545456,2.125,1
3095,58.0,Premium,Groceries,Net Banking,24599.85,27.37,236,0.3333333333333333,0.17796610169491525,9.857142857142858,0.3333333333333333,0
3096,55.0,Inactive,Sports,Cash,37760.68,34.35,819,0.75,0.029304029304029304,2.0847457627118646,0.5416666666666666,0
3097,52.0,Inactive,Sports,Credit Card,15141.72,42.21,226,0.92,0.11061946902654868,0.43169398907103823,0.36,1
3098,41.0,Inactive,Sports,Credit Card,39681.74,23.18,691,0.5142857142857142,0.05065123010130246,0.119533527696793,0.37142857142857144,0
3099,31.0,Inactive,Books,Upi,10311.84,48.49,1293,0.5517241379310345,0.02242846094354215,0.3559870550161812,0.5517241379310345,0
3100,31.0,Premium,Furniture,Cash,11062.54,40.14,1273,0.8055555555555556,0.028279654359780047,2.85,0.5277777777777778,0
3101,47.0,Regular,Sports,Net Banking,4474.98,18.61,796,0.6428571428571429,0.017587939698492462,0.3524590163934426,0.21428571428571427,0
3102,66.0,Inactive,Groceries,Upi,39994.46,38.97,53,0.17391304347826086,0.4339622641509434,0.504297994269341,0.0,0
3103,43.0,New,Sports,Debit Card,26438.4,31.89,639,0.6904761904761905,0.06572769953051644,5.473684210526316,0.47619047619047616,0
3104,49.0,New,Electronics,Net Banking,41527.49,28.85,1225,0.2,0.0163265306122449,0.40293040293040294,0.35,0
3105,40.0,Premium,Clothing,Credit Card,17079.98,15.52,696,0.2647058823529412,0.04885057471264368,0.4066390041493776,0.14705882352941177,0
3106,40.0,New,Clothing,Cash,22367.43,10.29,556,0.8636363636363636,0.07913669064748201,0.30835734870317005,0.1590909090909091,0
3107,57.0,Inactive,Clothing,Upi,10452.6,28.14,921,1.0,0.0010857763300760044,1.1575757575757575,9.0,0
3108,67.0,Regular,Electronics,Credit Card,3381.29,24.53,1386,0.16129032258064516,0.022366522366522368,0.8235294117647058,0.12903225806451613,0
3109,27.0,Regular,Groceries,Net Banking,19114.13,34.14,449,0.9767441860465116,0.0957683741648107,1.0465116279069768,0.27906976744186046,0
3110,64.0,Premium,Sports,Credit Card,14611.51,25.25,902,0.6428571428571429,0.015521064301552107,1.0507246376811594,0.42857142857142855,0
3111,60.0,Premium,Books,Upi,29222.89,1.67,1504,0.8571428571428571,0.004654255319148936,13.0,2.4285714285714284,0
3112,64.0,New,Clothing,Cash,8135.47,15.48,1444,0.75,0.0332409972299169,0.8652173913043478,0.3541666666666667,0
3113,30.0,New,Groceries,Cash,18471.83,46.97,1403,0.075,0.02851033499643621,2.6382978723404253,0.325,0
3114,19.0,New,Electronics,Net Banking,14985.47,46.89,250,0.7407407407407407,0.108,0.465564738292011,0.4074074074074074,0
3115,18.0,Regular,Books,Debit Card,40823.18,35.79,1041,0.59375,0.03073967339097022,0.5209302325581395,0.5625,0
3116,68.0,Regular,Furniture,Cash,38521.62,44.11,91,0.5517241379310345,0.31868131868131866,0.23013698630136986,0.13793103448275862,0
3117,60.0,New,Groceries,Net Banking,45960.35,4.39,936,0.391304347826087,0.024572649572649572,1.163265306122449,0.7391304347826086,0
3118,23.0,New,Books,Credit Card,25371.61,48.83,1271,0.6285714285714286,0.02753737214791503,0.44680851063829785,0.22857142857142856,0
3119,70.0,New,Groceries,Credit Card,11108.93,2.03,520,0.075,0.07692307692307693,2.3703703703703702,0.25,0
3120,20.0,Inactive,Sports,Debit Card,41520.56,19.5,485,0.2631578947368421,0.07835051546391752,0.7722772277227723,0.5263157894736842,0
3121,37.0,Regular,Clothing,Upi,20582.17,16.5,95,0.6470588235294118,0.35789473684210527,0.8275862068965517,0.08823529411764706,0
3122,70.0,New,Groceries,Cash,752.9,27.3,625,0.6,0.008,0.7870370370370371,1.8,0
3123,42.0,Premium,Clothing,Net Banking,40217.86,10.6,911,0.4473684210526316,0.04171240395170143,0.32367149758454106,0.3684210526315789,0
3124,65.0,Premium,Sports,Credit Card,44126.37,21.3,1575,0.4375,0.030476190476190476,0.4791666666666667,0.0625,0
3125,33.0,Inactive,Groceries,Credit Card,15993.98,17.56,1337,1.0,0.033657442034405384,0.8666666666666667,0.35555555555555557,0
3126,54.0,Premium,Books,Credit Card,25545.48,26.06,1760,0.55,0.011363636363636364,0.49122807017543857,0.3,0
3127,52.0,Inactive,Groceries,Credit Card,5470.65,11.17,1230,0.0,0.0008130081300813008,0.5031055900621118,0.0,0
3128,39.0,Regular,Books,Upi,1072.3,49.58,1783,0.5294117647058824,0.019068984856982614,1.125,0.14705882352941177,0
3129,47.0,New,Electronics,Cash,28167.36,19.24,1193,0.375,0.020117351215423303,0.07164179104477612,0.7916666666666666,1
3130,67.0,Premium,Clothing,Cash,31460.88,36.2,224,0.11538461538461539,0.11607142857142858,4.842105263157895,0.38461538461538464,0
3131,60.0,Regular,Books,Net Banking,20883.32,21.9,45,0.10810810810810811,0.8222222222222222,0.43190661478599224,0.40540540540540543,0
3132,52.0,Inactive,Clothing,Upi,47422.07,29.87,65,0.875,0.6153846153846154,1.7333333333333334,0.125,0
3133,49.0,Inactive,Groceries,Debit Card,8108.06,29.55,602,1.0,0.009966777408637873,0.3364485981308411,0.3333333333333333,0
3134,54.0,Premium,Electronics,Net Banking,28345.61,47.1,1817,0.3333333333333333,0.001651073197578426,0.08088235294117647,0.3333333333333333,0
3135,61.0,New,Groceries,Net Banking,26346.44,17.44,44,0.3333333333333333,0.5454545454545454,2.3,0.5833333333333334,0
3136,42.0,Premium,Electronics,Cash,45947.89,47.36,500,0.044444444444444446,0.09,1.1505376344086022,0.08888888888888889,0
3137,21.0,Inactive,Books,Credit Card,47188.03,21.47,271,0.20833333333333334,0.08856088560885608,0.6865079365079365,0.08333333333333333,0
3138,53.0,Premium,Books,Cash,3641.88,4.09,1627,1.0,0.02581438229870928,2.7142857142857144,0.09523809523809523,0
3139,32.0,Regular,Electronics,Credit Card,16565.03,29.19,151,0.75,0.07947019867549669,0.7547892720306514,1.25,0
3140,45.0,Regular,Electronics,Credit Card,40891.71,17.04,1762,1.0,0.010783200908059024,0.6470588235294118,0.8421052631578947,0
3141,19.0,New,Sports,Credit Card,28750.67,20.23,734,0.7142857142857143,0.009536784741144414,0.046263345195729534,1.2857142857142858,1
3142,28.0,Premium,Electronics,Upi,2923.18,10.86,1639,0.14285714285714285,0.02989627821842587,0.009216589861751152,0.32653061224489793,0
3143,35.0,New,Books,Cash,13032.04,37.36,1053,0.0,0.000949667616334283,0.05263157894736842,17.0,1
3144,24.0,Premium,Books,Debit Card,27814.64,11.8,1189,0.32,0.04205214465937763,0.6651376146788991,0.2,0
3145,40.0,New,Electronics,Credit Card,34165.17,42.48,1447,0.6842105263157895,0.02626123013130615,0.7543859649122807,0.02631578947368421,0
3146,47.0,Regular,Groceries,Upi,29908.99,11.02,1200,0.9285714285714286,0.023333333333333334,0.5173501577287066,0.6071428571428571,0
3147,59.0,New,Clothing,Credit Card,30615.24,13.71,624,1.0,0.016025641025641024,0.2356687898089172,1.9,0
3148,57.0,New,Books,Debit Card,22431.6,21.55,960,0.8095238095238095,0.04375,0.30246913580246915,0.47619047619047616,0
3149,43.0,Inactive,Electronics,Credit Card,40417.89,9.76,1104,0.7948717948717948,0.035326086956521736,2.02,0.23076923076923078,0
3150,58.0,Premium,Groceries,Credit Card,33778.66,18.77,1632,0.0,0.011642156862745098,0.3082706766917293,0.9473684210526315,1
3151,61.0,Premium,Furniture,Net Banking,47887.09,4.24,847,0.8275862068965517,0.03423848878394333,0.5,0.13793103448275862,0
3152,45.0,Regular,Clothing,Net Banking,26343.62,13.5,1362,0.6666666666666666,0.028634361233480177,0.6878048780487804,0.48717948717948717,0
3153,20.0,New,Groceries,Credit Card,8291.37,24.88,158,0.04,0.15822784810126583,0.6984126984126984,0.36,0
3154,41.0,Premium,Clothing,Upi,35981.53,7.38,340,0.16666666666666666,0.01764705882352941,0.9342105263157895,0.8333333333333334,0
3155,39.0,Premium,Electronics,Credit Card,16390.94,41.85,956,0.7058823529411765,0.03556485355648536,0.25157232704402516,0.5588235294117647,0
3156,44.0,Regular,Books,Debit Card,17304.22,7.51,1601,0.5,0.0024984384759525295,0.2897196261682243,1.75,1
3157,23.0,Premium,Furniture,Debit Card,18887.61,20.69,1389,0.3888888888888889,0.012958963282937365,0.9289940828402367,1.0555555555555556,0
3158,27.0,Premium,Electronics,Debit Card,36032.51,6.18,558,0.7872340425531915,0.08422939068100359,0.07096774193548387,0.0851063829787234,0
3159,65.0,Premium,Books,Net Banking,45484.28,32.03,1078,0.9444444444444444,0.016697588126159554,1.8461538461538463,0.0,0
3160,32.0,Regular,Sports,Debit Card,23546.03,41.72,122,0.21951219512195122,0.3360655737704918,0.6468646864686468,0.4146341463414634,0
3161,66.0,Premium,Electronics,Cash,46562.72,7.36,1802,0.6785714285714286,0.01553829078801332,1.1666666666666667,0.5357142857142857,0
3162,61.0,Premium,Furniture,Debit Card,32830.61,48.01,363,0.2857142857142857,0.01928374655647383,0.4183381088825215,1.7142857142857142,0
3163,44.0,New,Furniture,Net Banking,31019.33,40.28,999,0.46,0.05005005005005005,1.5535714285714286,0.2,0
3164,46.0,Regular,Books,Credit Card,21142.07,38.36,430,0.8888888888888888,0.020930232558139535,0.8376623376623377,1.7777777777777777,0
3165,65.0,Inactive,Electronics,Upi,15885.41,37.39,269,0.2857142857142857,0.07806691449814127,2.484848484848485,0.47619047619047616,0
3166,22.0,New,Sports,Upi,37982.74,27.68,778,0.4444444444444444,0.04627249357326478,0.07058823529411765,0.19444444444444445,0
3167,32.0,New,Electronics,Upi,48128.08,7.94,807,0.9090909090909091,0.040892193308550186,0.837037037037037,0.36363636363636365,0
3168,42.0,New,Electronics,Credit Card,27526.11,24.76,1510,0.8,0.023178807947019868,1.096969696969697,0.45714285714285713,0
3169,60.0,Premium,Sports,Cash,16013.59,3.61,418,0.7419354838709677,0.07416267942583732,1.6576576576576576,0.3870967741935484,0
3170,24.0,Premium,Groceries,Debit Card,5216.45,32.74,480,0.4444444444444444,0.01875,0.3076923076923077,0.2222222222222222,1
3171,18.0,Premium,Books,Cash,4540.17,46.1,812,1.0,0.03078817733990148,0.20218579234972678,0.72,1
3172,37.0,New,Clothing,Credit Card,46612.89,10.68,1429,0.16666666666666666,0.012596221133659902,0.5147540983606558,0.8333333333333334,0
3173,41.0,Regular,Books,Cash,44414.62,39.27,987,0.8125,0.016210739614994935,0.18614718614718614,1.1875,1
3174,19.0,Premium,Books,Cash,37442.43,39.59,1258,0.6666666666666666,0.0023847376788553257,0.3741935483870968,3.0,0
3175,49.0,New,Sports,Net Banking,40779.29,35.85,219,0.6956521739130435,0.1050228310502283,0.056074766355140186,0.6956521739130435,1
3176,48.0,New,Electronics,Cash,49800.78,40.45,344,0.782608695652174,0.13372093023255813,0.44776119402985076,0.2391304347826087,0
3177,49.0,Regular,Groceries,Credit Card,48892.72,10.98,461,0.6428571428571429,0.06073752711496746,1.9090909090909092,0.32142857142857145,0
3178,31.0,Premium,Electronics,Credit Card,11841.03,30.1,623,0.5833333333333334,0.019261637239165328,1.0514705882352942,0.08333333333333333,0
3179,46.0,Inactive,Electronics,Net Banking,36725.87,43.92,664,0.85,0.030120481927710843,0.20817843866171004,0.6,1
3180,47.0,New,Clothing,Credit Card,23222.61,11.06,37,1.0,0.02702702702702703,0.5353535353535354,11.0,0
3181,61.0,New,Sports,Credit Card,8521.68,49.62,277,0.8888888888888888,0.032490974729241874,0.3875,0.5555555555555556,0
3182,55.0,New,Groceries,Upi,8669.14,27.78,565,0.22857142857142856,0.061946902654867256,1.462686567164179,0.4,0
3183,63.0,Inactive,Clothing,Upi,42599.13,45.32,1197,1.0,0.01086048454469507,0.8918918918918919,1.3846153846153846,0
3184,28.0,New,Groceries,Credit Card,48347.81,1.62,402,0.32558139534883723,0.10696517412935323,1.0,0.2558139534883721,0
3185,30.0,Inactive,Clothing,Credit Card,49924.82,26.05,1096,0.07142857142857142,0.012773722627737226,1.0492957746478873,1.2142857142857142,0
3186,60.0,New,Groceries,Net Banking,8124.0,13.07,1171,0.42857142857142855,0.005977796754910333,0.13114754098360656,1.7142857142857142,0
3187,61.0,New,Books,Net Banking,1439.37,27.96,224,0.8695652173913043,0.20535714285714285,0.8362068965517241,0.17391304347826086,0
3188,23.0,Regular,Furniture,Debit Card,46322.96,36.91,371,0.782608695652174,0.06199460916442048,0.568904593639576,0.4782608695652174,0
3189,22.0,New,Furniture,Cash,10268.01,5.22,1046,0.42857142857142855,0.04684512428298279,0.23809523809523808,0.24489795918367346,0
3190,29.0,New,Groceries,Net Banking,26223.5,23.81,900,0.39285714285714285,0.03111111111111111,0.776595744680851,0.21428571428571427,0
3191,22.0,Regular,Electronics,Net Banking,13213.51,29.78,1366,0.03125,0.02342606149341142,0.2966666666666667,0.21875,0
3192,52.0,Premium,Groceries,Upi,42820.78,9.6,265,0.96875,0.12075471698113208,0.5,0.0,0
3193,41.0,Premium,Electronics,Debit Card,4558.88,30.49,609,0.0,0.008210180623973728,0.45930232558139533,3.2,0
3194,29.0,New,Clothing,Credit Card,31114.49,37.91,35,0.0,0.9142857142857143,1.1194029850746268,0.59375,0
3195,64.0,New,Electronics,Debit Card,38978.2,45.37,1748,0.0,0.014302059496567507,0.9147286821705426,0.76,0
3196,58.0,Premium,Groceries,Net Banking,25545.48,33.07,1394,0.0,0.018651362984218076,7.0,0.5384615384615384,0
3197,32.0,New,Electronics,Credit Card,29409.65,19.72,915,1.0,0.003278688524590164,1.9583333333333333,2.0,0
3198,37.0,Inactive,Electronics,Debit Card,18509.75,39.92,773,0.25,0.00517464424320828,0.49828178694158076,3.5,0
3199,57.0,Premium,Sports,Credit Card,32457.41,18.1,1603,0.24489795918367346,0.03056768558951965,0.32571428571428573,0.3877551020408163,0
3200,49.0,Premium,Electronics,Debit Card,34223.88,15.41,1310,0.875,0.0061068702290076335,0.07886435331230283,1.75,1
3201,69.0,New,Electronics,Upi,21488.52,17.02,1574,0.9210526315789473,0.0241423125794155,0.5440613026819924,0.4473684210526316,0
3202,22.0,New,Groceries,Cash,30445.04,10.02,630,0.6818181818181818,0.06984126984126984,0.7247191011235955,0.2727272727272727,0
3203,31.0,New,Clothing,Upi,44243.55,2.55,1749,0.8333333333333334,0.010291595197255575,0.2653061224489796,0.2222222222222222,1
3204,49.0,Regular,Furniture,Upi,40519.53,39.92,818,0.7692307692307693,0.03178484107579462,0.7732558139534884,0.5384615384615384,0
3205,57.0,Inactive,Sports,Debit Card,48636.12,37.23,1778,0.4117647058823529,0.009561304836895388,0.5083798882681564,1.1764705882352942,0
3206,46.0,Regular,Sports,Net Banking,35986.61,6.49,1044,0.3333333333333333,0.0028735632183908046,15.307692307692308,3.6666666666666665,0
3207,28.0,New,Sports,Cash,34121.69,37.4,1307,0.3888888888888889,0.013771996939556235,0.3258785942492013,0.5555555555555556,0
3208,34.0,Premium,Clothing,Credit Card,40334.11,17.47,797,0.5517241379310345,0.03638644918444166,0.03169014084507042,0.5172413793103449,0
3209,32.0,Regular,Clothing,Cash,26917.06,46.25,277,0.9787234042553191,0.16967509025270758,0.1644295302013423,0.10638297872340426,0
3210,33.0,Inactive,Groceries,Debit Card,48812.88,26.24,969,0.75,0.02063983488132095,0.19887955182072828,0.0,1
3211,31.0,Regular,Electronics,Upi,564.74,44.0,241,0.0,0.0954356846473029,0.4107142857142857,0.34782608695652173,0
3212,20.0,New,Groceries,Debit Card,11907.82,26.65,626,0.38235294117647056,0.054313099041533544,0.45987654320987653,0.38235294117647056,0
3213,43.0,Regular,Sports,Debit Card,13690.65,49.17,1772,0.25,0.01580135440180587,0.5495049504950495,0.03571428571428571,0
3214,26.0,Regular,Books,Cash,31156.89,13.22,610,0.08108108108108109,0.060655737704918035,0.8895348837209303,0.10810810810810811,0
3215,44.0,Premium,Electronics,Cash,9362.44,24.46,1819,0.0,0.0010995052226498076,5.391304347826087,8.5,0
3216,56.0,Premium,Groceries,Net Banking,48849.28,13.12,444,1.0,0.04504504504504504,0.5147679324894515,0.9,0
3217,51.0,Regular,Books,Upi,21642.25,13.18,582,1.0,0.003436426116838488,0.7477477477477478,7.0,0
3218,63.0,New,Furniture,Credit Card,42823.14,1.15,869,0.7142857142857143,0.01611047180667434,0.9717514124293786,1.4285714285714286,0
3219,20.0,New,Electronics,Net Banking,20472.64,26.39,204,0.06382978723404255,0.23039215686274508,0.6453488372093024,0.3191489361702128,0
3220,58.0,Inactive,Electronics,Credit Card,30185.85,11.96,290,0.8181818181818182,0.03793103448275862,0.12195121951219512,0.5454545454545454,1
3221,30.0,New,Clothing,Debit Card,30111.97,29.41,538,0.9166666666666666,0.04460966542750929,1.130718954248366,0.125,0
3222,49.0,New,Groceries,Credit Card,17056.07,34.67,1316,0.0,0.0007598784194528875,21.0,18.0,0
3223,69.0,Inactive,Groceries,Net Banking,44379.16,40.93,1110,0.0,0.007207207207207207,0.08029197080291971,1.875,0
3224,31.0,Inactive,Sports,Debit Card,22347.69,36.54,1089,0.35,0.018365472910927456,0.19391634980988592,0.0,1
3225,67.0,New,Clothing,Debit Card,46519.98,16.43,567,0.9642857142857143,0.04938271604938271,1.2123287671232876,0.0,0
3226,57.0,New,Electronics,Debit Card,3358.91,0.49,1651,0.9696969696969697,0.019987886129618413,1.901639344262295,0.5151515151515151,0
3227,60.0,Regular,Clothing,Debit Card,47437.05,21.4,564,0.6666666666666666,0.0851063829787234,0.3157894736842105,0.3958333333333333,0
3228,35.0,New,Furniture,Credit Card,28840.53,15.77,1311,0.27906976744186046,0.03279938977879481,0.18604651162790697,0.0,0
3229,20.0,Inactive,Groceries,Cash,751.4,35.66,1629,0.6785714285714286,0.017188459177409455,0.22727272727272727,0.4642857142857143,0
3230,21.0,Regular,Electronics,Cash,41753.55,32.45,853,0.7142857142857143,0.016412661195779603,2.328358208955224,1.3571428571428572,0
3231,42.0,Regular,Electronics,Debit Card,41214.79,8.26,36,0.5641025641025641,1.0833333333333333,0.7301587301587301,0.3076923076923077,0
3232,33.0,New,Furniture,Debit Card,29861.85,40.16,364,0.6904761904761905,0.11538461538461539,0.11347517730496454,0.11904761904761904,0
3233,19.0,Premium,Books,Debit Card,30658.27,10.75,292,0.024390243902439025,0.1404109589041096,0.2937062937062937,0.0,0
3234,30.0,Inactive,Furniture,Credit Card,35139.27,37.9,646,0.2222222222222222,0.01393188854489164,0.27887323943661974,1.7777777777777777,1
3235,51.0,Premium,Furniture,Net Banking,45547.36,2.8,475,0.5625,0.03368421052631579,0.43258426966292135,1.0,0
3236,51.0,New,Books,Upi,30200.15,44.25,1336,0.53125,0.023952095808383235,0.4485049833887043,0.125,0
3237,61.0,Regular,Furniture,Net Banking,19050.01,4.23,1812,0.42857142857142855,0.003863134657836645,1.5432098765432098,0.5714285714285714,0
3238,26.0,Regular,Books,Upi,29550.64,43.4,777,0.2222222222222222,0.011583011583011582,2.549019607843137,1.1111111111111112,0
3239,59.0,Inactive,Groceries,Credit Card,26629.39,26.3,529,0.74,0.0945179584120983,2.1219512195121952,0.2,0
3240,21.0,Premium,Furniture,Net Banking,36532.58,42.62,958,0.2857142857142857,0.029227557411273485,0.2672955974842767,0.32142857142857145,0
3241,44.0,Inactive,Books,Cash,1237.2,35.43,1544,0.4090909090909091,0.014248704663212436,0.8741721854304636,0.7727272727272727,0
3242,25.0,Premium,Furniture,Debit Card,7243.4,12.77,710,0.05405405405405406,0.05211267605633803,0.8755980861244019,0.24324324324324326,0
3243,19.0,New,Furniture,Upi,17660.15,17.61,1071,0.4583333333333333,0.022408963585434174,0.5558659217877095,0.25,0
3244,44.0,Premium,Furniture,Net Banking,35734.38,33.2,1602,0.3877551020408163,0.03058676654182272,0.49344978165938863,0.20408163265306123,0
3245,46.0,New,Clothing,Debit Card,28933.98,9.0,1083,0.16666666666666666,0.0221606648199446,1.2465753424657535,0.125,0
3246,46.0,Regular,Sports,Credit Card,40705.58,12.42,1040,0.05263157894736842,0.03653846153846154,0.3954248366013072,0.5,0
3247,21.0,Regular,Groceries,Debit Card,49172.0,27.37,1503,0.7435897435897436,0.02594810379241517,0.9182389937106918,0.3333333333333333,0
3248,24.0,New,Electronics,Credit Card,34048.35,17.05,705,0.07692307692307693,0.018439716312056736,0.7824074074074074,1.1538461538461537,0
3249,41.0,Regular,Groceries,Credit Card,46541.4,38.83,799,1.0,0.0025031289111389237,0.5203619909502263,4.0,0
3250,37.0,Premium,Books,Debit Card,24795.54,33.98,1703,0.1,0.005871990604815032,0.45588235294117646,0.6,1
3251,41.0,Inactive,Clothing,Debit Card,5609.34,45.32,776,0.5555555555555556,0.023195876288659795,0.039755351681957186,0.05555555555555555,1
3252,39.0,Regular,Books,Credit Card,17983.01,31.12,898,0.2631578947368421,0.021158129175946547,0.5433526011560693,0.6842105263157895,0
3253,44.0,Regular,Groceries,Net Banking,24440.89,48.53,1710,0.06976744186046512,0.025146198830409357,0.5023474178403756,0.37209302325581395,0
3254,68.0,Premium,Clothing,Debit Card,25545.48,1.5,192,0.375,0.25,0.9112149532710281,0.020833333333333332,0
3255,48.0,Regular,Groceries,Net Banking,23841.68,16.05,1224,0.8409090909090909,0.03594771241830065,0.2926829268292683,0.45454545454545453,0
3256,32.0,New,Furniture,Cash,44414.76,38.92,1422,0.08,0.017580872011251757,0.5537974683544303,0.28,0
3257,44.0,New,Furniture,Credit Card,49174.54,27.32,784,0.14705882352941177,0.04336734693877551,0.525679758308157,0.0,0
3258,41.0,Regular,Furniture,Upi,5095.31,18.47,613,0.16666666666666666,0.009787928221859706,0.42857142857142855,0.16666666666666666,0
3259,21.0,Inactive,Sports,Debit Card,34455.63,36.68,1053,0.46153846153846156,0.012345679012345678,0.15426997245179064,1.3846153846153846,1
3260,55.0,Premium,Electronics,Credit Card,33621.01,11.81,1371,0.7674418604651163,0.031363967906637494,0.5679442508710801,0.32558139534883723,0
3261,22.0,New,Furniture,Upi,26646.56,14.17,1612,0.8571428571428571,0.008684863523573201,0.5800865800865801,0.21428571428571427,0
3262,46.0,New,Clothing,Debit Card,44157.52,44.03,642,0.7083333333333334,0.07476635514018691,2.7142857142857144,0.0,0
3263,50.0,Premium,Clothing,Upi,37271.46,20.24,658,0.16666666666666666,0.0182370820668693,0.8266666666666667,0.6666666666666666,0
3264,35.0,Regular,Groceries,Upi,28160.86,38.32,862,0.9047619047619048,0.048723897911832945,2.2674418604651163,0.35714285714285715,0
3265,33.0,Inactive,Books,Debit Card,16699.46,4.65,588,0.6666666666666666,0.07142857142857142,0.3971830985915493,0.35714285714285715,0
3266,57.0,Premium,Clothing,Debit Card,26560.49,33.19,1654,0.76,0.015114873035066506,0.42038216560509556,0.48,0
3267,54.0,Regular,Electronics,Cash,16848.92,21.86,601,0.2857142857142857,0.03494176372712146,1.05,0.19047619047619047,0
3268,18.0,Inactive,Groceries,Upi,38070.72,42.34,829,0.9736842105263158,0.045838359469240045,0.33448275862068966,0.21052631578947367,0
3269,44.0,Premium,Electronics,Cash,49324.48,9.1,1611,0.3488372093023256,0.02669149596523898,2.0555555555555554,0.09302325581395349,0
3270,59.0,Regular,Groceries,Debit Card,24786.94,9.29,1025,0.3611111111111111,0.0351219512195122,2.1481481481481484,0.3888888888888889,0
3271,63.0,Regular,Electronics,Net Banking,33936.75,3.22,699,0.36,0.0357653791130186,0.4015151515151515,0.6,0
3272,49.0,Regular,Electronics,Cash,39467.57,16.39,847,0.8235294117647058,0.020070838252656435,0.8888888888888888,0.5882352941176471,0
3273,59.0,New,Furniture,Credit Card,28300.31,0.11,840,0.92,0.02976190476190476,0.48066298342541436,0.08,1
3274,58.0,Inactive,Groceries,Credit Card,32137.81,47.03,986,0.4117647058823529,0.017241379310344827,0.40441176470588236,0.7647058823529411,0
3275,20.0,New,Electronics,Credit Card,48125.38,17.76,627,0.058823529411764705,0.02711323763955343,0.5038759689922481,0.29411764705882354,0
3276,27.0,Inactive,Furniture,Debit Card,22432.3,22.8,697,0.03571428571428571,0.040172166427546625,1.8269230769230769,0.14285714285714285,0
3277,23.0,Premium,Furniture,Cash,17706.27,47.2,237,0.6764705882352942,0.14345991561181434,7.333333333333333,0.38235294117647056,0
3278,33.0,Regular,Books,Credit Card,16315.47,27.17,1483,0.3055555555555556,0.024275118004045852,0.2118380062305296,0.16666666666666666,0
3279,54.0,New,Groceries,Credit Card,35655.77,10.24,1626,0.8148148148148148,0.016605166051660517,0.6852589641434262,0.6666666666666666,0
3280,35.0,Regular,Clothing,Credit Card,5241.53,20.11,108,0.8611111111111112,0.3333333333333333,0.61003861003861,0.05555555555555555,0
3281,41.0,Premium,Furniture,Upi,26672.87,17.48,771,0.6666666666666666,0.007782101167315175,0.5952380952380952,1.5,0
3282,57.0,Regular,Books,Credit Card,23917.54,35.16,261,0.6666666666666666,0.034482758620689655,0.8777777777777778,2.111111111111111,0
3283,69.0,Regular,Groceries,Upi,25545.48,2.24,282,0.9090909090909091,0.11702127659574468,40.25,0.45454545454545453,0
3284,32.0,New,Electronics,Debit Card,29969.26,7.66,724,1.0,0.0013812154696132596,0.3888888888888889,12.0,0
3285,69.0,New,Electronics,Credit Card,49917.95,11.96,1278,0.3684210526315789,0.01486697965571205,0.15,0.47368421052631576,0
3286,26.0,Regular,Clothing,Debit Card,25545.48,21.25,442,0.16666666666666666,0.013574660633484163,0.5666666666666667,0.16666666666666666,0
3287,43.0,New,Groceries,Upi,25754.53,20.93,722,0.45454545454545453,0.030470914127423823,0.8666666666666667,0.6363636363636364,0
3288,27.0,New,Electronics,Net Banking,33885.38,20.26,1512,0.25,0.0026455026455026454,0.7901234567901234,0.25,0
3289,38.0,Premium,Electronics,Credit Card,45219.31,42.27,902,0.6521739130434783,0.025498891352549888,0.3190883190883191,0.7391304347826086,0
3290,55.0,Regular,Groceries,Upi,38743.77,48.57,959,0.0,0.005213764337851929,4.162790697674419,3.2,0
3291,62.0,Premium,Clothing,Cash,40072.19,9.38,1801,0.0,0.013325930038867296,1.652542372881356,0.2916666666666667,0
3292,41.0,New,Clothing,Credit Card,29346.7,15.98,935,0.6382978723404256,0.05026737967914439,2.5714285714285716,0.2127659574468085,0
3293,55.0,Regular,Electronics,Cash,35460.05,11.36,572,0.8571428571428571,0.012237762237762238,0.9210526315789473,0.7142857142857143,0
3294,44.0,Regular,Sports,Credit Card,16880.42,5.52,1783,0.4318181818181818,0.024677509814918678,2.8461538461538463,0.022727272727272728,0
3295,67.0,Regular,Sports,Debit Card,27446.47,1.64,419,0.95,0.0477326968973747,0.16049382716049382,0.05,0
3296,36.0,Regular,Sports,Upi,11601.39,20.83,1463,0.9375,0.010936431989063569,0.01639344262295082,0.625,0
3297,37.0,New,Sports,Debit Card,643.46,40.98,953,0.5,0.004197271773347324,0.21379310344827587,3.0,0
3298,46.0,Inactive,Sports,Credit Card,5246.66,23.12,728,0.1,0.013736263736263736,0.8129496402877698,0.1,0
3299,63.0,New,Sports,Net Banking,43199.12,46.02,1344,0.13333333333333333,0.011160714285714286,0.4503105590062112,1.0,0
3300,52.0,New,Furniture,Net Banking,22973.66,30.26,1544,0.14285714285714285,0.0045336787564766836,0.052083333333333336,1.5714285714285714,1
3301,33.0,Regular,Electronics,Credit Card,35221.52,49.05,1616,0.7551020408163265,0.03032178217821782,0.2528409090909091,0.22448979591836735,0
3302,42.0,Regular,Clothing,Net Banking,32697.77,24.41,87,0.8913043478260869,0.5287356321839081,0.8899082568807339,0.1956521739130435,0
3303,51.0,Regular,Electronics,Upi,17844.08,35.87,1199,0.16,0.020850708924103418,0.23529411764705882,0.44,1
3304,30.0,New,Electronics,Debit Card,25124.42,47.02,832,0.8372093023255814,0.051682692307692304,0.4846938775510204,0.0,0
3305,29.0,New,Furniture,Cash,16356.73,7.36,1706,0.8809523809523809,0.0246189917936694,1.2340425531914894,0.07142857142857142,0
3306,28.0,Premium,Books,Net Banking,48920.56,41.51,923,0.1111111111111111,0.009750812567713976,0.29376854599406527,0.2222222222222222,1
3307,50.0,Premium,Electronics,Cash,44364.48,39.4,600,0.10256410256410256,0.065,0.004464285714285714,0.46153846153846156,0
3308,44.0,New,Electronics,Cash,23633.99,2.45,374,0.5952380952380952,0.11229946524064172,0.3465346534653465,0.35714285714285715,0
3309,51.0,Regular,Books,Credit Card,33515.43,26.19,598,0.06976744186046512,0.07190635451505016,0.5271966527196653,0.3488372093023256,0
3310,60.0,New,Electronics,Upi,19592.01,6.47,1356,0.4666666666666667,0.033185840707964605,0.5192307692307693,0.4,0
3311,59.0,Regular,Groceries,Upi,48224.95,22.48,1454,0.5,0.001375515818431912,0.25153374233128833,9.5,1
3312,69.0,Inactive,Electronics,Upi,40963.05,7.46,521,0.6052631578947368,0.07293666026871401,0.17032967032967034,0.15789473684210525,0
3313,64.0,Inactive,Groceries,Credit Card,36665.05,39.12,1045,0.05263157894736842,0.01818181818181818,0.14376996805111822,0.5789473684210527,1
3314,40.0,New,Groceries,Debit Card,13651.35,40.52,773,0.625,0.062095730918499355,0.39776951672862454,0.4166666666666667,0
3315,52.0,New,Electronics,Net Banking,6093.78,36.35,953,0.3829787234042553,0.04931794333683106,0.9703703703703703,0.2978723404255319,0
3316,56.0,Regular,Books,Debit Card,46461.14,33.33,1129,0.475,0.0354295837023915,0.9824561403508771,0.425,0
3317,33.0,New,Furniture,Credit Card,29717.61,37.59,1282,0.05263157894736842,0.029641185647425898,0.989010989010989,0.10526315789473684,0
3318,30.0,New,Clothing,Credit Card,32200.4,6.15,1194,0.6428571428571429,0.023450586264656615,0.6428571428571429,0.10714285714285714,0
3319,44.0,Inactive,Clothing,Net Banking,18793.27,33.91,1009,0.21428571428571427,0.013875123885034688,1.4770642201834863,0.14285714285714285,0
3320,53.0,Premium,Groceries,Upi,19969.09,6.63,1756,0.35714285714285715,0.023917995444191344,0.39183673469387753,0.16666666666666666,0
3321,39.0,New,Sports,Debit Card,3136.53,29.91,1013,0.6363636363636364,0.01085883514313919,1.4014084507042253,1.5454545454545454,0
3322,50.0,Premium,Electronics,Upi,8303.36,29.54,280,0.5,0.12857142857142856,0.44281524926686217,0.16666666666666666,0
3323,46.0,Inactive,Electronics,Upi,7303.52,11.05,717,0.8888888888888888,0.012552301255230125,0.7345132743362832,1.5555555555555556,0
3324,18.0,Inactive,Sports,Upi,34440.17,40.56,696,0.05555555555555555,0.02586206896551724,0.4266666666666667,1.1111111111111112,1
3325,48.0,New,Books,Debit Card,4404.44,15.03,1342,0.35135135135135137,0.027570789865871834,0.868421052631579,0.24324324324324326,0
3326,38.0,Regular,Clothing,Credit Card,46287.13,3.82,1785,0.6666666666666666,0.018487394957983194,0.2401129943502825,0.45454545454545453,0
3327,55.0,New,Electronics,Net Banking,31135.59,25.78,1348,0.5,0.002967359050445104,1.0103092783505154,4.5,0
3328,40.0,Premium,Furniture,Credit Card,10255.42,28.83,1681,0.8235294117647058,0.010113027959547887,0.6602870813397129,0.7058823529411765,0
3329,51.0,Regular,Groceries,Debit Card,20286.92,37.95,574,1.0,0.003484320557491289,1.7008547008547008,9.0,0
3330,69.0,Premium,Books,Debit Card,3839.22,14.99,1304,0.6521739130434783,0.0352760736196319,0.8,0.391304347826087,0
3331,30.0,Regular,Books,Net Banking,7937.56,46.04,1147,0.10526315789473684,0.03312990409764603,28.0,0.42105263157894735,0
3332,58.0,Inactive,Furniture,Net Banking,6124.4,47.97,687,0.5476190476190477,0.0611353711790393,0.468944099378882,0.16666666666666666,0
3333,31.0,Regular,Books,Debit Card,44443.08,3.88,643,0.06060606060606061,0.05132192846034215,1.826086956521739,0.45454545454545453,0
3334,47.0,New,Electronics,Credit Card,5079.17,48.88,648,0.5714285714285714,0.06481481481481481,0.35071090047393366,0.11904761904761904,0
3335,39.0,Regular,Groceries,Debit Card,660.7,8.89,1654,1.0,0.006650544135429262,0.9375,0.9090909090909091,0
3336,42.0,Premium,Sports,Cash,28695.99,0.2,634,0.4375,0.025236593059936908,4.488372093023256,0.875,0
3337,32.0,New,Groceries,Cash,45957.16,40.07,133,0.0,0.03007518796992481,0.38285714285714284,3.75,0
3338,44.0,Regular,Furniture,Upi,42735.03,3.85,418,0.17647058823529413,0.08133971291866028,0.6519823788546255,0.3235294117647059,0
3339,39.0,Premium,Clothing,Debit Card,38245.97,4.27,1326,0.24390243902439024,0.03092006033182504,0.01098901098901099,0.12195121951219512,0
3340,24.0,Regular,Groceries,Cash,19457.0,2.08,1729,0.4,0.002891844997108155,0.2797427652733119,2.6,1
3341,23.0,Regular,Clothing,Credit Card,9991.38,33.71,1090,0.0,0.007339449541284404,0.452914798206278,1.375,1
3342,39.0,Regular,Groceries,Credit Card,38071.38,15.97,1395,0.8666666666666667,0.03225806451612903,1.8833333333333333,0.4444444444444444,0
3343,41.0,New,Electronics,Credit Card,3447.45,16.46,1697,0.2702702702702703,0.021803182086034177,0.9743589743589743,0.13513513513513514,0
3344,55.0,Inactive,Sports,Debit Card,32695.29,8.0,255,0.14285714285714285,0.027450980392156862,0.5217391304347826,1.1428571428571428,0
3345,36.0,Premium,Clothing,Cash,48093.14,34.67,277,0.36363636363636365,0.11913357400722022,0.7254901960784313,0.5454545454545454,0
3346,36.0,New,Groceries,Net Banking,783.22,6.04,648,0.1,0.015432098765432098,2.1666666666666665,0.0,0
3347,20.0,Premium,Furniture,Net Banking,32506.8,35.09,830,0.9696969696969697,0.03975903614457831,0.7098214285714286,0.48484848484848486,0
3348,43.0,Inactive,Clothing,Debit Card,4168.09,27.12,1385,0.2,0.02527075812274368,0.20168067226890757,0.5428571428571428,0
3349,42.0,Inactive,Groceries,Credit Card,47606.49,45.66,671,0.9230769230769231,0.05812220566318927,0.4375,0.5128205128205128,0
3350,30.0,Premium,Furniture,Credit Card,1759.1,4.76,475,0.47619047619047616,0.08842105263157894,0.16326530612244897,0.38095238095238093,0
3351,24.0,New,Books,Debit Card,38491.38,44.36,1494,0.9714285714285714,0.023427041499330656,0.6198347107438017,0.14285714285714285,0
3352,18.0,Premium,Sports,Debit Card,46096.23,19.73,1628,0.8333333333333334,0.029484029484029485,0.6089108910891089,0.041666666666666664,0
3353,44.0,Premium,Groceries,Net Banking,46896.04,48.38,1668,0.8125,0.009592326139088728,0.3153846153846154,0.4375,0
3354,20.0,New,Groceries,Cash,15891.37,6.73,1238,1.0,0.0016155088852988692,1.6372549019607843,10.0,0
3355,66.0,New,Sports,Net Banking,45541.47,21.33,1465,0.06521739130434782,0.031399317406143344,0.5960591133004927,0.1956521739130435,0
3356,49.0,Premium,Electronics,Debit Card,22716.66,16.9,1735,0.0,0.001729106628242075,1.18,0.3333333333333333,0
3357,31.0,Regular,Books,Debit Card,1424.17,33.66,1664,0.2,0.0030048076923076925,0.5960912052117264,3.0,0
3358,47.0,Regular,Clothing,Cash,21896.9,14.47,454,0.75,0.02643171806167401,3.2941176470588234,1.4166666666666667,0
3359,55.0,New,Books,Net Banking,37746.56,47.68,683,0.6428571428571429,0.040995607613469986,0.5027472527472527,0.25,0
3360,62.0,Regular,Furniture,Cash,5618.2,27.57,422,0.5581395348837209,0.1018957345971564,0.5648854961832062,0.13953488372093023,0
3361,60.0,New,Furniture,Debit Card,21610.73,1.07,751,0.9761904761904762,0.0559254327563249,3.380952380952381,0.11904761904761904,0
3362,47.0,Premium,Furniture,Cash,30303.21,28.94,413,0.925,0.09685230024213075,0.5675675675675675,0.325,0
3363,61.0,Inactive,Clothing,Cash,12847.6,35.36,36,0.7142857142857143,0.5833333333333334,2.966666666666667,0.0,0
3364,49.0,Regular,Electronics,Cash,28150.2,45.94,1278,0.8936170212765957,0.036776212832550864,0.9477124183006536,0.19148936170212766,0
3365,57.0,Regular,Books,Debit Card,23075.4,25.23,1149,0.08695652173913043,0.020017406440382943,0.296398891966759,0.17391304347826086,0
3366,18.0,Inactive,Groceries,Credit Card,30738.93,100.0,363,0.4,0.013774104683195593,0.254416961130742,2.2,1
3367,41.0,Regular,Groceries,Cash,10209.15,42.31,167,0.7142857142857143,0.041916167664670656,1.8762886597938144,0.14285714285714285,0
3368,40.0,Premium,Furniture,Cash,10804.37,34.44,871,0.0,0.030998851894374284,3.3684210526315788,0.1111111111111111,0
3369,49.0,Regular,Electronics,Cash,11904.43,43.03,50,0.5,0.88,0.2681818181818182,0.2727272727272727,0
3370,39.0,Regular,Electronics,Credit Card,12248.88,44.15,889,0.5,0.0359955005624297,0.5068493150684932,0.21875,0
3371,62.0,New,Books,Cash,43484.57,47.89,1720,0.2,0.01744186046511628,0.1401098901098901,0.16666666666666666,0
3372,52.0,Premium,Furniture,Cash,22346.74,44.34,1566,0.8333333333333334,0.0038314176245210726,0.5925925925925926,3.3333333333333335,0
3373,32.0,Regular,Sports,Credit Card,37215.32,42.58,933,0.06896551724137931,0.031082529474812434,0.21951219512195122,0.10344827586206896,0
3374,65.0,Inactive,Groceries,Cash,37992.29,24.9,1752,0.5625,0.0091324200913242,0.16964285714285715,0.125,0
3375,31.0,Premium,Electronics,Cash,25441.5,8.1,561,0.6,0.062388591800356503,0.11290322580645161,0.37142857142857144,0
3376,61.0,Premium,Clothing,Net Banking,5228.48,40.06,792,0.5428571428571428,0.04419191919191919,1.448,0.37142857142857144,0
3377,63.0,Inactive,Electronics,Net Banking,6884.96,25.04,208,0.0,0.014423076923076924,0.1282051282051282,2.6666666666666665,0
3378,46.0,Premium,Furniture,Net Banking,48639.5,3.13,1343,1.0,0.012658227848101266,0.4338461538461538,0.8823529411764706,0
3379,68.0,Premium,Books,Credit Card,14436.67,30.33,72,1.0,0.06944444444444445,0.012244897959183673,1.2,1
3380,35.0,Inactive,Clothing,Credit Card,25030.99,10.65,118,0.18604651162790697,0.3644067796610169,0.7523809523809524,0.20930232558139536,0
3381,44.0,Premium,Books,Cash,40337.08,14.71,628,0.0,0.004777070063694267,0.0049261083743842365,0.6666666666666666,1
3382,25.0,Premium,Clothing,Credit Card,18636.15,48.0,1506,0.18181818181818182,0.014608233731739707,0.6282051282051282,0.4090909090909091,0
3383,48.0,Inactive,Sports,Cash,34111.26,29.84,204,0.2222222222222222,0.04411764705882353,0.5956284153005464,1.5555555555555556,0
3384,49.0,Premium,Sports,Net Banking,25545.48,30.0,1768,0.9117647058823529,0.019230769230769232,0.5226480836236934,0.5,0
3385,70.0,New,Groceries,Net Banking,36909.72,45.89,1374,0.967741935483871,0.022561863173216887,1.696969696969697,0.5161290322580645,0
3386,22.0,Regular,Furniture,Credit Card,4659.22,48.55,598,0.2857142857142857,0.05852842809364549,1.373913043478261,0.4,0
3387,50.0,Regular,Electronics,Net Banking,18381.68,29.35,1685,0.7222222222222222,0.010682492581602374,0.5365853658536586,0.8888888888888888,0
3388,23.0,Regular,Clothing,Debit Card,27158.27,44.94,1520,0.75,0.005263157894736842,8.0,2.25,0
3389,61.0,Regular,Sports,Cash,39870.28,17.39,424,0.5121951219512195,0.09669811320754718,0.3293172690763052,0.3902439024390244,0
3390,54.0,New,Sports,Debit Card,12302.09,19.56,1260,0.38095238095238093,0.016666666666666666,0.125,0.5238095238095238,0
3391,30.0,Inactive,Electronics,Net Banking,4516.93,28.18,673,0.2413793103448276,0.04309063893016345,0.06201550387596899,0.4482758620689655,0
3392,44.0,Premium,Electronics,Net Banking,37074.64,48.18,1174,0.25,0.0034071550255536627,5.051282051282051,2.75,0
3393,60.0,Premium,Electronics,Cash,44818.69,17.95,684,0.3181818181818182,0.06432748538011696,0.2702702702702703,0.22727272727272727,0
3394,35.0,Premium,Groceries,Net Banking,46983.7,25.81,1460,0.5918367346938775,0.03356164383561644,0.5723684210526315,0.2653061224489796,0
3395,50.0,New,Books,Net Banking,46392.87,8.24,1626,0.05263157894736842,0.023370233702337023,0.4,0.02631578947368421,0
3396,26.0,Regular,Electronics,Upi,37926.79,15.52,246,0.36,0.2032520325203252,0.9142857142857143,0.1,0
3397,62.0,Regular,Sports,Net Banking,27102.04,0.78,905,0.59375,0.03535911602209945,0.1736111111111111,0.0,0
3398,44.0,Premium,Furniture,Net Banking,13227.05,13.67,151,0.3333333333333333,0.17880794701986755,0.14864864864864866,0.3333333333333333,0
3399,62.0,Inactive,Furniture,Net Banking,23765.94,5.75,1624,0.5185185185185185,0.0166256157635468,3.4444444444444446,0.5925925925925926,0
3400,18.0,Regular,Electronics,Credit Card,23430.58,2.35,979,0.3333333333333333,0.021450459652706845,1.1496598639455782,0.42857142857142855,0
3401,33.0,Regular,Books,Debit Card,33140.65,38.63,1260,0.84,0.01984126984126984,0.5448275862068965,0.6,0
3402,44.0,Regular,Sports,Net Banking,3323.83,39.9,1308,0.58,0.0382262996941896,1.1282051282051282,0.06,0
3403,56.0,Inactive,Furniture,Debit Card,13425.53,42.07,1781,0.0,0.005614823133071308,0.8795180722891566,1.4,0
3404,44.0,Premium,Sports,Credit Card,3429.8,25.58,1697,0.23076923076923078,0.0076605774896876845,0.42567567567567566,0.3076923076923077,0
3405,34.0,New,Books,Credit Card,5296.42,39.36,1702,0.7916666666666666,0.01410105757931845,1.3837209302325582,0.4583333333333333,0
3406,48.0,Premium,Clothing,Upi,12480.63,37.95,1680,0.6111111111111112,0.010714285714285714,0.3669064748201439,0.2222222222222222,0
3407,61.0,Regular,Electronics,Credit Card,16864.88,19.0,450,0.9333333333333333,0.1,0.14814814814814814,0.4444444444444444,0
3408,25.0,Regular,Clothing,Upi,32030.88,5.68,53,0.0,0.1320754716981132,11.714285714285714,0.5714285714285714,0
3409,49.0,Regular,Sports,Credit Card,32655.95,10.2,1412,0.19230769230769232,0.018413597733711047,5.470588235294118,0.15384615384615385,0
3410,37.0,Premium,Sports,Debit Card,39316.7,21.89,1177,0.9285714285714286,0.0237892948173322,1.5238095238095237,0.39285714285714285,0
3411,34.0,Regular,Books,Cash,6436.0,41.63,1199,0.75,0.02335279399499583,3.142857142857143,0.35714285714285715,0
3412,63.0,Regular,Sports,Debit Card,25545.48,35.09,928,0.5,0.010775862068965518,0.2591240875912409,1.0,1
3413,66.0,New,Electronics,Credit Card,26733.4,35.99,582,0.6538461538461539,0.044673539518900345,0.296875,0.038461538461538464,0
3414,57.0,Inactive,Clothing,Cash,9557.13,9.58,501,0.6666666666666666,0.005988023952095809,0.89,5.666666666666667,0
3415,70.0,New,Electronics,Net Banking,10709.58,33.48,1090,0.2222222222222222,0.04128440366972477,0.2670807453416149,0.4444444444444444,0
3416,19.0,Premium,Books,Debit Card,16149.54,43.64,768,0.875,0.041666666666666664,0.3841642228739003,0.0625,0
3417,34.0,Premium,Groceries,Debit Card,14384.69,35.06,1624,0.3333333333333333,0.007389162561576354,0.4980237154150198,1.25,0
3418,35.0,New,Clothing,Credit Card,12641.46,15.31,821,0.7105263157894737,0.04628501827040195,0.09655172413793103,0.02631578947368421,0
3419,54.0,New,Electronics,Upi,15233.74,21.72,1673,1.0,0.014943215780035863,0.3430232558139535,0.44,0
3420,31.0,New,Furniture,Cash,39365.29,40.78,1677,0.6,0.008944543828264758,0.3159722222222222,1.3333333333333333,1
3421,42.0,Inactive,Electronics,Upi,6503.53,44.3,548,0.2222222222222222,0.016423357664233577,0.05343511450381679,1.5555555555555556,0
3422,69.0,Regular,Furniture,Debit Card,2654.41,37.78,319,0.9642857142857143,0.0877742946708464,4.741935483870968,0.6785714285714286,0
3423,58.0,New,Electronics,Net Banking,28401.48,19.86,637,0.7586206896551724,0.04552590266875981,1.3285714285714285,0.10344827586206896,0
3424,30.0,Inactive,Groceries,Cash,3310.2,6.58,1448,0.94,0.034530386740331494,5.387096774193548,0.14,0
3425,67.0,Regular,Clothing,Net Banking,31913.76,25.43,1170,0.20454545454545456,0.037606837606837605,0.24632352941176472,0.18181818181818182,0
3426,54.0,Premium,Sports,Debit Card,21655.3,39.32,718,0.8125,0.022284122562674095,0.59375,0.5,0
3427,69.0,Inactive,Sports,Credit Card,44844.62,35.56,948,0.14583333333333334,0.05063291139240506,0.6428571428571429,0.3333333333333333,0
3428,64.0,Premium,Groceries,Credit Card,43767.05,34.05,1113,1.0,0.04132973944294699,0.10946745562130178,0.30434782608695654,0
3429,32.0,Premium,Sports,Net Banking,45160.63,8.07,823,0.2222222222222222,0.02187120291616039,0.17532467532467533,0.6666666666666666,1
3430,24.0,New,Books,Upi,35669.36,38.32,1389,0.6666666666666666,0.012958963282937365,0.07746478873239436,0.4444444444444444,0
3431,41.0,Premium,Electronics,Credit Card,19199.77,25.23,1478,0.0,0.02435723951285521,0.07936507936507936,0.3055555555555556,0
3432,69.0,New,Sports,Cash,8515.8,23.84,760,0.5384615384615384,0.05131578947368421,0.22522522522522523,0.5128205128205128,0
3433,28.0,Premium,Groceries,Cash,46597.01,21.0,460,0.26,0.10869565217391304,0.2834008097165992,0.1,0
3434,38.0,Regular,Books,Net Banking,41086.02,49.74,472,0.9333333333333333,0.03177966101694915,0.21367521367521367,0.26666666666666666,1
3435,56.0,Inactive,Electronics,Credit Card,25545.48,17.24,1032,0.0,0.025193798449612403,0.18181818181818182,0.15384615384615385,0
3436,46.0,Premium,Clothing,Cash,44754.67,31.33,1642,0.6923076923076923,0.007917174177831911,0.3753501400560224,0.9230769230769231,0
3437,42.0,Regular,Books,Upi,3880.02,45.13,401,0.03125,0.0798004987531172,0.26229508196721313,0.09375,0
3438,18.0,Inactive,Furniture,Credit Card,3741.92,22.66,1005,0.38461538461538464,0.012935323383084577,10.6875,1.3846153846153846,0
3439,57.0,Regular,Groceries,Debit Card,42574.56,45.23,593,0.5172413793103449,0.048903878583473864,0.6296296296296297,0.6551724137931034,0
3440,23.0,New,Groceries,Cash,44739.31,38.36,1338,0.5,0.0029895366218236174,0.5042735042735043,3.5,0
3441,62.0,New,Electronics,Credit Card,27433.48,0.93,86,0.14814814814814814,0.313953488372093,0.05128205128205128,0.5555555555555556,0
3442,53.0,Premium,Books,Credit Card,47216.48,6.06,532,0.45454545454545453,0.020676691729323307,0.6433333333333333,0.7272727272727273,0
3443,56.0,Inactive,Groceries,Cash,2371.23,11.73,1086,0.98,0.04604051565377532,2.1538461538461537,0.38,0
3444,64.0,Regular,Electronics,Credit Card,18358.53,39.48,1707,0.2,0.01757469244288225,3.1875,0.16666666666666666,0
3445,53.0,New,Electronics,Credit Card,43254.34,44.3,376,0.35714285714285715,0.07446808510638298,0.12413793103448276,0.5,0
3446,68.0,Premium,Clothing,Upi,2830.43,25.66,1086,1.0,0.001841620626151013,0.3892857142857143,7.5,0
3447,62.0,Regular,Groceries,Credit Card,27289.88,47.47,651,0.8181818181818182,0.06758832565284179,50.333333333333336,0.22727272727272727,0
3448,39.0,Regular,Furniture,Upi,9210.79,12.41,292,0.7241379310344828,0.09931506849315068,0.7547169811320755,0.3103448275862069,0
3449,46.0,New,Groceries,Debit Card,5667.01,45.56,1654,0.045454545454545456,0.013301088270858524,1.3310810810810811,0.18181818181818182,0
3450,32.0,Regular,Books,Credit Card,16535.66,2.3,1027,0.20930232558139536,0.04186952288218111,0.18980169971671387,0.27906976744186046,0
3451,42.0,Inactive,Clothing,Upi,30436.32,10.06,949,0.6842105263157895,0.020021074815595362,0.25170068027210885,0.15789473684210525,1
3452,34.0,New,Furniture,Upi,28207.34,43.85,1121,1.0,0.039250669045495096,0.6744186046511628,0.36363636363636365,0
3453,38.0,Regular,Furniture,Cash,47907.94,4.3,339,0.6,0.014749262536873156,0.8177339901477833,2.6,0
3454,45.0,Premium,Furniture,Upi,31428.31,32.66,473,0.9655172413793104,0.0613107822410148,0.5974025974025974,0.6551724137931034,0
3455,44.0,Premium,Electronics,Cash,14297.61,10.64,1402,0.45454545454545453,0.007845934379457917,1.9473684210526316,0.7272727272727273,0
3456,56.0,Premium,Clothing,Debit Card,49335.02,21.93,110,0.0,0.14545454545454545,8.75,0.875,0
3457,48.0,Regular,Groceries,Credit Card,3879.47,25.45,914,0.782608695652174,0.02516411378555799,0.4192139737991266,0.5217391304347826,1
3458,62.0,Premium,Books,Debit Card,41767.13,38.67,731,0.75,0.005471956224350205,1.5221238938053097,1.25,0
3459,44.0,Premium,Electronics,Credit Card,19774.91,24.19,85,0.2916666666666667,0.2823529411764706,0.2,0.16666666666666666,0
3460,53.0,New,Sports,Credit Card,43194.87,17.45,1475,0.42424242424242425,0.022372881355932205,0.09966777408637874,0.3333333333333333,0
3461,37.0,Regular,Books,Net Banking,19342.54,0.35,1691,0.4,0.01478415138971023,0.6714801444043321,0.0,0
3462,52.0,New,Sports,Debit Card,2785.8,47.69,1713,0.10256410256410256,0.02276707530647986,3.25,0.20512820512820512,0
3463,58.0,Regular,Sports,Cash,6687.99,25.78,1421,0.3076923076923077,0.009148486980999296,0.8430493273542601,1.3076923076923077,0
3464,56.0,New,Books,Debit Card,36950.17,40.06,802,0.5,0.0024937655860349127,0.0547945205479452,0.0,1
3465,24.0,Regular,Clothing,Cash,2053.65,2.54,1029,0.06896551724137931,0.028182701652089408,1.3146853146853146,0.6206896551724138,0
3466,37.0,Regular,Groceries,Net Banking,22165.3,33.02,924,0.8888888888888888,0.03896103896103896,0.2996941896024465,0.19444444444444445,0
3467,29.0,Regular,Groceries,Upi,24744.74,15.05,1736,0.34782608695652173,0.026497695852534562,47.5,0.21739130434782608,0
3468,50.0,New,Electronics,Credit Card,7887.42,38.02,1031,0.5,0.03297769156159069,0.30859375,0.058823529411764705,0
3469,50.0,Regular,Sports,Credit Card,12909.28,36.29,886,0.6,0.0056433408577878106,0.4161290322580645,3.2,0
3470,31.0,Inactive,Furniture,Cash,4566.81,8.05,1739,0.75,0.006900517538815411,1.7428571428571429,0.5833333333333334,0
3471,69.0,Premium,Electronics,Credit Card,28377.75,1.19,1385,0.2857142857142857,0.01516245487364621,0.7552742616033755,0.14285714285714285,0
3472,44.0,Regular,Sports,Credit Card,47429.73,12.93,774,0.8333333333333334,0.023255813953488372,0.6,0.7777777777777778,0
3473,70.0,Premium,Sports,Net Banking,32670.22,18.99,1236,0.43333333333333335,0.024271844660194174,19.0,0.3333333333333333,0
3474,32.0,Premium,Electronics,Net Banking,34438.3,36.93,1641,0.46153846153846156,0.015843997562461912,0.5947368421052631,0.7692307692307693,0
3475,70.0,New,Groceries,Net Banking,36119.05,19.24,752,0.06451612903225806,0.041223404255319146,0.9612403100775194,0.3870967741935484,0
3476,26.0,New,Sports,Upi,46452.12,42.49,686,0.3958333333333333,0.06997084548104957,2.0972222222222223,0.2708333333333333,0
3477,29.0,New,Groceries,Cash,14732.15,31.16,1173,0.25,0.0034100596760443308,0.4774436090225564,4.0,0
3478,50.0,Premium,Groceries,Cash,15304.77,100.0,1463,0.08333333333333333,0.016404647983595352,0.023255813953488372,0.5416666666666666,0
3479,53.0,Premium,Groceries,Upi,8923.3,41.34,1637,0.8461538461538461,0.023824068417837508,0.725,0.1794871794871795,0
3480,61.0,Premium,Electronics,Credit Card,40120.11,6.98,533,0.72,0.04690431519699812,0.5211267605633803,0.24,0
3481,28.0,Regular,Clothing,Credit Card,10102.04,27.2,191,0.25,0.020942408376963352,1.489795918367347,1.75,0
3482,24.0,New,Clothing,Net Banking,1561.89,17.68,1050,0.4883720930232558,0.040952380952380955,0.5330739299610895,0.23255813953488372,0
3483,38.0,Premium,Sports,Debit Card,18096.22,28.48,873,0.42105263157894735,0.021764032073310423,1.6296296296296295,0.10526315789473684,0
3484,56.0,Regular,Groceries,Cash,35521.81,26.16,1148,1.0,0.02613240418118467,0.1165644171779141,0.4666666666666667,0
3485,30.0,New,Sports,Debit Card,25545.48,16.41,1375,0.5,0.004363636363636364,0.5343137254901961,3.1666666666666665,0
3486,31.0,Inactive,Groceries,Cash,44318.67,26.86,1123,0.6304347826086957,0.04096170970614425,0.1906158357771261,0.043478260869565216,0
3487,27.0,Inactive,Groceries,Debit Card,34778.78,30.0,1792,0.3333333333333333,0.0016741071428571428,0.09698996655518395,4.333333333333333,1
3488,45.0,Inactive,Groceries,Credit Card,35332.22,8.41,913,0.3333333333333333,0.029572836801752465,1.0,0.6296296296296297,0
3489,51.0,Premium,Groceries,Credit Card,23149.93,21.71,1694,0.07894736842105263,0.02243211334120425,0.6448275862068965,0.5,0
3490,18.0,Inactive,Books,Cash,40752.92,30.34,1799,0.625,0.017787659811006114,5.8,0.59375,0
3491,26.0,Regular,Furniture,Credit Card,22982.73,5.04,1201,0.9302325581395349,0.035803497085761866,0.48484848484848486,0.2558139534883721,0
3492,20.0,Regular,Sports,Credit Card,8990.33,15.24,222,0.16,0.11261261261261261,0.7697841726618705,0.2,0
3493,43.0,New,Groceries,Net Banking,31792.4,11.79,348,0.0,0.040229885057471264,1.5963302752293578,0.7857142857142857,0
3494,36.0,Premium,Groceries,Credit Card,25545.48,33.68,1347,0.3333333333333333,0.0066815144766146995,1.5106382978723405,0.0,0
3495,49.0,Regular,Books,Credit Card,37957.52,41.91,319,0.2564102564102564,0.12225705329153605,5.088235294117647,0.20512820512820512,0
3496,36.0,Regular,Clothing,Cash,47429.27,2.46,464,0.9795918367346939,0.10560344827586207,0.6597222222222222,0.0,0
3497,65.0,Premium,Furniture,Credit Card,42820.95,31.98,572,0.0,0.006993006993006993,0.5379310344827586,3.5,0
3498,35.0,Regular,Books,Cash,4758.93,45.36,1171,0.07692307692307693,0.011101622544833475,17.142857142857142,1.1538461538461537,0
3499,29.0,Inactive,Groceries,Cash,34628.25,46.94,1347,0.6666666666666666,0.0334075723830735,2.8955223880597014,0.3333333333333333,0
3500,32.0,New,Groceries,Net Banking,13234.13,19.89,491,0.5,0.04480651731160896,0.14666666666666667,0.6363636363636364,1
3501,39.0,Regular,Furniture,Credit Card,14760.98,46.88,725,0.8571428571428571,0.009655172413793104,1.075268817204301,1.8571428571428572,0
3502,61.0,Inactive,Clothing,Credit Card,29066.49,43.5,1734,0.58,0.02883506343713956,0.22186495176848875,0.1,0
3503,26.0,Regular,Electronics,Credit Card,5361.99,44.24,924,0.8571428571428571,0.045454545454545456,1.4298245614035088,0.16666666666666666,0
3504,28.0,Inactive,Books,Net Banking,27209.91,30.65,999,0.375,0.04804804804804805,0.7647058823529411,0.10416666666666667,0
3505,30.0,Inactive,Electronics,Cash,30349.55,30.18,254,0.1111111111111111,0.03543307086614173,2.4782608695652173,1.5555555555555556,0
3506,27.0,Regular,Furniture,Credit Card,28584.28,39.38,202,0.5625,0.07920792079207921,0.7345679012345679,0.125,0
3507,68.0,New,Sports,Cash,49159.7,1.68,696,0.9166666666666666,0.017241379310344827,0.27900552486187846,1.6666666666666667,1
3508,56.0,Premium,Electronics,Debit Card,14167.25,12.57,624,0.5434782608695652,0.07371794871794872,0.3217821782178218,0.13043478260869565,0
3509,34.0,Premium,Sports,Credit Card,28389.64,39.72,1443,0.18,0.03465003465003465,0.07947019867549669,0.16,0
3510,66.0,Inactive,Electronics,Upi,25545.48,8.26,351,0.23333333333333334,0.08547008547008547,1.986784140969163,0.5333333333333333,0
3511,47.0,Premium,Books,Credit Card,25609.91,44.13,145,0.7317073170731707,0.2827586206896552,0.611353711790393,0.24390243902439024,0
3512,56.0,Regular,Furniture,Cash,18920.58,1.97,896,0.061224489795918366,0.0546875,6.565217391304348,0.02040816326530612,0
3513,31.0,Regular,Furniture,Upi,43093.11,32.27,787,0.3829787234042553,0.05972045743329098,0.4713114754098361,0.2127659574468085,0
3514,53.0,Premium,Groceries,Debit Card,27860.63,15.45,591,0.2727272727272727,0.018612521150592216,0.7088607594936709,0.0,0
3515,69.0,Inactive,Clothing,Net Banking,9598.62,14.35,613,0.8666666666666667,0.024469820554649267,0.4690721649484536,1.3333333333333333,1
3516,70.0,Regular,Clothing,Debit Card,20835.52,10.03,672,0.6458333333333334,0.07142857142857142,1.935483870967742,0.20833333333333334,0
3517,66.0,New,Groceries,Upi,39486.6,42.16,1471,0.8571428571428571,0.004758667573079538,0.3984375,2.5714285714285716,0
3518,70.0,Regular,Furniture,Debit Card,16696.84,20.59,946,0.8148148148148148,0.02854122621564482,7.454545454545454,0.25925925925925924,0
3519,65.0,Premium,Electronics,Credit Card,42228.87,36.84,47,0.21621621621621623,0.7872340425531915,0.2490566037735849,0.5405405405405406,0
3520,54.0,Premium,Electronics,Upi,5082.77,13.28,1748,0.9523809523809523,0.012013729977116704,0.6795580110497238,0.8571428571428571,0
3521,64.0,New,Sports,Credit Card,11877.68,19.82,909,0.4444444444444444,0.009900990099009901,2.9166666666666665,0.2222222222222222,0
3522,37.0,Premium,Electronics,Credit Card,42389.57,2.31,1239,0.225,0.03228410008071025,1.425,0.375,0
3523,53.0,Premium,Electronics,Credit Card,39068.58,18.09,370,0.95,0.10810810810810811,1.0389610389610389,0.15,0
3524,56.0,Premium,Electronics,Net Banking,49467.78,33.35,563,0.17391304347826086,0.08170515097690942,0.9299363057324841,0.2608695652173913,0
3525,19.0,New,Sports,Net Banking,33546.93,40.5,1132,0.8095238095238095,0.037102473498233215,1.5196078431372548,0.023809523809523808,0
3526,31.0,New,Groceries,Debit Card,34508.38,1.2,847,0.3,0.03541912632821724,0.5777777777777777,0.13333333333333333,0
3527,45.0,New,Furniture,Debit Card,34547.73,11.1,460,1.0,0.043478260869565216,0.005698005698005698,0.9,1
3528,51.0,New,Electronics,Cash,37298.45,45.27,400,0.4772727272727273,0.11,15.11111111111111,0.22727272727272727,0
3529,39.0,Premium,Furniture,Credit Card,39741.47,18.85,700,0.41935483870967744,0.04428571428571428,0.6655172413793103,0.12903225806451613,0
3530,46.0,New,Clothing,Net Banking,47301.22,35.89,142,0.24390243902439024,0.2887323943661972,0.6556603773584906,0.4634146341463415,0
3531,64.0,New,Electronics,Upi,39157.39,34.0,844,0.46153846153846156,0.015402843601895734,1.2615384615384615,0.6153846153846154,0
3532,24.0,Regular,Electronics,Net Banking,30175.02,37.18,840,0.6,0.023809523809523808,3.111111111111111,0.05,0
3533,28.0,New,Groceries,Debit Card,37071.74,26.0,543,0.20408163265306123,0.09023941068139964,0.45149253731343286,0.3877551020408163,0
3534,56.0,Premium,Books,Credit Card,34168.95,39.82,1095,0.6875,0.014611872146118721,0.5225225225225225,1.1875,0
3535,45.0,New,Books,Cash,11862.62,14.98,511,0.16666666666666666,0.011741682974559686,5.76,2.8333333333333335,0
3536,24.0,Regular,Furniture,Cash,6504.6,28.97,169,0.5,0.011834319526627219,0.7040816326530612,7.5,0
3537,69.0,Inactive,Books,Credit Card,24951.0,24.69,216,0.5714285714285714,0.06481481481481481,1.2755905511811023,1.3571428571428572,0
3538,67.0,Premium,Books,Credit Card,4300.55,10.75,42,0.0,0.047619047619047616,0.7626459143968871,5.5,0
3539,58.0,Regular,Furniture,Cash,18508.72,10.81,166,0.42857142857142855,0.04216867469879518,0.63,1.7142857142857142,0
3540,36.0,Inactive,Furniture,Cash,4437.7,24.25,903,0.6666666666666666,0.013289036544850499,0.6702127659574468,0.25,0
3541,48.0,Premium,Books,Net Banking,9555.16,17.38,1331,0.875,0.006010518407212622,6.3,0.375,0
3542,38.0,Inactive,Sports,Cash,1180.19,34.96,1569,0.8222222222222222,0.028680688336520075,0.07627118644067797,0.4444444444444444,0
3543,65.0,New,Groceries,Debit Card,42223.31,44.18,556,0.7272727272727273,0.039568345323741004,0.8444444444444444,0.4090909090909091,0
3544,31.0,New,Electronics,Credit Card,45700.7,15.63,262,0.7916666666666666,0.0916030534351145,0.308300395256917,0.5416666666666666,1
3545,47.0,New,Groceries,Credit Card,7102.03,7.03,1306,0.0,0.0007656967840735069,0.09375,8.0,0
3546,33.0,Premium,Books,Credit Card,46688.05,10.11,1744,0.0,0.014908256880733946,0.5683229813664596,0.6923076923076923,0
3547,31.0,Premium,Groceries,Debit Card,34222.53,1.25,1459,0.2558139534883721,0.029472241261137764,0.5909090909090909,0.13953488372093023,0
3548,22.0,Regular,Electronics,Upi,36933.36,17.52,332,0.22727272727272727,0.13253012048192772,0.3178082191780822,0.2727272727272727,0
3549,59.0,Premium,Electronics,Net Banking,6029.31,21.83,1555,0.3333333333333333,0.00964630225080386,0.3079584775086505,0.6,1
3550,31.0,New,Groceries,Credit Card,1815.33,37.46,261,0.7272727272727273,0.1685823754789272,2.395348837209302,0.3181818181818182,0
3551,69.0,New,Books,Credit Card,27082.37,36.84,712,0.4166666666666667,0.06741573033707865,0.006514657980456026,0.10416666666666667,0
3552,30.0,New,Books,Credit Card,37823.61,21.62,113,0.29411764705882354,0.1504424778761062,1.6666666666666667,0.0,0
3553,57.0,Regular,Electronics,Debit Card,34445.59,46.55,1409,0.03225806451612903,0.0220014194464159,0.3103448275862069,0.6451612903225806,0
3554,18.0,Regular,Electronics,Net Banking,26334.34,38.97,690,0.02564102564102564,0.05652173913043478,5.34375,0.2564102564102564,0
3555,68.0,Premium,Furniture,Credit Card,25339.13,8.19,506,0.8235294117647058,0.03359683794466403,0.7066666666666667,0.8823529411764706,0
3556,68.0,New,Clothing,Debit Card,22878.17,24.61,78,0.8214285714285714,0.358974358974359,36.0,0.7142857142857143,0
3557,59.0,New,Clothing,Credit Card,15058.71,2.02,202,0.46511627906976744,0.21287128712871287,0.22900763358778625,0.23255813953488372,0
3558,49.0,New,Electronics,Credit Card,32241.42,49.1,1186,0.5666666666666667,0.025295109612141653,1.488,0.13333333333333333,0
3559,19.0,New,Clothing,Credit Card,1038.67,5.4,904,0.4444444444444444,0.00995575221238938,0.20987654320987653,0.6666666666666666,0
3560,30.0,New,Electronics,Credit Card,44346.85,29.83,851,0.4,0.005875440658049354,0.0427807486631016,1.0,1
3561,38.0,Premium,Sports,Credit Card,32082.82,41.6,1398,0.9354838709677419,0.022174535050071532,0.08196721311475409,0.06451612903225806,0
3562,43.0,New,Groceries,Cash,28553.65,45.62,213,0.6896551724137931,0.13615023474178403,0.3649122807017544,0.20689655172413793,0
3563,28.0,Premium,Groceries,Credit Card,33182.09,1.26,534,0.8958333333333334,0.0898876404494382,0.23692307692307693,0.3541666666666667,0
3564,52.0,Premium,Furniture,Upi,45738.74,4.99,981,0.75,0.004077471967380225,0.6099290780141844,3.25,0
3565,46.0,Premium,Furniture,Cash,6897.69,28.22,343,0.045454545454545456,0.0641399416909621,1.6666666666666667,0.6818181818181818,0
3566,68.0,New,Groceries,Credit Card,16889.76,46.6,1392,0.2,0.014367816091954023,0.4838709677419355,0.05,0
3567,31.0,Premium,Clothing,Net Banking,49266.21,47.86,972,0.21739130434782608,0.047325102880658436,0.7388535031847133,0.34782608695652173,0
3568,44.0,Regular,Books,Credit Card,36562.15,2.97,1119,0.7692307692307693,0.01161751563896336,0.9005524861878453,1.3846153846153846,0
3569,35.0,Inactive,Furniture,Credit Card,39300.09,18.04,1298,0.9354838709677419,0.023882896764252697,0.49612403100775193,0.16129032258064516,0
3570,56.0,Regular,Sports,Debit Card,17302.79,23.63,91,0.2127659574468085,0.5164835164835165,0.4586894586894587,0.0,0
3571,70.0,Inactive,Furniture,Upi,33465.92,9.77,616,0.9230769230769231,0.04220779220779221,0.43729903536977494,0.34615384615384615,0
3572,52.0,Regular,Electronics,Upi,23018.17,29.28,298,0.9772727272727273,0.1476510067114094,0.6833333333333333,0.2727272727272727,0
3573,63.0,Inactive,Electronics,Net Banking,36785.61,20.82,539,0.25,0.06679035250463822,0.44635193133047213,0.1388888888888889,0
3574,39.0,Regular,Books,Upi,44800.23,46.95,898,0.15,0.022271714922048998,0.12693498452012383,0.05,1
3575,30.0,Regular,Books,Debit Card,6276.2,34.56,553,0.75,0.007233273056057866,0.34782608695652173,2.75,0
3576,62.0,Premium,Books,Debit Card,10983.13,8.57,429,0.18518518518518517,0.06293706293706294,0.5276752767527675,0.48148148148148145,0
3577,41.0,Premium,Clothing,Debit Card,13684.05,18.15,584,0.5,0.030821917808219176,3.1147540983606556,1.1111111111111112,0
3578,36.0,Premium,Electronics,Net Banking,23625.84,13.26,1343,0.7142857142857143,0.0052122114668652275,0.2305084745762712,1.2857142857142858,1
3579,44.0,Premium,Sports,Debit Card,26808.19,14.96,1065,0.6666666666666666,0.03380281690140845,0.6137071651090342,0.25,0
3580,25.0,Premium,Electronics,Credit Card,6006.55,48.94,545,0.975,0.07339449541284404,0.3349282296650718,0.375,0
3581,60.0,Regular,Electronics,Debit Card,30013.48,25.06,691,0.7368421052631579,0.05499276410998553,0.19823788546255505,0.21052631578947367,0
3582,31.0,New,Groceries,Net Banking,32434.79,40.6,677,0.061224489795918366,0.0723781388478582,0.33513513513513515,0.0,0
3583,69.0,Regular,Groceries,Cash,4227.07,26.45,510,0.2619047619047619,0.08235294117647059,0.8601398601398601,0.42857142857142855,0
3584,21.0,New,Books,Credit Card,8990.06,16.21,317,0.8888888888888888,0.11356466876971609,0.19801980198019803,0.0,0
3585,34.0,Regular,Clothing,Credit Card,24180.84,32.0,1705,0.2708333333333333,0.0281524926686217,0.2233502538071066,0.1875,0
3586,58.0,Regular,Sports,Credit Card,1155.69,21.04,803,0.8518518518518519,0.033623910336239106,0.33003300330033003,0.1111111111111111,0
3587,69.0,Regular,Sports,Net Banking,45700.17,30.36,1254,1.0,0.023125996810207338,0.2236842105263158,0.5517241379310345,0
3588,62.0,New,Groceries,Cash,21524.66,42.48,48,1.0,0.020833333333333332,0.8248175182481752,2.0,0
3589,24.0,Premium,Groceries,Debit Card,7370.26,49.55,1589,0.0,0.0006293266205160479,2.5476190476190474,1.0,0
3590,21.0,New,Electronics,Credit Card,46453.62,31.05,383,0.2222222222222222,0.09399477806788512,0.6150234741784038,0.19444444444444445,0
3591,21.0,New,Electronics,Net Banking,37502.88,30.85,1296,0.058823529411764705,0.013117283950617283,0.24342105263157895,0.6470588235294118,0
3592,43.0,Inactive,Furniture,Cash,37746.38,22.63,168,0.07317073170731707,0.24404761904761904,0.31343283582089554,0.024390243902439025,0
3593,36.0,Regular,Books,Credit Card,7252.54,19.61,535,0.8333333333333334,0.03364485981308411,0.3708206686930091,0.3888888888888889,0
3594,63.0,New,Electronics,Cash,48997.9,28.94,589,0.8260869565217391,0.07809847198641766,1.528735632183908,0.21739130434782608,0
3595,47.0,Inactive,Groceries,Credit Card,22122.43,44.77,1244,0.7111111111111111,0.03617363344051447,0.7171314741035857,0.4222222222222222,0
3596,32.0,Regular,Groceries,Upi,24154.09,23.46,938,0.40625,0.03411513859275053,0.5357142857142857,0.53125,0
3597,45.0,New,Clothing,Cash,31473.87,2.02,1126,0.3617021276595745,0.041740674955595025,0.18604651162790697,0.40425531914893614,0
3598,24.0,Premium,Books,Credit Card,40956.74,11.49,1821,0.7222222222222222,0.009884678747940691,2.103448275862069,0.5555555555555556,0
3599,26.0,Regular,Books,Debit Card,31817.33,30.95,761,0.7222222222222222,0.04730617608409987,0.5532994923857868,0.0,0
3600,37.0,New,Electronics,Net Banking,16669.34,4.09,625,0.15625,0.0512,0.26136363636363635,0.03125,0
3601,26.0,Premium,Sports,Credit Card,19294.63,41.92,1780,0.0,0.0050561797752808986,0.1836734693877551,1.7777777777777777,0
3602,35.0,Inactive,Clothing,Upi,25334.61,49.13,794,0.5,0.005037783375314861,0.5241157556270096,1.75,0
3603,33.0,Premium,Books,Credit Card,32225.03,23.53,1715,0.5555555555555556,0.010495626822157435,0.8412017167381974,1.0,0
3604,46.0,Inactive,Groceries,Upi,38816.38,22.94,1519,0.7,0.032916392363396975,1.0869565217391304,0.16,0
3605,65.0,Regular,Electronics,Cash,8941.36,16.55,1761,0.0,0.014764338444065871,0.26501766784452296,0.5,0
3606,58.0,Premium,Sports,Cash,40369.02,38.64,590,0.34375,0.05423728813559322,1.5185185185185186,0.5625,0
3607,54.0,Regular,Electronics,Cash,39433.64,19.87,1292,1.0,0.010835913312693499,1.3282442748091603,1.2857142857142858,0
3608,21.0,Premium,Books,Net Banking,33406.29,16.97,567,0.06666666666666667,0.026455026455026454,5.65,0.0,0
3609,66.0,Regular,Furniture,Net Banking,4566.33,6.45,685,0.43478260869565216,0.06715328467153285,1.445945945945946,0.391304347826087,0
3610,32.0,Regular,Electronics,Debit Card,49662.93,33.79,713,0.9782608695652174,0.06451612903225806,0.3974358974358974,0.2608695652173913,0
3611,28.0,New,Electronics,Net Banking,6976.63,21.72,755,0.05,0.026490066225165563,0.06976744186046512,0.4,0
3612,27.0,New,Books,Net Banking,10622.41,44.26,1045,0.9375,0.015311004784688996,0.45,1.0,0
3613,30.0,Premium,Furniture,Net Banking,32710.0,45.1,114,0.9166666666666666,0.10526315789473684,0.15857605177993528,0.5,1
3614,36.0,Inactive,Electronics,Cash,4708.93,44.22,503,0.3870967741935484,0.061630218687872766,0.06598984771573604,0.22580645161290322,0
3615,21.0,Regular,Clothing,Credit Card,4798.44,32.51,1391,0.6842105263157895,0.013659237958303379,0.84375,1.0526315789473684,0
3616,29.0,Inactive,Furniture,Credit Card,4814.51,23.56,1431,0.8461538461538461,0.009084556254367574,0.4894366197183099,0.07692307692307693,0
3617,22.0,Inactive,Clothing,Net Banking,24533.38,48.82,961,0.9259259259259259,0.02809573361082206,0.6037735849056604,0.5185185185185185,0
3618,33.0,Regular,Books,Credit Card,19185.02,17.85,456,0.9333333333333333,0.06578947368421052,0.5555555555555556,0.6333333333333333,0
3619,34.0,Premium,Furniture,Credit Card,40393.17,34.79,316,0.13636363636363635,0.06962025316455696,0.8846153846153846,0.13636363636363635,0
3620,42.0,Inactive,Groceries,Debit Card,10668.47,41.13,416,0.25,0.057692307692307696,0.5760869565217391,0.16666666666666666,0
3621,59.0,Regular,Groceries,Credit Card,37387.75,3.49,981,0.4772727272727273,0.04485219164118247,0.39880952380952384,0.22727272727272727,0
3622,19.0,New,Clothing,Debit Card,21892.15,40.01,1499,0.5,0.00133422281521014,0.018433179723502304,6.0,1
3623,24.0,Inactive,Electronics,Credit Card,41332.49,15.29,890,0.20833333333333334,0.05393258426966292,0.47307692307692306,0.2708333333333333,0
3624,36.0,Regular,Sports,Credit Card,33214.68,22.66,1224,0.058823529411764705,0.013888888888888888,0.3939393939393939,0.4117647058823529,0
3625,36.0,New,Furniture,Debit Card,41340.12,45.91,1546,0.23809523809523808,0.013583441138421734,0.24293785310734464,0.047619047619047616,0
3626,69.0,New,Furniture,Net Banking,25545.48,38.42,571,0.14285714285714285,0.024518388791593695,1.1566265060240963,1.2142857142857142,0
3627,51.0,Inactive,Electronics,Credit Card,33659.9,41.36,816,0.5789473684210527,0.04656862745098039,0.25496688741721857,0.5,0
3628,61.0,Inactive,Furniture,Debit Card,37582.43,35.02,641,1.0,0.0078003120124804995,0.5704225352112676,2.4,0
3629,45.0,Regular,Electronics,Debit Card,41320.99,0.3,1817,0.3125,0.008805723720418272,0.14285714285714285,0.6875,0
3630,27.0,New,Groceries,Net Banking,18591.17,12.78,1256,0.8571428571428571,0.02786624203821656,3.6,0.45714285714285713,0
3631,61.0,Premium,Electronics,Debit Card,15412.43,22.57,897,0.9772727272727273,0.04905239687848383,8.347826086956522,0.4318181818181818,0
3632,49.0,Inactive,Groceries,Cash,37273.73,45.38,187,0.6666666666666666,0.016042780748663103,0.0223463687150838,0.3333333333333333,1
3633,47.0,Premium,Books,Upi,25016.71,13.49,230,0.14634146341463414,0.1782608695652174,0.05069124423963134,0.17073170731707318,0
3634,32.0,Premium,Sports,Debit Card,29576.57,6.38,746,0.75,0.04289544235924933,0.5441595441595442,0.0625,0
3635,48.0,Premium,Groceries,Net Banking,14784.77,8.96,1575,0.17391304347826086,0.014603174603174604,0.7093023255813954,0.2608695652173913,0
3636,43.0,Inactive,Furniture,Net Banking,46061.09,47.97,1070,0.5454545454545454,0.020560747663551402,0.04011461318051576,0.5909090909090909,1
3637,22.0,Regular,Sports,Upi,5935.68,16.26,879,0.06666666666666667,0.034129692832764506,0.8169014084507042,0.43333333333333335,0
3638,53.0,Regular,Electronics,Cash,12355.94,46.71,58,0.7027027027027027,0.6379310344827587,0.8130081300813008,0.21621621621621623,0
3639,39.0,Regular,Groceries,Upi,34932.32,5.83,414,0.625,0.01932367149758454,1.5405405405405406,0.75,0
3640,29.0,Regular,Groceries,Credit Card,25782.61,18.66,196,0.8,0.025510204081632654,0.33440514469453375,0.4,0
3641,27.0,Inactive,Groceries,Net Banking,44653.07,27.9,652,0.6458333333333334,0.0736196319018405,0.2785515320334262,0.375,0
3642,51.0,Inactive,Books,Debit Card,31559.92,49.52,149,0.8181818181818182,0.2214765100671141,0.21568627450980393,0.5454545454545454,0
3643,40.0,New,Sports,Cash,13363.6,10.24,1528,0.5,0.002617801047120419,0.16040955631399317,1.25,1
3644,23.0,Regular,Electronics,Credit Card,714.06,6.03,1029,0.0,0.015549076773566569,0.29435483870967744,0.75,1
3645,42.0,Premium,Books,Net Banking,4978.6,41.27,773,0.02564102564102564,0.050452781371280724,0.2889908256880734,0.358974358974359,0
3646,60.0,Regular,Books,Debit Card,719.33,39.41,743,0.52,0.033647375504710635,0.5617977528089888,0.0,0
3647,44.0,Regular,Sports,Cash,17962.88,22.74,1096,0.20833333333333334,0.043795620437956206,0.7910447761194029,0.1875,0
3648,37.0,Premium,Books,Net Banking,44053.69,41.9,446,0.25,0.04484304932735426,0.027472527472527472,0.3,1
3649,19.0,Premium,Clothing,Upi,26426.17,35.47,290,0.26,0.1724137931034483,1.141025641025641,0.24,0
3650,61.0,Regular,Books,Debit Card,4502.75,27.84,1739,0.0,0.015526164462334674,0.5451977401129944,0.14814814814814814,0
3651,52.0,Inactive,Books,Upi,42918.9,33.63,314,0.75,0.08917197452229299,0.2842809364548495,0.5714285714285714,0
3652,60.0,New,Groceries,Cash,45964.69,48.39,365,0.07692307692307693,0.03561643835616438,5.515151515151516,0.23076923076923078,0
3653,50.0,New,Groceries,Upi,1985.99,46.96,498,0.6153846153846154,0.0783132530120482,0.308868501529052,0.3333333333333333,0
3654,43.0,New,Electronics,Debit Card,25545.48,12.31,718,0.9696969696969697,0.04596100278551532,0.39436619718309857,0.5454545454545454,0
3655,18.0,Regular,Sports,Credit Card,30749.97,35.86,1735,0.53125,0.018443804034582133,0.49707602339181284,0.59375,0
3656,32.0,Regular,Clothing,Debit Card,31830.62,9.9,1544,0.17391304347826086,0.014896373056994818,3.017857142857143,0.2608695652173913,0
3657,44.0,New,Sports,Debit Card,21020.27,41.52,141,0.045454545454545456,0.15602836879432624,0.5418060200668896,0.45454545454545453,0
3658,41.0,New,Groceries,Credit Card,3548.59,39.48,611,0.5833333333333334,0.058919803600654665,2.769230769230769,0.3333333333333333,0
3659,57.0,New,Furniture,Net Banking,25274.62,8.0,376,0.8,0.013297872340425532,0.4234527687296417,1.4,0
3660,18.0,Regular,Electronics,Debit Card,29561.52,22.09,849,0.1111111111111111,0.02120141342756184,0.32547169811320753,1.0,1
3661,64.0,New,Books,Upi,22302.94,41.96,252,0.17391304347826086,0.09126984126984126,1.8450704225352113,0.21739130434782608,0
3662,54.0,Inactive,Clothing,Net Banking,46483.76,33.32,1782,0.41304347826086957,0.025813692480359147,2.6153846153846154,0.391304347826087,0
3663,34.0,Regular,Clothing,Upi,42696.63,40.72,187,0.6046511627906976,0.22994652406417113,0.7195121951219512,0.3488372093023256,0
3664,64.0,New,Furniture,Credit Card,17491.43,17.0,1458,0.9642857142857143,0.019204389574759947,10.11111111111111,0.6428571428571429,0
3665,41.0,New,Sports,Upi,26020.63,7.08,1579,0.7931034482758621,0.01836605446485117,1.355140186915888,0.6896551724137931,0
3666,55.0,New,Books,Credit Card,46222.28,28.96,880,1.0,0.0011363636363636363,0.15753424657534246,4.0,0
3667,42.0,New,Books,Credit Card,33732.06,20.49,927,0.8095238095238095,0.022653721682847898,0.3756906077348066,0.7142857142857143,0
3668,44.0,Inactive,Electronics,Net Banking,45167.87,45.16,235,1.0,0.00851063829787234,0.563076923076923,3.0,0
3669,22.0,Premium,Books,Credit Card,31081.37,19.8,65,0.7567567567567568,0.5692307692307692,0.4489795918367347,0.1891891891891892,0
3670,30.0,Regular,Clothing,Credit Card,12885.93,11.19,972,0.6,0.051440329218107,0.48186528497409326,0.26,0
3671,58.0,Inactive,Sports,Cash,624.26,20.28,865,0.26666666666666666,0.05202312138728324,0.7544910179640718,0.2,0
3672,49.0,Premium,Groceries,Debit Card,19859.13,22.53,1516,0.7058823529411765,0.011213720316622692,0.20454545454545456,0.11764705882352941,1
3673,56.0,Inactive,Sports,Debit Card,13892.03,21.29,1501,0.6818181818181818,0.014656895403064623,0.5957446808510638,0.7727272727272727,0
3674,60.0,Regular,Furniture,Credit Card,21723.37,6.23,1237,0.18181818181818182,0.02667744543249798,1.0240963855421688,0.18181818181818182,0
3675,69.0,New,Books,Cash,6825.1,13.61,96,0.037037037037037035,0.28125,0.7874015748031497,0.5925925925925926,0
3676,54.0,New,Electronics,Cash,1199.4,4.53,1642,0.5,0.012180267965895249,0.6556291390728477,0.15,0
3677,47.0,Premium,Electronics,Net Banking,45860.06,33.58,685,0.8,0.0072992700729927005,6.444444444444445,1.2,0
3678,34.0,New,Books,Cash,11973.73,15.45,505,0.5434782608695652,0.09108910891089109,0.28627450980392155,0.15217391304347827,0
3679,44.0,Inactive,Electronics,Cash,30416.94,5.23,804,0.5555555555555556,0.04477611940298507,2.690909090909091,0.4444444444444444,0
3680,49.0,New,Clothing,Net Banking,5905.92,47.95,1335,1.0,0.00749063670411985,0.4222222222222222,0.4,0
3681,34.0,Regular,Sports,Upi,5626.45,48.32,1261,0.2,0.003965107057890563,0.5618729096989966,0.2,0
3682,37.0,Inactive,Clothing,Cash,33260.66,14.13,1309,0.6363636363636364,0.008403361344537815,0.8709677419354839,1.6363636363636365,0
3683,65.0,Premium,Sports,Cash,11799.33,38.58,887,0.6363636363636364,0.0496054114994363,1.125984251968504,0.38636363636363635,0
3684,47.0,New,Electronics,Debit Card,19668.51,8.27,1629,0.0975609756097561,0.025168815224063844,0.550185873605948,0.24390243902439024,0
3685,37.0,Inactive,Clothing,Debit Card,30788.76,48.69,624,0.7837837837837838,0.05929487179487179,0.19858156028368795,0.4594594594594595,0
3686,60.0,Premium,Furniture,Cash,25771.41,20.37,1306,0.42857142857142855,0.005359877488514548,2.1325301204819276,2.5714285714285716,0
3687,61.0,Premium,Electronics,Upi,37729.47,12.12,662,0.12,0.0377643504531722,0.023255813953488372,0.6,0
3688,53.0,New,Groceries,Upi,11511.87,41.25,145,1.0,0.05517241379310345,0.37037037037037035,1.875,0
3689,39.0,New,Groceries,Cash,24918.0,29.65,306,0.5862068965517241,0.09477124183006536,0.47368421052631576,0.5862068965517241,0
3690,66.0,Regular,Electronics,Credit Card,26767.97,49.13,762,0.4,0.013123359580052493,0.35964912280701755,1.4,1
3691,50.0,Regular,Sports,Credit Card,10856.1,0.65,1247,1.0,0.0008019246190858059,0.56,16.0,0
3692,59.0,Regular,Books,Credit Card,23871.37,46.44,417,0.7435897435897436,0.09352517985611511,0.42783505154639173,0.2564102564102564,0
3693,43.0,Inactive,Books,Debit Card,24092.93,12.94,956,0.37037037037037035,0.028242677824267783,0.13368983957219252,0.3333333333333333,0
3694,40.0,Regular,Groceries,Upi,15372.19,40.34,315,0.19148936170212766,0.1492063492063492,0.382183908045977,0.3617021276595745,0
3695,64.0,Inactive,Books,Credit Card,28885.53,2.43,1707,0.15384615384615385,0.022847100175746926,2.310344827586207,0.28205128205128205,0
3696,25.0,New,Groceries,Upi,39473.65,27.17,617,0.875,0.02593192868719611,0.11299435028248588,0.625,0
3697,65.0,New,Electronics,Debit Card,18729.33,33.05,1062,0.8095238095238095,0.03954802259887006,0.01098901098901099,0.4523809523809524,0
3698,65.0,Premium,Books,Upi,11555.3,21.7,1072,0.8157894736842105,0.03544776119402985,0.044444444444444446,0.13157894736842105,0
3699,45.0,Regular,Sports,Net Banking,37454.43,45.0,1213,0.3,0.016488046166529265,0.2694300518134715,0.35,1
3700,27.0,Regular,Furniture,Upi,7351.13,38.47,1798,0.08333333333333333,0.013348164627363738,1.9439655172413792,0.4166666666666667,0
3701,39.0,New,Sports,Debit Card,20420.21,26.77,1416,0.2222222222222222,0.006355932203389831,41.0,0.6666666666666666,0
3702,65.0,New,Electronics,Net Banking,5950.03,26.27,1324,0.88,0.0188821752265861,0.29069767441860467,0.2,1
3703,42.0,New,Sports,Credit Card,24329.38,36.17,458,0.8823529411764706,0.03711790393013101,0.6021505376344086,1.1764705882352942,0
3704,61.0,Regular,Sports,Credit Card,23744.4,37.87,1198,0.8888888888888888,0.015025041736227046,0.1348314606741573,0.7222222222222222,1
3705,30.0,Inactive,Electronics,Debit Card,36333.25,47.57,315,0.9166666666666666,0.0380952380952381,4.212765957446808,0.4166666666666667,0
3706,50.0,New,Electronics,Upi,12412.32,28.99,783,0.34782608695652173,0.02937420178799489,2.63265306122449,0.4782608695652174,0
3707,35.0,New,Furniture,Credit Card,16255.73,44.88,505,0.0,0.02178217821782178,0.17886178861788618,0.7272727272727273,0
3708,40.0,Regular,Electronics,Upi,45276.66,7.93,1397,0.23076923076923078,0.009305654974946313,1.4230769230769231,1.1538461538461537,0
3709,37.0,Regular,Groceries,Upi,40759.55,27.33,1726,0.15789473684210525,0.0220162224797219,0.47692307692307695,0.3684210526315789,0
3710,68.0,Inactive,Sports,Net Banking,32885.1,4.62,885,0.03571428571428571,0.031638418079096044,2.6315789473684212,0.39285714285714285,0
3711,29.0,New,Furniture,Credit Card,19603.77,48.02,1433,0.5714285714285714,0.01465457083042568,0.7129629629629629,0.6666666666666666,0
3712,61.0,New,Electronics,Net Banking,1504.09,8.5,1254,0.14285714285714285,0.011164274322169059,0.7526881720430108,1.0,0
3713,68.0,New,Groceries,Net Banking,11066.69,10.47,631,0.023255813953488372,0.06814580031695722,0.2549019607843137,0.16279069767441862,0
3714,42.0,Premium,Groceries,Debit Card,37338.88,48.37,1465,0.2727272727272727,0.007508532423208191,1.6923076923076923,0.0,0
3715,43.0,Inactive,Electronics,Cash,41355.88,14.2,214,0.15151515151515152,0.1542056074766355,0.3742690058479532,0.2727272727272727,0
3716,45.0,Regular,Books,Credit Card,35514.54,42.92,1490,0.14285714285714285,0.028187919463087248,0.025787965616045846,0.16666666666666666,0
3717,62.0,New,Groceries,Upi,38545.87,21.58,656,0.6875,0.024390243902439025,1.8243243243243243,0.5,0
3718,22.0,Premium,Furniture,Upi,16898.89,30.77,185,0.0,0.14054054054054055,0.20103092783505155,0.19230769230769232,0
3719,66.0,Inactive,Electronics,Cash,15953.84,21.35,1648,0.06060606060606061,0.020024271844660196,5.157894736842105,0.3939393939393939,0
3720,21.0,New,Electronics,Cash,21232.53,0.88,717,1.0,0.026499302649930265,2.111111111111111,0.42105263157894735,0
3721,30.0,Inactive,Furniture,Credit Card,45496.2,35.95,882,0.14285714285714285,0.007936507936507936,1.1594202898550725,1.1428571428571428,0
3722,42.0,New,Furniture,Upi,16312.75,23.53,144,0.6842105263157895,0.13194444444444445,0.3333333333333333,0.10526315789473684,0
3723,44.0,Premium,Clothing,Net Banking,26479.18,9.75,186,0.0,0.26881720430107525,1.3941605839416058,0.16,0
3724,69.0,Inactive,Electronics,Debit Card,23470.71,8.58,1384,0.22727272727272727,0.031791907514450865,0.3622641509433962,0.0,0
3725,60.0,Regular,Sports,Upi,2006.35,21.28,509,0.7083333333333334,0.09430255402750491,0.10964912280701754,0.16666666666666666,0
3726,32.0,Premium,Groceries,Credit Card,4488.66,22.75,379,0.9591836734693877,0.12928759894459102,0.5644171779141104,0.16326530612244897,0
3727,54.0,Premium,Clothing,Net Banking,38042.62,8.89,177,0.8571428571428571,0.2768361581920904,15.666666666666666,0.32653061224489793,0
3728,40.0,Premium,Furniture,Net Banking,43046.54,34.0,37,0.6578947368421053,1.027027027027027,0.4027777777777778,0.3684210526315789,0
3729,25.0,New,Furniture,Debit Card,8729.11,48.24,1489,0.5357142857142857,0.01880456682337139,1.1607142857142858,0.03571428571428571,0
3730,26.0,Inactive,Electronics,Credit Card,44426.36,14.77,1549,0.7333333333333333,0.009683666881859263,2.2857142857142856,0.3333333333333333,0
3731,66.0,New,Clothing,Debit Card,20172.94,7.6,635,0.8205128205128205,0.06141732283464567,1.170731707317073,0.1794871794871795,0
3732,21.0,New,Sports,Net Banking,18061.61,10.52,1581,0.15384615384615385,0.01644528779253637,0.5066666666666667,0.3076923076923077,0
3733,40.0,Premium,Clothing,Net Banking,49274.32,26.14,872,0.6,0.017201834862385322,0.20121951219512196,0.2,1
3734,59.0,Premium,Furniture,Cash,2816.99,15.97,1076,0.40476190476190477,0.03903345724907063,7.818181818181818,0.023809523809523808,0
3735,49.0,Regular,Furniture,Credit Card,41895.25,5.9,244,0.5,0.00819672131147541,0.8461538461538461,7.0,0
3736,21.0,New,Clothing,Net Banking,13229.2,28.62,285,0.10526315789473684,0.06666666666666667,1.226890756302521,0.15789473684210525,0
3737,49.0,Premium,Electronics,Debit Card,35646.25,17.83,1115,0.8461538461538461,0.011659192825112108,0.6420664206642066,1.2307692307692308,0
3738,43.0,Inactive,Groceries,Upi,10801.32,14.69,40,0.5102040816326531,1.225,1.0769230769230769,0.24489795918367346,0
3739,46.0,Regular,Groceries,Credit Card,36615.76,38.37,1173,0.16,0.021312872975277068,0.2821576763485477,0.12,1
3740,24.0,Premium,Clothing,Credit Card,26079.52,10.54,1648,0.9285714285714286,0.01699029126213592,0.12195121951219512,0.39285714285714285,0
3741,52.0,Inactive,Clothing,Credit Card,15653.74,29.04,840,0.0,0.0011904761904761906,0.16042780748663102,12.0,1
3742,56.0,New,Groceries,Credit Card,7053.73,45.9,474,0.7083333333333334,0.05063291139240506,0.6697674418604651,0.375,0
3743,60.0,New,Clothing,Cash,23759.08,3.47,1163,1.0,0.02235597592433362,0.24074074074074073,0.3076923076923077,0
3744,22.0,Regular,Clothing,Credit Card,19580.95,13.38,458,0.4375,0.06986899563318777,0.4217252396166134,0.21875,0
3745,57.0,Regular,Furniture,Net Banking,7214.64,34.91,738,0.8333333333333334,0.032520325203252036,0.05392156862745098,0.6666666666666666,1
3746,30.0,Inactive,Books,Credit Card,41915.78,43.98,550,0.1388888888888889,0.06545454545454546,1.2147651006711409,0.0,0
3747,57.0,Regular,Groceries,Credit Card,13980.56,24.47,594,0.6363636363636364,0.037037037037037035,0.48695652173913045,0.6363636363636364,0
3748,66.0,Inactive,Electronics,Upi,49155.06,22.94,1791,0.6216216216216216,0.02065884980457845,4.428571428571429,0.24324324324324326,0
3749,39.0,New,Groceries,Credit Card,30675.15,4.7,732,0.5333333333333333,0.020491803278688523,10.0,0.4,0
3750,48.0,New,Furniture,Credit Card,29237.58,46.13,1475,0.3829787234042553,0.031864406779661014,0.7180451127819549,0.0,0
3751,61.0,Regular,Groceries,Cash,32136.8,44.52,1059,0.15,0.03777148253068933,7.176470588235294,0.125,0
3752,60.0,New,Sports,Upi,40192.89,33.87,685,0.1,0.043795620437956206,0.6788990825688074,0.6,0
3753,50.0,Premium,Clothing,Upi,12738.73,38.16,930,0.6296296296296297,0.02903225806451613,0.14754098360655737,0.2962962962962963,0
3754,53.0,New,Electronics,Net Banking,19559.24,40.46,324,0.1,0.030864197530864196,0.1151685393258427,1.7,1
3755,67.0,Premium,Electronics,Debit Card,38027.92,31.19,1212,0.3125,0.026402640264026403,0.4781021897810219,0.34375,0
3756,61.0,Premium,Furniture,Net Banking,1778.73,26.49,1624,0.8076923076923077,0.01600985221674877,3.5576923076923075,0.4230769230769231,0
3757,39.0,Regular,Groceries,Debit Card,11732.03,35.31,283,0.5652173913043478,0.1625441696113074,0.38461538461538464,0.30434782608695654,0
3758,51.0,Regular,Furniture,Debit Card,48561.67,1.09,552,1.0,0.04710144927536232,1.75,0.7307692307692307,0
3759,53.0,Regular,Sports,Upi,612.19,2.96,122,0.55,0.16393442622950818,0.07142857142857142,0.7,0
3760,27.0,Premium,Electronics,Credit Card,21429.03,48.45,1226,0.6595744680851063,0.03833605220228385,5.428571428571429,0.40425531914893614,0
3761,44.0,Premium,Electronics,Net Banking,28309.9,33.09,452,0.19148936170212766,0.10398230088495575,1.1294117647058823,0.19148936170212766,0
3762,65.0,Regular,Furniture,Cash,24528.46,41.14,1251,0.15217391304347827,0.03677058353317346,0.1270358306188925,0.2391304347826087,0
3763,48.0,New,Groceries,Net Banking,41288.48,16.09,1742,0.7804878048780488,0.023536165327210104,0.8098591549295775,0.2682926829268293,0
3764,53.0,Inactive,Groceries,Credit Card,45557.8,41.98,756,1.0,0.006613756613756613,0.29518072289156627,3.6,0
3765,59.0,Premium,Books,Upi,34813.5,24.78,34,0.21428571428571427,0.8235294117647058,2.306451612903226,0.35714285714285715,0
3766,67.0,New,Clothing,Credit Card,35181.68,12.86,631,0.06666666666666667,0.02377179080824089,1.1111111111111112,0.8,0
3767,25.0,Premium,Groceries,Net Banking,20143.87,24.71,256,0.0,0.171875,0.20994475138121546,0.3409090909090909,0
3768,27.0,Inactive,Sports,Upi,34582.31,5.13,1818,0.0,0.026402640264026403,0.248868778280543,0.20833333333333334,0
3769,68.0,Premium,Sports,Net Banking,8285.57,36.04,1151,0.2,0.026064291920069503,13.615384615384615,0.3,0
3770,58.0,New,Sports,Upi,23361.82,6.77,668,0.14814814814814814,0.040419161676646706,1.313953488372093,0.037037037037037035,0
3771,33.0,New,Sports,Credit Card,28940.41,15.93,717,1.0,0.02092050209205021,0.6792452830188679,0.5333333333333333,0
3772,44.0,Regular,Groceries,Cash,49447.05,25.62,73,0.43333333333333335,0.410958904109589,0.03582089552238806,0.2,0
3773,43.0,Regular,Sports,Debit Card,17870.6,33.16,90,0.3333333333333333,0.5,1.063157894736842,0.044444444444444446,0
3774,62.0,Regular,Electronics,Net Banking,8159.08,38.54,921,0.6666666666666666,0.009771986970684038,6.310344827586207,1.4444444444444444,0
3775,43.0,Regular,Sports,Upi,16553.93,36.79,1187,0.0,0.0008424599831508003,0.782608695652174,5.0,0
3776,35.0,Regular,Clothing,Cash,8749.89,48.32,54,0.7777777777777778,0.8333333333333334,0.08520179372197309,0.3111111111111111,0
3777,41.0,Premium,Clothing,Upi,2085.1,16.65,1618,0.4117647058823529,0.021013597033374538,0.41739130434782606,0.08823529411764706,0
3778,69.0,New,Books,Credit Card,28224.5,14.83,675,0.6190476190476191,0.06222222222222222,0.5614035087719298,0.09523809523809523,0
3779,25.0,New,Electronics,Cash,17715.14,18.27,794,0.20833333333333334,0.060453400503778336,0.011764705882352941,0.22916666666666666,0
3780,20.0,New,Furniture,Cash,44529.44,13.35,1231,0.65625,0.025995125913891144,0.6875,0.1875,0
3781,55.0,Inactive,Groceries,Upi,9080.08,46.68,534,0.21428571428571427,0.07865168539325842,0.3541666666666667,0.4523809523809524,0
3782,38.0,Premium,Electronics,Net Banking,32583.78,16.74,1669,0.08,0.014979029358897543,0.09550561797752809,0.44,0
3783,66.0,New,Sports,Upi,4240.04,29.25,476,0.75,0.05042016806722689,0.5491803278688525,0.3333333333333333,0
3784,22.0,New,Books,Cash,13722.35,43.42,165,0.0,0.07878787878787878,0.7906976744186046,1.5384615384615385,0
3785,57.0,New,Sports,Debit Card,6043.93,46.9,1429,0.5454545454545454,0.007697690692792162,0.9158878504672897,0.18181818181818182,0
3786,42.0,Regular,Electronics,Credit Card,40324.34,21.58,1764,0.2,0.025510204081632654,0.37209302325581395,0.08888888888888889,0
3787,61.0,New,Electronics,Credit Card,33987.14,4.74,373,0.6875,0.128686327077748,14.0,0.16666666666666666,0
3788,55.0,Premium,Furniture,Net Banking,26994.58,2.18,1602,0.4166666666666667,0.02247191011235955,0.5403508771929825,0.2222222222222222,0
3789,68.0,New,Sports,Credit Card,45907.05,32.39,1028,0.6530612244897959,0.047665369649805445,0.5645161290322581,0.24489795918367346,0
3790,66.0,Premium,Sports,Upi,26299.18,0.91,1776,0.0,0.0005630630630630631,0.5265151515151515,18.0,0
3791,59.0,Premium,Furniture,Credit Card,13754.65,9.63,1162,0.625,0.0068846815834767644,1.2620689655172415,0.0,0
3792,65.0,Premium,Groceries,Cash,49055.96,35.51,914,0.92,0.02735229759299781,0.9428571428571428,0.64,0
3793,69.0,Inactive,Electronics,Upi,9626.7,5.28,1194,0.6341463414634146,0.03433835845896147,0.1487603305785124,0.07317073170731707,0
3794,37.0,Premium,Electronics,Debit Card,4216.77,45.63,325,0.6585365853658537,0.12615384615384614,0.7449664429530202,0.34146341463414637,0
3795,50.0,Premium,Sports,Credit Card,36342.33,17.34,966,0.22727272727272727,0.045548654244306416,0.1821561338289963,0.2727272727272727,0
3796,70.0,Inactive,Furniture,Credit Card,39279.35,13.17,826,0.1111111111111111,0.043583535108958835,0.5254237288135594,0.2777777777777778,0
3797,18.0,Premium,Electronics,Upi,11592.55,36.2,1436,0.6875,0.011142061281337047,1.4360902255639099,0.8125,0
3798,40.0,Premium,Books,Credit Card,19841.78,24.55,614,0.2222222222222222,0.043973941368078175,0.6159695817490495,0.1111111111111111,0
3799,54.0,Premium,Clothing,Upi,46392.32,28.49,584,0.1875,0.0273972602739726,0.3694581280788177,1.25,1
3800,40.0,New,Groceries,Credit Card,43844.09,35.32,1764,0.2,0.005668934240362812,0.28719723183391005,0.6,1
3801,32.0,New,Electronics,Credit Card,44720.61,48.95,411,0.4444444444444444,0.043795620437956206,0.4452296819787986,0.6666666666666666,0
3802,44.0,Regular,Sports,Net Banking,18521.69,41.99,842,0.5405405405405406,0.043942992874109264,0.6774193548387096,0.21621621621621623,0
3803,25.0,Premium,Sports,Debit Card,42834.41,10.0,785,0.7619047619047619,0.0267515923566879,0.6349206349206349,0.047619047619047616,0
3804,35.0,Premium,Sports,Cash,23954.39,26.52,382,0.17073170731707318,0.10732984293193717,0.4827586206896552,0.3902439024390244,0
3805,18.0,Inactive,Groceries,Credit Card,19354.08,9.81,968,0.5416666666666666,0.024793388429752067,0.9,0.7916666666666666,0
3806,45.0,Premium,Clothing,Debit Card,27174.19,4.15,281,0.25925925925925924,0.09608540925266904,1.3444444444444446,0.37037037037037035,0
3807,52.0,Inactive,Sports,Credit Card,35334.02,49.97,359,0.8974358974358975,0.10863509749303621,0.9367816091954023,0.38461538461538464,0
3808,68.0,New,Electronics,Cash,43114.24,24.86,636,0.16666666666666666,0.009433962264150943,0.020114942528735632,2.1666666666666665,1
3809,41.0,Premium,Sports,Upi,33196.74,28.57,1395,0.96,0.017921146953405017,0.8540145985401459,0.28,0
3810,31.0,Premium,Books,Debit Card,14452.78,12.34,1537,0.2619047619047619,0.027325959661678594,0.21052631578947367,0.14285714285714285,0
3811,62.0,New,Groceries,Upi,37546.53,48.32,1340,0.627906976744186,0.03208955223880597,0.5578231292517006,0.023255813953488372,0
3812,49.0,New,Groceries,Credit Card,31920.11,37.56,634,1.0,0.06624605678233439,0.0684931506849315,0.047619047619047616,0
3813,18.0,Regular,Furniture,Credit Card,12721.53,23.41,1345,0.0,0.012639405204460967,0.15734265734265734,0.7058823529411765,1
3814,52.0,New,Sports,Credit Card,39399.48,37.65,302,0.5806451612903226,0.10264900662251655,0.17272727272727273,0.1935483870967742,0
3815,38.0,Inactive,Clothing,Net Banking,6918.75,13.18,1606,0.75,0.024906600249066,1.0594594594594595,0.375,0
3816,29.0,New,Clothing,Upi,22572.11,16.95,412,0.6666666666666666,0.05825242718446602,0.32941176470588235,0.6666666666666666,0
3817,23.0,Regular,Furniture,Debit Card,21882.81,1.74,1222,0.8,0.016366612111292964,0.26575342465753427,0.3,1
3818,70.0,New,Groceries,Upi,41693.16,43.66,1439,0.8285714285714286,0.024322446143154968,0.054945054945054944,0.2571428571428571,0
3819,58.0,New,Clothing,Upi,33337.65,39.58,1210,0.041666666666666664,0.019834710743801654,0.71875,0.625,0
3820,62.0,Inactive,Furniture,Upi,26548.11,12.07,665,0.16666666666666666,0.01804511278195489,0.4954682779456193,0.08333333333333333,0
3821,44.0,New,Sports,Net Banking,35351.82,23.71,1105,0.9534883720930233,0.03891402714932127,0.7114093959731543,0.32558139534883723,0
3822,60.0,New,Books,Cash,26080.64,21.73,696,0.3783783783783784,0.05316091954022988,0.9014084507042254,0.05405405405405406,0
3823,57.0,Inactive,Groceries,Net Banking,7185.86,48.62,384,0.5526315789473685,0.09895833333333333,3.1016949152542375,0.4473684210526316,0
3824,32.0,Inactive,Electronics,Credit Card,31129.25,23.03,851,0.5,0.007050528789659225,0.4921259842519685,3.0,0
3825,61.0,New,Books,Cash,19264.11,41.53,981,0.8157894736842105,0.03873598369011213,1.3133333333333332,0.47368421052631576,0
3826,54.0,New,Furniture,Cash,31767.31,40.5,282,0.8536585365853658,0.1453900709219858,0.08571428571428572,0.024390243902439025,0
3827,19.0,Premium,Sports,Upi,9306.33,40.85,403,0.058823529411764705,0.04218362282878412,0.3128654970760234,1.1176470588235294,0
3828,38.0,Regular,Groceries,Upi,29515.58,5.38,941,0.8571428571428571,0.022316684378320937,0.6588628762541806,0.047619047619047616,0
3829,24.0,Inactive,Furniture,Debit Card,577.46,13.26,350,0.0,0.002857142857142857,0.7292817679558011,15.0,0
3830,60.0,New,Books,Upi,45040.46,14.65,1471,0.6136363636363636,0.02991162474507138,0.4253521126760563,0.2727272727272727,0
3831,60.0,Inactive,Clothing,Cash,10319.56,2.24,981,0.20588235294117646,0.034658511722731905,0.1694915254237288,0.4117647058823529,0
3832,27.0,Premium,Electronics,Debit Card,11248.6,45.5,914,0.47619047619047616,0.045951859956236324,1.8396226415094339,0.16666666666666666,0
3833,47.0,Inactive,Groceries,Upi,24461.05,22.21,1119,0.5454545454545454,0.03932082216264522,1.434108527131783,0.09090909090909091,0
3834,48.0,Premium,Clothing,Credit Card,3945.15,14.98,555,0.8837209302325582,0.07747747747747748,0.4578313253012048,0.32558139534883723,0
3835,18.0,New,Electronics,Cash,25545.48,31.39,1210,0.12195121951219512,0.033884297520661154,0.030534351145038167,0.3170731707317073,0
3836,56.0,New,Books,Cash,49824.21,19.65,589,0.8823529411764706,0.028862478777589132,0.29201101928374656,1.1176470588235294,0
3837,48.0,Premium,Groceries,Net Banking,37659.58,8.51,1374,0.75,0.005822416302765648,0.8050847457627118,1.5,0
3838,69.0,Premium,Clothing,Upi,17739.11,9.86,1119,0.5,0.008936550491510277,0.32653061224489793,0.4,1
3839,46.0,New,Clothing,Cash,36600.11,23.73,1052,0.047619047619047616,0.019961977186311788,0.6794425087108014,0.09523809523809523,0
3840,29.0,Regular,Sports,Credit Card,15227.98,23.06,1422,0.10256410256410256,0.027426160337552744,0.3484848484848485,0.3333333333333333,0
3841,42.0,Regular,Furniture,Cash,32131.04,30.37,838,0.13333333333333333,0.05369928400954654,0.3086053412462908,0.15555555555555556,0
3842,29.0,Regular,Groceries,Cash,15256.6,11.15,1269,0.08888888888888889,0.03546099290780142,7.5,0.2222222222222222,0
3843,39.0,New,Clothing,Upi,3552.38,19.69,1420,0.0,0.0014084507042253522,0.19,1.5,1
3844,22.0,Regular,Electronics,Debit Card,25765.67,43.51,1748,0.9310344827586207,0.016590389016018305,0.4547945205479452,0.034482758620689655,0
3845,50.0,Premium,Clothing,Cash,32874.78,38.26,1403,0.9791666666666666,0.03421240199572345,1.7524752475247525,0.3125,0
3846,58.0,Inactive,Groceries,Cash,46584.98,24.14,1564,0.4166666666666667,0.015345268542199489,0.13043478260869565,0.7916666666666666,1
3847,52.0,New,Groceries,Net Banking,35000.17,16.73,212,0.06451612903225806,0.14622641509433962,0.869281045751634,0.5806451612903226,0
3848,29.0,Inactive,Groceries,Net Banking,38396.14,46.52,49,0.28205128205128205,0.7959183673469388,0.4491017964071856,0.4358974358974359,0
3849,21.0,Inactive,Clothing,Cash,38908.55,41.27,429,0.5714285714285714,0.03263403263403263,0.30275229357798167,0.8571428571428571,0
3850,48.0,New,Electronics,Upi,3684.76,21.73,1053,0.09090909090909091,0.010446343779677113,0.4928571428571429,0.8181818181818182,0
3851,48.0,Premium,Sports,Credit Card,49545.87,26.32,1509,0.5897435897435898,0.02584493041749503,2.0224719101123596,0.5128205128205128,0
3852,55.0,New,Books,Credit Card,23909.6,33.32,347,0.6666666666666666,0.01729106628242075,0.46524064171123,2.8333333333333335,1
3853,32.0,Regular,Electronics,Credit Card,27566.38,27.82,1635,0.26666666666666666,0.027522935779816515,0.02040816326530612,0.28888888888888886,0
3854,60.0,Premium,Furniture,Net Banking,43553.57,8.87,1778,0.18,0.0281214848143982,0.5304347826086957,0.22,0
3855,46.0,Inactive,Groceries,Debit Card,19040.93,44.69,1022,0.8571428571428571,0.00684931506849315,0.8555555555555555,2.857142857142857,0
3856,28.0,New,Sports,Credit Card,42599.38,24.94,961,0.5,0.02081165452653486,0.33490566037735847,0.55,1
3857,61.0,New,Clothing,Net Banking,38030.46,46.17,1148,0.0,0.006097560975609756,2.238095238095238,1.5714285714285714,0
3858,21.0,New,Groceries,Cash,37131.71,40.94,723,0.8846153846153846,0.035961272475795295,1.0722222222222222,0.0,0
3859,52.0,Inactive,Electronics,Upi,26724.11,5.44,1026,1.0,0.02046783625730994,0.5729166666666666,0.8095238095238095,0
3860,56.0,Regular,Clothing,Upi,22044.47,29.41,427,0.84375,0.07494145199063232,0.5982532751091703,0.53125,0
3861,42.0,New,Books,Cash,12490.73,10.96,866,0.36363636363636365,0.025404157043879907,0.7402597402597403,0.6363636363636364,0
3862,32.0,New,Furniture,Credit Card,8232.74,43.27,1291,0.8,0.0077459333849728895,0.3126760563380282,0.5,0
3863,22.0,Premium,Electronics,Upi,24503.7,10.34,132,0.2857142857142857,0.10606060606060606,0.3902439024390244,0.5,0
3864,38.0,Premium,Furniture,Upi,929.32,45.41,84,0.21052631578947367,0.2261904761904762,32.5,0.7894736842105263,0
3865,57.0,Inactive,Furniture,Debit Card,8610.35,3.8,869,0.5,0.03222094361334868,0.8296703296703297,0.5357142857142857,0
3866,42.0,Inactive,Furniture,Net Banking,37203.41,15.85,1568,0.10204081632653061,0.03125,2.6440677966101696,0.3469387755102041,0
3867,37.0,Regular,Groceries,Net Banking,18559.52,30.7,952,0.39285714285714285,0.029411764705882353,0.4108761329305136,0.5714285714285714,0
3868,69.0,New,Sports,Debit Card,34309.5,17.32,261,0.1794871794871795,0.14942528735632185,0.2767857142857143,0.358974358974359,0
3869,69.0,Regular,Clothing,Cash,47925.74,36.14,685,0.4117647058823529,0.024817518248175182,0.085,0.7647058823529411,1
3870,29.0,New,Clothing,Credit Card,24098.17,13.88,485,0.16129032258064516,0.06391752577319587,0.7288888888888889,0.16129032258064516,0
3871,50.0,New,Groceries,Net Banking,18774.94,45.12,1578,1.0,0.018377693282636248,4.184210526315789,0.06896551724137931,0
3872,54.0,New,Groceries,Credit Card,24892.43,43.52,1697,0.9583333333333334,0.014142604596346494,0.20652173913043478,0.16666666666666666,1
3873,56.0,Inactive,Books,Credit Card,45948.16,16.18,927,0.5,0.002157497303128371,11.714285714285714,4.5,0
3874,44.0,Regular,Furniture,Debit Card,14576.93,16.13,650,0.2916666666666667,0.036923076923076927,0.061855670103092786,0.75,1
3875,29.0,New,Electronics,Debit Card,37099.52,23.47,143,0.32558139534883723,0.3006993006993007,0.7101449275362319,0.4418604651162791,0
3876,67.0,Regular,Clothing,Cash,18907.03,39.57,1403,0.38461538461538464,0.009265858873841768,0.8306878306878307,1.1538461538461537,0
3877,52.0,Inactive,Groceries,Net Banking,25436.57,36.51,1033,0.0,0.010648596321393998,2.467741935483871,1.0909090909090908,0
3878,53.0,Inactive,Groceries,Net Banking,23799.13,32.58,1774,0.2926829268292683,0.023111612175873732,0.13427561837455831,0.36585365853658536,0
3879,45.0,Premium,Furniture,Upi,23054.99,29.05,873,0.8709677419354839,0.035509736540664374,0.7045454545454546,0.22580645161290322,0
3880,19.0,New,Sports,Cash,49790.53,25.16,1346,0.08108108108108109,0.0274888558692422,0.5149700598802395,0.0,0
3881,36.0,Regular,Sports,Cash,22462.67,7.02,197,0.0,0.015228426395939087,0.2,6.333333333333333,1
3882,19.0,Inactive,Clothing,Net Banking,9507.33,47.48,354,0.6086956521739131,0.12994350282485875,0.4423076923076923,0.08695652173913043,0
3883,40.0,New,Clothing,Net Banking,16962.03,15.21,277,0.5,0.007220216606498195,4.609756097560975,5.5,0
3884,22.0,New,Groceries,Cash,25545.48,42.01,676,0.8571428571428571,0.020710059171597635,0.1894273127753304,0.5714285714285714,1
3885,53.0,Inactive,Books,Credit Card,23287.48,1.71,1043,0.5277777777777778,0.03451581975071908,0.6615384615384615,0.4444444444444444,0
3886,39.0,Regular,Sports,Credit Card,40417.49,18.23,925,0.8333333333333334,0.03891891891891892,0.43283582089552236,0.5277777777777778,0
3887,51.0,Inactive,Groceries,Credit Card,38586.46,37.04,867,0.3333333333333333,0.0034602076124567475,6.923076923076923,0.6666666666666666,0
3888,56.0,New,Electronics,Net Banking,39084.36,26.74,951,0.2,0.005257623554153523,0.6134969325153374,3.4,0
3889,68.0,Premium,Groceries,Debit Card,46875.05,11.22,1514,0.20588235294117646,0.022457067371202115,0.4897260273972603,0.11764705882352941,0
3890,54.0,Regular,Electronics,Net Banking,23920.12,23.97,791,0.06666666666666667,0.018963337547408345,55.0,0.4,0
3891,51.0,Premium,Groceries,Upi,13409.81,46.07,937,0.19444444444444445,0.0384204909284952,1.0380952380952382,0.4444444444444444,0
3892,28.0,New,Groceries,Upi,17130.62,20.69,1185,0.39285714285714285,0.02362869198312236,0.5951219512195122,0.5357142857142857,0
3893,40.0,Regular,Sports,Net Banking,39642.3,14.53,1015,0.8571428571428571,0.04827586206896552,41.0,0.40816326530612246,0
3894,60.0,Regular,Electronics,Net Banking,2435.41,16.41,162,0.8421052631578947,0.11728395061728394,0.6117216117216118,1.0,0
3895,19.0,Regular,Books,Upi,26665.63,7.56,1636,0.42857142857142855,0.012836185819070905,0.7102272727272727,0.7619047619047619,0
3896,48.0,Premium,Furniture,Credit Card,8069.34,47.06,1646,0.5,0.001215066828675577,8.222222222222221,1.0,0
3897,47.0,Inactive,Clothing,Credit Card,20600.33,0.69,733,0.125,0.010914051841746248,0.09011627906976744,1.625,1
3898,58.0,Inactive,Groceries,Cash,4921.96,32.4,1370,0.5,0.020437956204379562,20.11111111111111,0.2857142857142857,0
3899,40.0,Premium,Electronics,Credit Card,17117.9,15.04,1312,0.2,0.01524390243902439,0.4316109422492401,0.9,0
3900,48.0,New,Books,Cash,31337.04,1.86,525,0.5135135135135135,0.07047619047619047,0.2964071856287425,0.24324324324324326,0
3901,39.0,Inactive,Groceries,Upi,34952.59,44.78,462,0.8541666666666666,0.1038961038961039,0.04230769230769231,0.14583333333333334,0
3902,53.0,New,Clothing,Net Banking,25545.48,8.24,108,0.1875,0.2962962962962963,0.45161290322580644,0.5,0
3903,51.0,Regular,Groceries,Debit Card,39226.21,38.64,1354,0.4,0.003692762186115214,0.5181818181818182,1.0,0
3904,58.0,New,Sports,Upi,33724.08,1.76,463,0.5,0.03455723542116631,8.904761904761905,0.0625,0
3905,55.0,Premium,Clothing,Net Banking,48658.29,45.11,1324,0.5777777777777777,0.033987915407854986,0.6914893617021277,0.37777777777777777,0
3906,28.0,Premium,Clothing,Debit Card,34527.53,18.82,180,1.0,0.005555555555555556,0.06222222222222222,18.0,1
3907,49.0,Inactive,Furniture,Credit Card,44433.23,48.48,500,0.375,0.016,0.5255474452554745,0.375,0
3908,58.0,Regular,Groceries,Upi,5874.8,9.03,546,0.15384615384615385,0.07142857142857142,1.88,0.02564102564102564,0
3909,38.0,New,Groceries,Credit Card,18799.78,11.58,290,0.6,0.034482758620689655,1.125,0.7,0
3910,44.0,Inactive,Furniture,Net Banking,20035.78,38.51,1651,0.3793103448275862,0.01756511205330103,2.3373493975903616,0.6206896551724138,0
3911,65.0,Regular,Groceries,Cash,18511.07,27.77,1634,0.8888888888888888,0.011015911872705019,0.44753086419753085,1.1111111111111112,0
3912,46.0,New,Clothing,Debit Card,11413.31,37.92,383,0.047619047619047616,0.10966057441253264,0.0984251968503937,0.30952380952380953,0
3913,42.0,Regular,Books,Debit Card,12997.46,4.38,1598,0.32,0.03128911138923655,0.40186915887850466,0.02,0
3914,24.0,Premium,Groceries,Cash,14554.48,17.25,1651,0.23529411764705882,0.01029678982434888,0.3816568047337278,1.1764705882352942,0
3915,44.0,Regular,Clothing,Credit Card,33163.05,41.96,550,0.6666666666666666,0.01090909090909091,0.9661016949152542,2.3333333333333335,0
3916,56.0,New,Books,Cash,7184.33,30.15,833,0.25,0.03361344537815126,0.17793594306049823,0.5,0
3917,38.0,Regular,Electronics,Upi,33670.81,100.0,565,0.6129032258064516,0.05486725663716814,0.2931726907630522,0.0967741935483871,0
3918,66.0,Premium,Books,Upi,22048.86,6.2,753,0.18181818181818182,0.014608233731739707,0.27071823204419887,0.8181818181818182,1
3919,39.0,Premium,Furniture,Debit Card,7597.23,47.23,281,0.6153846153846154,0.046263345195729534,0.2911392405063291,0.46153846153846156,0
3920,62.0,Regular,Electronics,Net Banking,28994.16,17.58,724,0.0,0.0013812154696132596,2.3676470588235294,11.0,0
3921,18.0,New,Furniture,Credit Card,32111.33,25.53,928,0.3333333333333333,0.03556034482758621,1.177304964539007,0.48484848484848486,0
3922,28.0,Premium,Electronics,Cash,9813.29,15.34,463,0.8076923076923077,0.056155507559395246,0.4788732394366197,0.19230769230769232,0
3923,49.0,Premium,Sports,Upi,7996.58,23.49,286,0.25,0.055944055944055944,0.27586206896551724,0.4375,1
3924,46.0,New,Groceries,Cash,22003.66,30.72,1759,0.9473684210526315,0.010801591813530414,0.5038461538461538,0.15789473684210525,0
3925,36.0,New,Groceries,Debit Card,35465.94,37.63,579,0.8780487804878049,0.07081174438687392,0.5886287625418061,0.0975609756097561,0
3926,56.0,Premium,Clothing,Net Banking,24704.7,31.86,563,0.48148148148148145,0.047957371225577264,0.16141732283464566,0.4444444444444444,0
3927,63.0,Inactive,Groceries,Credit Card,20514.72,21.13,95,0.4,0.15789473684210525,0.7377777777777778,1.0666666666666667,0
3928,30.0,New,Electronics,Credit Card,35706.43,10.32,729,0.8260869565217391,0.06310013717421124,2.2545454545454544,0.30434782608695654,0
3929,33.0,Premium,Clothing,Cash,34189.13,11.08,1521,0.5555555555555556,0.023668639053254437,0.2621359223300971,0.5555555555555556,0
3930,24.0,Premium,Electronics,Credit Card,20439.34,27.03,1131,0.5,0.022988505747126436,6.833333333333333,0.2692307692307692,0
3931,21.0,Inactive,Clothing,Credit Card,26661.04,34.66,255,0.36363636363636365,0.12941176470588237,0.5238095238095238,0.3333333333333333,0
3932,40.0,Inactive,Clothing,Credit Card,25545.48,45.45,1791,0.43243243243243246,0.02065884980457845,0.6756756756756757,0.1891891891891892,0
3933,38.0,Premium,Electronics,Upi,19190.21,21.32,753,0.3409090909090909,0.05843293492695883,0.42023346303501946,0.11363636363636363,0
3934,21.0,New,Electronics,Net Banking,20814.7,49.44,1338,0.7,0.007473841554559043,0.4111111111111111,0.9,0
3935,56.0,Premium,Groceries,Debit Card,32097.23,27.51,720,0.14285714285714285,0.009722222222222222,0.10644257703081232,1.8571428571428572,1
3936,20.0,Premium,Electronics,Net Banking,26703.63,1.66,1364,1.0,0.002932551319648094,0.7409638554216867,4.75,0
3937,19.0,Premium,Sports,Credit Card,44271.6,3.21,1806,0.55,0.0221483942414175,0.5432525951557093,0.375,0
3938,45.0,New,Groceries,Upi,25545.48,26.67,1171,1.0,0.02049530315969257,0.6604651162790698,0.08333333333333333,0
3939,69.0,Premium,Clothing,Credit Card,22404.97,11.3,604,1.0,0.004966887417218543,0.13861386138613863,5.333333333333333,0
3940,66.0,Inactive,Electronics,Cash,31146.48,30.14,831,0.38461538461538464,0.015643802647412757,0.0875,0.07692307692307693,0
3941,29.0,Premium,Groceries,Cash,31808.33,49.25,949,1.0,0.001053740779768177,0.8698630136986302,9.0,0
3942,57.0,New,Books,Credit Card,30994.22,3.16,706,1.0,0.04815864022662889,1.367816091954023,0.20588235294117646,0
3943,29.0,Inactive,Books,Upi,9059.58,28.74,554,0.8571428571428571,0.02527075812274368,0.5058139534883721,0.35714285714285715,0
3944,20.0,Regular,Furniture,Debit Card,42747.81,12.44,510,0.0,0.050980392156862744,0.21652421652421652,0.5769230769230769,0
3945,59.0,New,Furniture,Credit Card,39476.88,18.05,1003,0.038461538461538464,0.0259222333000997,0.8478260869565217,0.6538461538461539,0
3946,70.0,Premium,Sports,Net Banking,37799.3,10.83,1754,0.3888888888888889,0.010262257696693273,0.7298578199052133,0.8888888888888888,0
3947,40.0,Inactive,Sports,Net Banking,32592.04,14.01,769,0.7083333333333334,0.031209362808842653,0.8092485549132948,0.2916666666666667,0
3948,20.0,New,Sports,Net Banking,48480.66,30.85,1646,0.1,0.018226002430133656,6.714285714285714,0.2,0
3949,27.0,Inactive,Electronics,Debit Card,38411.28,49.57,459,0.6,0.032679738562091505,0.356353591160221,0.0,0
3950,33.0,Regular,Sports,Upi,29243.98,13.23,93,0.3333333333333333,0.2903225806451613,0.21666666666666667,0.07407407407407407,0
3951,23.0,Regular,Groceries,Cash,853.16,46.8,1191,0.0,0.010075566750629723,0.5232558139534884,1.0,0
3952,31.0,New,Sports,Credit Card,6957.42,19.32,629,0.6666666666666666,0.028616852146263912,0.5128205128205128,0.16666666666666666,0
3953,21.0,Premium,Clothing,Upi,886.18,23.77,982,0.5714285714285714,0.007128309572301426,0.3248587570621469,0.42857142857142855,0
3954,65.0,Premium,Groceries,Credit Card,5951.64,33.29,1254,0.7142857142857143,0.03907496012759171,0.3163265306122449,0.0,0
3955,63.0,Premium,Books,Credit Card,40786.86,20.65,1673,0.4489795918367347,0.029288702928870293,0.26548672566371684,0.40816326530612246,0
3956,44.0,Regular,Furniture,Credit Card,4807.9,39.99,521,0.3333333333333333,0.046065259117082535,0.7560975609756098,0.20833333333333334,0
3957,59.0,Premium,Sports,Upi,40411.15,48.63,878,0.0,0.01366742596810934,0.6373056994818653,0.25,0
3958,38.0,Premium,Electronics,Debit Card,29265.42,48.34,196,0.7368421052631579,0.09693877551020408,0.6117021276595744,0.7368421052631579,0
3959,60.0,Inactive,Electronics,Net Banking,23805.52,24.92,1798,0.9166666666666666,0.013348164627363738,0.3939393939393939,0.16666666666666666,0
3960,44.0,Inactive,Books,Cash,8579.13,49.25,1470,0.6956521739130435,0.015646258503401362,0.8333333333333334,0.6086956521739131,0
3961,51.0,New,Books,Credit Card,27914.99,12.46,166,0.14893617021276595,0.28313253012048195,0.11428571428571428,0.2127659574468085,0
3962,34.0,Regular,Electronics,Net Banking,14991.75,40.3,474,0.5454545454545454,0.023206751054852322,0.5875,0.8181818181818182,0
3963,22.0,New,Electronics,Cash,23763.17,42.08,869,0.0,0.05523590333716916,0.17647058823529413,0.375,0
3964,43.0,Regular,Groceries,Credit Card,3148.49,17.59,1360,0.0,0.030882352941176472,16.666666666666668,0.19047619047619047,0
3965,68.0,New,Groceries,Credit Card,23344.57,19.35,1406,0.0,0.004267425320056899,1.5754716981132075,0.16666666666666666,0
3966,26.0,Regular,Furniture,Net Banking,42925.72,33.23,362,0.13333333333333333,0.04143646408839779,0.6044776119402985,1.3333333333333333,0
3967,19.0,Regular,Groceries,Credit Card,19343.69,47.75,1196,0.02631578947368421,0.03177257525083612,0.3087557603686636,0.0,0
3968,22.0,Regular,Books,Debit Card,39166.75,36.14,183,0.2222222222222222,0.04918032786885246,0.31043956043956045,1.8888888888888888,0
3969,25.0,Regular,Clothing,Debit Card,38233.94,8.63,998,0.16666666666666666,0.018036072144288578,0.5368731563421829,0.1111111111111111,0
3970,38.0,Inactive,Groceries,Credit Card,7652.45,45.48,1349,0.25,0.020756115641215715,0.14022140221402213,0.14285714285714285,0
3971,45.0,Premium,Sports,Debit Card,39931.43,21.14,1091,0.0,0.00458295142071494,0.25572519083969464,2.4,1
3972,69.0,Premium,Sports,Upi,17228.03,7.44,330,0.5555555555555556,0.13636363636363635,1.2377622377622377,0.28888888888888886,0
3973,22.0,Regular,Groceries,Cash,16575.21,38.06,1653,0.47058823529411764,0.0102843315184513,0.21666666666666667,0.7647058823529411,0
3974,38.0,New,Electronics,Cash,16517.13,41.08,243,0.6,0.205761316872428,0.4716981132075472,0.12,0
3975,32.0,Inactive,Groceries,Net Banking,44297.5,12.1,1255,0.6458333333333334,0.03824701195219123,3.5925925925925926,0.0,0
3976,61.0,Inactive,Groceries,Credit Card,21697.65,41.78,1171,0.08571428571428572,0.029888983774551667,0.703030303030303,0.34285714285714286,0
3977,69.0,Regular,Electronics,Net Banking,5770.65,33.68,657,0.5,0.0273972602739726,0.22153846153846155,1.1111111111111112,1
3978,49.0,Regular,Clothing,Upi,11533.38,49.29,1584,0.3333333333333333,0.028409090909090908,0.46567164179104475,0.3333333333333333,0
3979,56.0,Premium,Electronics,Cash,21615.28,38.59,1686,0.09302325581395349,0.025504151838671413,1.1625,0.16279069767441862,0
3980,62.0,Regular,Electronics,Credit Card,49182.72,39.76,1091,0.11764705882352941,0.015582034830430797,1.1090909090909091,0.0,0
3981,38.0,New,Furniture,Credit Card,22660.59,32.21,700,0.8,0.06428571428571428,0.2893081761006289,0.1111111111111111,0
3982,64.0,Premium,Furniture,Net Banking,24413.09,28.53,1524,0.34782608695652173,0.015091863517060367,0.06976744186046512,0.6956521739130435,1
3983,27.0,New,Furniture,Debit Card,20138.05,10.27,187,0.25,0.0213903743315508,0.5016077170418006,5.0,0
3984,45.0,Premium,Furniture,Credit Card,43160.87,1.76,1544,0.5217391304347826,0.014896373056994818,0.5225988700564972,0.8695652173913043,0
3985,49.0,Inactive,Furniture,Debit Card,25770.86,26.64,212,1.0,0.009433962264150943,0.041666666666666664,6.0,1
3986,66.0,Premium,Sports,Credit Card,23287.32,29.13,459,0.25,0.017429193899782137,0.11650485436893204,2.125,1
3987,33.0,Premium,Groceries,Upi,24559.26,6.85,1579,0.64,0.015832805573147563,88.5,0.24,0
3988,45.0,New,Electronics,Credit Card,23294.44,5.81,1047,0.37777777777777777,0.04297994269340974,0.1791044776119403,0.13333333333333333,0
3989,59.0,Regular,Electronics,Credit Card,16119.64,24.59,1414,0.15384615384615385,0.009193776520509194,0.35097493036211697,0.6153846153846154,0
3990,37.0,Premium,Furniture,Upi,9664.22,21.96,1360,0.17647058823529413,0.0125,1.008130081300813,0.47058823529411764,0
3991,50.0,Premium,Furniture,Credit Card,31013.95,7.17,1388,0.782608695652174,0.03314121037463977,6.538461538461538,0.21739130434782608,0
3992,68.0,Regular,Books,Net Banking,40433.39,0.11,1042,0.8333333333333334,0.04030710172744722,0.31864406779661014,0.2619047619047619,0
3993,56.0,New,Clothing,Credit Card,39293.28,24.43,485,0.6744186046511628,0.088659793814433,0.635593220338983,0.2558139534883721,0
3994,51.0,New,Sports,Cash,6819.15,7.43,1333,0.0,0.0037509377344336083,0.6747967479674797,0.6,0
3995,22.0,Inactive,Clothing,Debit Card,5791.78,23.77,859,0.25,0.004656577415599534,0.9896907216494846,0.25,0
3996,54.0,New,Books,Credit Card,40719.02,35.57,401,0.16,0.12468827930174564,0.8148148148148148,0.12,0
3997,32.0,Premium,Furniture,Cash,39374.93,26.19,653,0.0967741935483871,0.04747320061255743,1.096969696969697,0.4838709677419355,0
3998,31.0,Premium,Clothing,Net Banking,1090.9,26.34,1295,0.41935483870967744,0.023938223938223938,0.7955801104972375,0.45161290322580644,0
3999,28.0,Regular,Electronics,Credit Card,40880.01,37.03,1086,0.7142857142857143,0.02578268876611418,0.375,0.42857142857142855,0
4000,18.0,New,Electronics,Cash,5782.12,11.59,1145,0.3333333333333333,0.02096069868995633,0.6086956521739131,0.375,0
4001,53.0,New,Electronics,Credit Card,22491.01,13.92,226,0.6153846153846154,0.05752212389380531,0.33933933933933935,0.5384615384615384,0
4002,32.0,New,Electronics,Debit Card,12885.27,13.33,93,0.46511627906976744,0.46236559139784944,0.9080459770114943,0.2558139534883721,0
4003,46.0,Premium,Electronics,Credit Card,45731.71,45.91,1779,0.7619047619047619,0.011804384485666104,1.0121212121212122,0.7619047619047619,0
4004,31.0,New,Sports,Cash,33523.24,38.95,1365,0.2857142857142857,0.005128205128205128,11.4,2.4285714285714284,0
4005,65.0,New,Groceries,Cash,40395.62,6.81,1163,0.75,0.0034393809114359416,0.26277372262773724,3.75,1
4006,66.0,Regular,Furniture,Credit Card,36947.89,10.96,687,0.5625,0.046579330422125184,2.6666666666666665,0.40625,0
4007,69.0,Regular,Sports,Cash,22589.29,0.81,1386,0.0,0.0021645021645021645,0.5071090047393365,5.0,0
4008,62.0,Regular,Books,Credit Card,4985.23,28.65,1238,0.13333333333333333,0.012116316639741519,5.111111111111111,0.8666666666666667,0
4009,39.0,Regular,Electronics,Debit Card,12622.69,10.28,1028,0.07692307692307693,0.037937743190661476,0.8305084745762712,0.20512820512820512,0
4010,49.0,New,Electronics,Upi,47421.8,24.28,229,0.02,0.2183406113537118,0.5154320987654321,0.12,0
4011,69.0,Inactive,Electronics,Net Banking,44859.73,14.34,324,0.0,0.012345679012345678,0.7,1.0,0
4012,44.0,New,Electronics,Debit Card,22713.91,34.64,1009,0.9444444444444444,0.017839444995044598,1.1666666666666667,0.7222222222222222,0
4013,33.0,Regular,Books,Cash,3500.68,21.23,79,1.0,0.26582278481012656,0.20710059171597633,0.8571428571428571,0
4014,39.0,New,Books,Credit Card,31401.45,5.98,1302,1.0,0.02227342549923195,8.923076923076923,0.1724137931034483,0
4015,40.0,New,Books,Net Banking,48499.87,1.13,232,0.0,0.1853448275862069,0.675,0.23255813953488372,0
4016,54.0,New,Books,Net Banking,13521.16,16.09,1627,0.9791666666666666,0.02950215119852489,1.0773809523809523,0.2916666666666667,0
4017,23.0,Regular,Clothing,Upi,2164.01,15.73,1444,0.08333333333333333,0.008310249307479225,5.620689655172414,0.9166666666666666,0
4018,60.0,New,Groceries,Upi,976.18,39.35,1261,0.8333333333333334,0.014274385408406027,1.2,0.6666666666666666,0
4019,65.0,Premium,Electronics,Upi,11591.8,12.87,1540,0.0,0.003246753246753247,0.06521739130434782,1.8,1
4020,58.0,Premium,Groceries,Debit Card,24198.38,28.55,1093,0.5365853658536586,0.03751143641354071,0.5343511450381679,0.3170731707317073,0
4021,34.0,Premium,Electronics,Upi,44528.27,1.87,545,0.6666666666666666,0.005504587155963303,1.22,4.333333333333333,0
4022,57.0,New,Furniture,Upi,15136.7,48.39,68,0.35714285714285715,0.20588235294117646,0.39823008849557523,0.35714285714285715,1
4023,36.0,Inactive,Furniture,Credit Card,43054.03,19.82,200,0.6,0.05,1.173913043478261,1.4,0
4024,30.0,Premium,Sports,Cash,30320.69,36.92,248,0.3225806451612903,0.125,2.8260869565217392,0.0967741935483871,0
4025,68.0,Regular,Electronics,Upi,33064.82,2.99,1262,0.8181818181818182,0.03486529318541997,0.08959537572254335,0.25,0
4026,19.0,Regular,Electronics,Credit Card,47034.12,21.96,1324,0.36363636363636365,0.01661631419939577,5.378378378378378,0.6818181818181818,0
4027,45.0,New,Books,Cash,42909.45,48.53,111,0.1935483870967742,0.27927927927927926,0.2949852507374631,0.1935483870967742,0
4028,62.0,Premium,Sports,Debit Card,6521.17,22.93,799,0.6875,0.02002503128911139,0.06198347107438017,0.3125,1
4029,24.0,New,Clothing,Cash,14264.15,29.69,1584,0.8421052631578947,0.011994949494949494,0.6482758620689655,1.0526315789473684,0
4030,29.0,Inactive,Clothing,Credit Card,47102.97,27.11,1783,1.0,0.0033651149747616375,1.3789473684210527,0.3333333333333333,0
4031,69.0,New,Sports,Credit Card,13956.88,37.29,1629,1.0,0.0055248618784530384,0.20630372492836677,1.6666666666666667,1
4032,55.0,Regular,Furniture,Credit Card,36020.47,13.31,40,0.3333333333333333,0.15,0.8831168831168831,3.0,0
4033,54.0,New,Groceries,Cash,43264.76,12.75,1563,0.1836734693877551,0.03134996801023673,0.2932692307692308,0.3673469387755102,0
4034,36.0,New,Groceries,Upi,1405.07,47.88,1674,0.8333333333333334,0.021505376344086023,0.984,0.3333333333333333,0
4035,34.0,New,Clothing,Cash,26790.98,16.08,234,0.10344827586206896,0.12393162393162394,0.2695035460992908,0.3793103448275862,0
4036,52.0,Premium,Groceries,Upi,25545.48,28.58,900,0.7777777777777778,0.01,0.7261146496815286,1.4444444444444444,0
4037,62.0,Premium,Sports,Debit Card,4539.9,6.02,288,0.6,0.1388888888888889,0.9591836734693877,0.125,0
4038,39.0,Inactive,Sports,Upi,10924.44,22.42,891,0.825,0.04489337822671156,0.43097643097643096,0.0,0
4039,66.0,Regular,Furniture,Net Banking,1794.82,18.74,125,0.75,0.064,0.33432835820895523,0.75,0
4040,60.0,Regular,Books,Net Banking,24134.68,24.07,1762,0.3793103448275862,0.016458569807037457,1.2280701754385965,0.034482758620689655,0
4041,47.0,Premium,Groceries,Debit Card,1404.45,4.28,103,0.8125,0.46601941747572817,0.3862433862433862,0.16666666666666666,0
4042,58.0,Regular,Groceries,Debit Card,7043.18,19.47,1558,0.38095238095238093,0.013478818998716302,0.17337461300309598,0.7142857142857143,1
4043,53.0,Regular,Groceries,Debit Card,17173.03,33.46,1725,0.2765957446808511,0.027246376811594204,0.411522633744856,0.2765957446808511,0
4044,39.0,Premium,Electronics,Cash,45281.77,16.7,950,0.0,0.04842105263157895,0.30344827586206896,0.13043478260869565,0
4045,28.0,New,Electronics,Cash,31438.86,34.78,1069,0.5882352941176471,0.031805425631431246,1.6486486486486487,0.35294117647058826,0
4046,53.0,Premium,Sports,Upi,29262.9,13.64,76,0.75,0.47368421052631576,2.3333333333333335,0.5555555555555556,0
4047,33.0,New,Books,Cash,27245.16,39.4,1822,0.675,0.021953896816684963,2.0833333333333335,0.35,0
4048,37.0,New,Electronics,Credit Card,45271.2,30.0,1017,0.047619047619047616,0.04129793510324484,0.3469387755102041,0.2619047619047619,0
4049,56.0,Premium,Groceries,Credit Card,11584.74,24.79,599,0.34782608695652173,0.038397328881469114,0.7291666666666666,0.6956521739130435,0
4050,49.0,New,Clothing,Upi,49751.3,29.32,74,1.0,0.5,0.25,0.35135135135135137,0
4051,44.0,Premium,Groceries,Upi,9208.63,1.8,1285,0.5641025641025641,0.030350194552529183,0.7839195979899497,0.05128205128205128,0
4052,48.0,Premium,Groceries,Net Banking,25726.43,10.41,159,0.025,0.25157232704402516,0.7020408163265306,0.025,0
4053,30.0,Regular,Books,Upi,29186.1,7.07,1205,0.22916666666666666,0.03983402489626556,0.3130081300813008,0.14583333333333334,0
4054,63.0,Regular,Furniture,Cash,5334.62,0.19,1285,0.5789473684210527,0.014785992217898832,0.27450980392156865,0.9473684210526315,1
4055,25.0,Inactive,Sports,Credit Card,28831.97,15.03,1140,0.08333333333333333,0.010526315789473684,0.08148148148148149,0.5833333333333334,0
4056,27.0,New,Furniture,Cash,13526.8,45.74,327,0.14285714285714285,0.021406727828746176,0.297029702970297,0.42857142857142855,1
4057,19.0,Regular,Furniture,Upi,49078.05,49.64,1353,0.8958333333333334,0.03547671840354767,0.32038834951456313,0.2708333333333333,0
4058,55.0,Premium,Clothing,Upi,47398.56,14.5,1794,0.8108108108108109,0.020624303232998884,1.4742268041237114,0.16216216216216217,0
4059,44.0,Premium,Furniture,Credit Card,15345.53,12.12,1535,0.6060606060606061,0.021498371335504887,0.25203252032520324,0.2727272727272727,0
4060,33.0,Premium,Books,Credit Card,24007.46,6.83,851,0.20689655172413793,0.03407755581668625,2.8536585365853657,0.6206896551724138,0
4061,28.0,Premium,Books,Debit Card,17948.77,7.9,1795,0.18181818181818182,0.012256267409470752,0.6973684210526315,0.8636363636363636,0
4062,59.0,Inactive,Books,Net Banking,25795.82,34.55,1591,1.0,0.028284098051539912,1.3783783783783783,0.37777777777777777,0
4063,63.0,Inactive,Clothing,Credit Card,25754.92,33.3,1781,0.10638297872340426,0.026389668725435148,0.2363013698630137,0.40425531914893614,0
4064,51.0,New,Electronics,Credit Card,24635.85,12.86,633,0.15151515151515152,0.052132701421800945,0.358695652173913,0.5757575757575758,0
4065,19.0,New,Sports,Debit Card,30042.01,43.31,235,1.0,0.04680851063829787,0.413265306122449,0.45454545454545453,1
4066,65.0,New,Clothing,Credit Card,33453.16,2.51,1472,0.4,0.0033967391304347825,7.4,0.0,0
4067,18.0,Premium,Furniture,Credit Card,7165.23,38.78,398,0.6,0.01256281407035176,0.4444444444444444,1.4,0
4068,44.0,New,Furniture,Cash,14909.73,19.78,459,0.14285714285714285,0.015250544662309368,0.44565217391304346,0.0,1
4069,41.0,Premium,Sports,Upi,2002.35,5.69,937,0.3333333333333333,0.0064034151547491995,0.7891566265060241,1.5,0
4070,32.0,Regular,Groceries,Cash,34873.09,36.19,420,0.5,0.009523809523809525,5.029411764705882,3.5,0
4071,23.0,Regular,Groceries,Net Banking,40194.53,49.95,466,1.0,0.004291845493562232,12.0,1.5,0
4072,47.0,Regular,Books,Cash,24313.17,31.68,622,0.15384615384615385,0.06270096463022508,0.9565217391304348,0.0,0
4073,54.0,New,Electronics,Cash,41440.76,48.97,564,1.0,0.008865248226950355,0.12974683544303797,1.0,1
4074,18.0,New,Electronics,Upi,26448.8,16.73,138,1.0,0.10144927536231885,0.428169014084507,0.9285714285714286,0
4075,28.0,Premium,Clothing,Net Banking,17398.88,36.09,1486,0.125,0.010767160161507403,0.852112676056338,0.125,0
4076,19.0,Regular,Groceries,Upi,4603.82,15.79,1281,1.0,0.00312256049960968,0.144,0.75,0
4077,70.0,Premium,Books,Net Banking,24354.99,30.02,1273,0.7,0.007855459544383346,1.836734693877551,0.8,0
4078,45.0,Premium,Books,Net Banking,13205.09,25.12,746,0.47619047619047616,0.028150134048257374,0.5672514619883041,0.19047619047619047,0
4079,18.0,Premium,Electronics,Cash,20335.21,13.05,1558,0.4,0.012836970474967908,3.3333333333333335,0.9,0
4080,62.0,New,Books,Credit Card,39127.84,38.0,1051,1.0,0.007611798287345386,0.3872832369942196,0.375,0
4081,67.0,Premium,Books,Net Banking,15355.41,27.9,73,0.625,0.1095890410958904,1.96,0.125,0
4082,22.0,New,Sports,Net Banking,18028.99,24.51,811,0.6818181818181818,0.027127003699136867,0.15384615384615385,0.5454545454545454,1
4083,38.0,Regular,Clothing,Debit Card,14839.76,45.12,1598,0.8297872340425532,0.029411764705882353,1.3426573426573427,0.0851063829787234,0
4084,27.0,New,Books,Upi,1429.72,26.94,1707,0.0975609756097561,0.02401874633860574,0.2479108635097493,0.024390243902439025,0
4085,25.0,New,Sports,Cash,33067.34,48.97,939,0.48484848484848486,0.03514376996805112,1.164835164835165,0.48484848484848486,0
4086,20.0,Premium,Clothing,Credit Card,20843.54,28.17,941,0.2,0.005313496280552604,0.11583011583011583,1.8,1
4087,42.0,Premium,Groceries,Upi,1025.18,21.46,1211,0.6428571428571429,0.03468208092485549,1.7,0.16666666666666666,0
4088,48.0,Inactive,Clothing,Upi,37537.79,39.34,545,0.07692307692307693,0.07155963302752294,0.527363184079602,0.07692307692307693,0
4089,25.0,Premium,Groceries,Credit Card,1950.16,24.72,1484,0.6666666666666666,0.0020215633423180594,2.625,4.666666666666667,0
4090,65.0,Premium,Electronics,Upi,45673.18,27.68,965,0.3793103448275862,0.03005181347150259,1.4130434782608696,0.3103448275862069,0
4091,45.0,New,Sports,Credit Card,46088.37,24.11,1439,0.5357142857142857,0.019457956914523976,4.625,0.4642857142857143,0
4092,23.0,Premium,Furniture,Cash,12011.55,29.31,1242,0.0,0.039452495974235106,1.098360655737705,0.12244897959183673,0
4093,68.0,Premium,Groceries,Debit Card,22897.52,8.84,431,0.7272727272727273,0.025522041763341066,0.8556149732620321,1.3636363636363635,0
4094,44.0,Regular,Books,Credit Card,3192.06,26.19,737,0.9555555555555556,0.06105834464043419,0.09121621621621621,0.1111111111111111,0
4095,55.0,Regular,Books,Credit Card,34559.65,31.4,215,0.8947368421052632,0.08837209302325581,0.7562189054726368,0.8947368421052632,0
4096,29.0,Regular,Books,Credit Card,39981.07,3.04,1790,0.8846153846153846,0.01452513966480447,0.963963963963964,0.11538461538461539,0
4097,53.0,Premium,Electronics,Credit Card,24799.01,32.91,1535,0.21739130434782608,0.01498371335504886,2.888888888888889,0.8695652173913043,0
4098,59.0,Regular,Groceries,Credit Card,11711.0,18.58,681,1.0,0.005873715124816446,0.9190751445086706,2.75,0
4099,25.0,New,Groceries,Net Banking,4306.0,35.26,1790,0.4489795918367347,0.027374301675977653,1.8846153846153846,0.24489795918367346,0
4100,43.0,New,Books,Credit Card,7071.31,17.99,1687,0.25,0.0023710729104919974,0.6839378238341969,3.75,0
4101,21.0,Premium,Groceries,Credit Card,18299.55,40.25,1284,0.4444444444444444,0.014018691588785047,9.090909090909092,1.0555555555555556,0
4102,46.0,New,Books,Net Banking,41206.66,45.3,439,0.9285714285714286,0.03189066059225513,0.445993031358885,0.21428571428571427,0
4103,58.0,Premium,Books,Debit Card,49120.94,31.99,1085,1.0,0.003686635944700461,0.44642857142857145,2.5,1
4104,36.0,Inactive,Clothing,Upi,37945.14,13.83,32,1.0,0.0625,1.8125,5.0,0
4105,63.0,Inactive,Sports,Upi,25076.7,1.91,1307,0.7317073170731707,0.03136954858454476,1.0211267605633803,0.17073170731707318,0
4106,68.0,Regular,Clothing,Debit Card,44237.1,48.88,148,0.8666666666666667,0.20270270270270271,0.24846625766871167,0.5666666666666667,0
4107,34.0,Premium,Electronics,Upi,32915.26,28.85,262,0.5,0.12213740458015267,1.4268292682926829,0.40625,0
4108,30.0,Inactive,Books,Upi,16371.76,31.53,1035,1.0,0.003864734299516908,1.1923076923076923,4.75,0
4109,39.0,New,Clothing,Credit Card,25643.16,0.01,813,0.5428571428571428,0.04305043050430504,0.32413793103448274,0.42857142857142855,0
4110,28.0,Premium,Furniture,Credit Card,39310.83,22.22,788,0.23809523809523808,0.0266497461928934,0.4576271186440678,0.3333333333333333,0
4111,62.0,New,Groceries,Credit Card,16320.34,18.49,547,0.4,0.009140767824497258,1.0344827586206897,1.2,0
4112,47.0,Premium,Books,Debit Card,27866.46,23.7,1802,0.10344827586206896,0.01609322974472808,0.022598870056497175,0.3793103448275862,0
4113,57.0,New,Sports,Credit Card,4845.77,1.23,1490,0.2222222222222222,0.012080536912751677,1.5625,0.16666666666666666,0
4114,70.0,New,Clothing,Cash,46288.85,48.88,1266,0.6585365853658537,0.03238546603475513,0.09375,0.24390243902439024,0
4115,31.0,Premium,Groceries,Debit Card,35157.79,7.27,947,0.6666666666666666,0.028511087645195353,0.7346938775510204,0.6666666666666666,0
4116,32.0,New,Books,Debit Card,10551.71,28.37,1264,0.275,0.03164556962025317,2.217948717948718,0.275,0
4117,21.0,Premium,Groceries,Credit Card,10335.39,40.56,446,0.3333333333333333,0.06053811659192825,0.09333333333333334,0.14814814814814814,0
4118,48.0,Inactive,Books,Debit Card,30974.67,6.85,911,0.9,0.021953896816684963,0.8571428571428571,0.1,0
4119,42.0,Regular,Books,Cash,21818.62,10.38,657,0.07692307692307693,0.0197869101978691,0.410958904109589,0.46153846153846156,1
4120,65.0,Inactive,Books,Cash,18955.21,21.04,684,0.9444444444444444,0.02631578947368421,1.5573770491803278,0.05555555555555555,0
4121,24.0,New,Sports,Upi,39593.79,46.45,1629,1.0,0.009208103130755065,2.4464285714285716,0.9333333333333333,0
4122,32.0,Inactive,Books,Net Banking,6872.02,0.39,1105,0.3333333333333333,0.0027149321266968325,0.675,2.3333333333333335,0
4123,58.0,Premium,Sports,Net Banking,19635.97,38.43,63,0.24324324324324326,0.5873015873015873,0.041916167664670656,0.5135135135135135,0
4124,34.0,Premium,Books,Debit Card,12635.36,41.75,987,0.8,0.020263424518743668,0.43946188340807174,0.65,1
4125,20.0,Inactive,Electronics,Upi,2619.81,8.01,903,0.76,0.02768549280177187,0.7592592592592593,0.64,0
4126,30.0,New,Electronics,Net Banking,10655.36,49.78,331,0.7391304347826086,0.06948640483383686,4.51,0.043478260869565216,0
4127,30.0,Premium,Furniture,Net Banking,1962.36,30.44,1053,0.3,0.02849002849002849,0.4664429530201342,0.16666666666666666,0
4128,21.0,Regular,Electronics,Cash,34773.62,19.81,1310,0.9411764705882353,0.025954198473282442,0.018518518518518517,0.5294117647058824,0
4129,68.0,Regular,Groceries,Credit Card,26606.38,49.26,897,0.6666666666666666,0.033444816053511704,1.4444444444444444,0.6666666666666666,0
4130,52.0,New,Electronics,Credit Card,19230.88,44.21,1026,0.0,0.0009746588693957114,0.6341463414634146,16.0,0
4131,55.0,Regular,Sports,Credit Card,18789.52,27.21,894,0.7272727272727273,0.012304250559284116,0.708029197080292,0.9090909090909091,0
4132,52.0,Inactive,Groceries,Net Banking,7141.14,31.56,1268,1.0,0.030757097791798107,3.2884615384615383,0.48717948717948717,0
4133,46.0,Regular,Electronics,Debit Card,28101.67,26.56,557,0.6666666666666666,0.005385996409335727,1.0588235294117647,0.0,0
4134,51.0,New,Furniture,Debit Card,47234.09,39.92,882,0.3333333333333333,0.003401360544217687,0.9785714285714285,2.3333333333333335,0
4135,68.0,New,Groceries,Credit Card,23164.54,36.81,473,0.24444444444444444,0.09513742071881606,1.4285714285714286,0.022222222222222223,0
4136,22.0,Premium,Groceries,Cash,21413.63,36.36,1213,0.8695652173913043,0.03792250618301731,0.09803921568627451,0.21739130434782608,0
4137,48.0,Regular,Sports,Net Banking,26794.61,36.24,384,0.5,0.005208333333333333,36.0,3.0,0
4138,59.0,Regular,Groceries,Debit Card,6772.8,36.75,194,0.0,0.03608247422680412,0.5037037037037037,2.142857142857143,0
4139,39.0,New,Furniture,Credit Card,5372.32,31.59,274,0.43902439024390244,0.14963503649635038,0.23008849557522124,0.04878048780487805,0
4140,48.0,New,Electronics,Net Banking,24283.45,30.11,1145,0.16666666666666666,0.01572052401746725,0.49230769230769234,0.3333333333333333,0
4141,28.0,Regular,Sports,Credit Card,17916.92,43.2,1111,0.3333333333333333,0.0027002700270027003,0.42857142857142855,4.333333333333333,0
4142,37.0,New,Furniture,Net Banking,35891.64,20.05,949,0.5555555555555556,0.018967334035827187,28.0,0.16666666666666666,0
4143,36.0,New,Electronics,Upi,30194.99,34.9,1322,0.0,0.019667170953101363,0.648854961832061,0.38461538461538464,0
4144,26.0,Regular,Sports,Cash,7909.61,16.71,395,0.25,0.05063291139240506,0.47465437788018433,0.7,0
4145,54.0,New,Electronics,Cash,49142.47,21.0,78,0.6666666666666666,0.11538461538461539,0.22151898734177214,0.1111111111111111,1
4146,24.0,Regular,Electronics,Debit Card,26079.82,21.91,1291,0.4,0.011618900077459334,1.1916666666666667,0.8666666666666667,0
4147,26.0,New,Sports,Upi,30488.24,19.51,1359,0.32653061224489793,0.036055923473142015,1.15,0.40816326530612246,0
4148,50.0,Premium,Furniture,Upi,44725.28,49.15,1048,0.4444444444444444,0.025763358778625955,1.903225806451613,0.4074074074074074,0
4149,35.0,Premium,Furniture,Credit Card,10438.17,32.59,870,0.9,0.022988505747126436,4.414634146341464,0.45,0
4150,27.0,Regular,Sports,Upi,701.32,19.94,874,0.16666666666666666,0.02745995423340961,6.925925925925926,0.08333333333333333,0
4151,36.0,Inactive,Books,Credit Card,29480.83,21.7,126,0.0,0.023809523809523808,1.0616438356164384,0.3333333333333333,0
4152,56.0,New,Groceries,Debit Card,41809.29,29.64,109,0.391304347826087,0.21100917431192662,0.4819277108433735,0.43478260869565216,0
4153,21.0,New,Furniture,Credit Card,42783.47,6.51,1354,0.2777777777777778,0.013293943870014771,0.7420634920634921,0.5,0
4154,38.0,Premium,Groceries,Net Banking,33901.74,28.53,1614,0.06976744186046512,0.02664188351920694,0.7489361702127659,0.13953488372093023,0
4155,30.0,Premium,Groceries,Net Banking,18989.06,38.71,151,0.038461538461538464,0.17218543046357615,0.7121951219512195,0.11538461538461539,0
4156,58.0,Inactive,Sports,Cash,37674.86,3.29,547,0.23076923076923078,0.04753199268738574,2.081967213114754,0.07692307692307693,0
4157,18.0,Regular,Electronics,Debit Card,20653.71,8.81,1734,0.0,0.0011534025374855825,0.4595744680851064,4.0,0
4158,54.0,Inactive,Groceries,Debit Card,7437.35,21.55,612,0.45454545454545453,0.03594771241830065,0.26136363636363635,0.045454545454545456,1
4159,49.0,Inactive,Books,Cash,4436.83,49.8,751,0.6470588235294118,0.022636484687083888,5.125,0.9411764705882353,0
4160,30.0,New,Sports,Credit Card,17496.41,29.98,563,0.34375,0.056838365896980464,0.4409722222222222,0.3125,0
4161,64.0,Inactive,Groceries,Credit Card,8600.71,39.47,1680,0.3333333333333333,0.0125,0.6948529411764706,0.23809523809523808,0
4162,24.0,Regular,Sports,Net Banking,1513.29,32.94,1473,1.0,0.010183299389002037,0.10869565217391304,1.2666666666666666,1
4163,35.0,Inactive,Books,Cash,11749.54,38.79,965,0.5789473684210527,0.019689119170984457,2.026666666666667,0.47368421052631576,0
4164,51.0,New,Sports,Credit Card,36707.33,43.91,566,0.6904761904761905,0.07420494699646643,2.7142857142857144,0.35714285714285715,0
4165,58.0,Regular,Furniture,Cash,7941.82,43.39,1658,0.1935483870967742,0.018697225572979495,0.2099236641221374,0.2903225806451613,0
4166,18.0,New,Sports,Debit Card,43579.75,1.09,627,0.813953488372093,0.0685805422647528,0.4803921568627451,0.32558139534883723,0
4167,29.0,Premium,Furniture,Net Banking,12757.71,18.96,289,0.21621621621621623,0.12802768166089964,0.2556390977443609,0.08108108108108109,0
4168,45.0,New,Groceries,Credit Card,23756.77,38.74,33,0.9487179487179487,1.1818181818181819,0.7849462365591398,0.41025641025641024,0
4169,39.0,New,Furniture,Debit Card,28609.86,18.08,1419,0.3783783783783784,0.026074700493305146,0.7047970479704797,0.21621621621621623,0
4170,40.0,Regular,Electronics,Credit Card,7795.66,38.53,1497,0.40476190476190477,0.028056112224448898,0.36054421768707484,0.19047619047619047,0
4171,47.0,New,Books,Upi,21013.0,32.62,1279,1.0,0.001563721657544957,5.081081081081081,3.5,0
4172,59.0,Regular,Groceries,Net Banking,27223.88,39.17,458,0.0,0.06331877729257641,0.6086956521739131,0.6551724137931034,0
4173,62.0,Premium,Furniture,Cash,4129.55,5.04,341,0.36363636363636365,0.03225806451612903,1.2702702702702702,1.0909090909090908,0
4174,24.0,Premium,Groceries,Net Banking,13497.5,24.79,1331,0.35294117647058826,0.012772351615326822,0.45774647887323944,1.0588235294117647,0
4175,47.0,New,Electronics,Credit Card,42858.83,22.2,1337,0.9583333333333334,0.01795063575168287,0.29780564263322884,0.8333333333333334,1
4176,43.0,New,Sports,Upi,9682.36,20.23,715,0.14285714285714285,0.019580419580419582,1.3969465648854962,0.42857142857142855,0
4177,46.0,Premium,Books,Cash,30515.23,2.63,1650,1.0,0.019393939393939394,0.04365079365079365,0.46875,0
4178,65.0,New,Furniture,Cash,25188.5,33.18,1236,0.35294117647058826,0.02750809061488673,2.142857142857143,0.5882352941176471,0
4179,57.0,Regular,Groceries,Credit Card,40374.16,40.54,1804,0.4594594594594595,0.020509977827051,0.6038961038961039,0.21621621621621623,0
4180,61.0,New,Sports,Net Banking,49099.12,45.72,369,0.26666666666666666,0.04065040650406504,0.7931034482758621,1.2,0
4181,43.0,Inactive,Electronics,Credit Card,21260.77,45.9,1016,0.7142857142857143,0.006889763779527559,1.5,2.7142857142857144,0
4182,44.0,New,Books,Debit Card,49697.98,47.89,425,0.9791666666666666,0.11294117647058824,0.8918918918918919,0.20833333333333334,0
4183,31.0,Inactive,Groceries,Net Banking,47068.64,11.39,704,0.5135135135135135,0.052556818181818184,0.16129032258064516,0.5405405405405406,0
4184,42.0,Inactive,Books,Credit Card,37597.29,42.97,260,0.03571428571428571,0.1076923076923077,0.47692307692307695,0.7142857142857143,0
4185,69.0,Premium,Books,Net Banking,8990.73,26.42,1402,0.6666666666666666,0.0021398002853067048,1.0759493670886076,6.333333333333333,0
4186,66.0,Premium,Books,Cash,17876.23,31.82,1638,0.0,0.0006105006105006105,0.3532934131736527,16.0,0
4187,44.0,Premium,Furniture,Credit Card,638.42,45.02,1525,0.28888888888888886,0.029508196721311476,0.38976377952755903,0.4222222222222222,0
4188,53.0,Inactive,Furniture,Credit Card,8804.36,43.55,839,0.25,0.052443384982121574,0.2901960784313726,0.2727272727272727,0
4189,50.0,Regular,Clothing,Debit Card,4297.19,44.09,1133,1.0,0.00529567519858782,2.0476190476190474,1.3333333333333333,0
4190,49.0,Inactive,Electronics,Debit Card,16595.99,30.13,1369,0.3103448275862069,0.021183345507669833,1.6,0.6896551724137931,0
4191,56.0,Premium,Furniture,Upi,28442.02,32.99,390,0.8913043478260869,0.11794871794871795,1.0740740740740742,0.391304347826087,0
4192,58.0,Inactive,Clothing,Cash,14258.71,48.29,182,0.7777777777777778,0.1978021978021978,2.6986301369863015,0.4166666666666667,0
4193,40.0,Regular,Sports,Cash,20994.43,16.57,254,0.4878048780487805,0.16141732283464566,0.3433734939759036,0.024390243902439025,0
4194,52.0,Regular,Electronics,Upi,45440.12,39.52,957,0.8095238095238095,0.0438871473354232,0.23232323232323232,0.47619047619047616,0
4195,26.0,New,Groceries,Cash,5718.0,13.89,865,0.10526315789473684,0.04393063583815029,0.5572916666666666,0.34210526315789475,0
4196,69.0,New,Sports,Debit Card,39911.94,48.43,33,0.28,0.7575757575757576,0.08187134502923976,0.32,0
4197,67.0,Premium,Electronics,Upi,32875.31,17.11,888,0.5384615384615384,0.02927927927927928,0.9175257731958762,0.34615384615384615,0
4198,59.0,Regular,Sports,Debit Card,44179.05,36.26,201,0.5,0.14925373134328357,0.5463576158940397,0.5,0
4199,66.0,Regular,Electronics,Cash,26222.78,30.72,1634,0.03571428571428571,0.017135862913096694,0.7948717948717948,0.25,0
4200,37.0,Premium,Electronics,Debit Card,35297.2,31.82,1770,0.5,0.011299435028248588,0.12093023255813953,0.6,1
4201,47.0,Premium,Groceries,Net Banking,38913.46,43.69,1482,0.0,0.009446693657219974,1.6470588235294117,1.3571428571428572,0
4202,51.0,Inactive,Books,Upi,7872.18,10.12,1806,0.1111111111111111,0.014950166112956811,0.5661016949152542,0.4444444444444444,0
4203,21.0,Premium,Books,Net Banking,21875.62,6.09,148,0.75,0.02702702702702703,0.04516129032258064,1.75,1
4204,39.0,Premium,Clothing,Cash,6421.43,32.85,912,0.875,0.008771929824561403,0.5578231292517006,1.875,0
4205,61.0,Premium,Furniture,Cash,48948.33,20.62,129,0.6486486486486487,0.2868217054263566,8.588235294117647,0.5135135135135135,0
4206,53.0,Regular,Furniture,Credit Card,41456.16,43.15,1080,0.25925925925925924,0.025,2.012987012987013,0.5925925925925926,0
4207,60.0,New,Furniture,Credit Card,35751.41,22.62,554,0.8,0.036101083032490974,0.4809688581314879,0.8,0
4208,67.0,New,Groceries,Net Banking,20461.76,26.55,549,0.275,0.07285974499089254,0.6865671641791045,0.325,0
4209,50.0,Regular,Electronics,Net Banking,47279.3,28.49,1697,0.32,0.02946375957572186,0.0752212389380531,0.2,0
4210,39.0,Regular,Electronics,Cash,40714.42,9.72,209,0.25,0.03827751196172249,0.8918918918918919,1.75,0
4211,22.0,New,Groceries,Net Banking,36727.77,48.35,403,0.20408163265306123,0.12158808933002481,0.035211267605633804,0.3469387755102041,0
4212,36.0,Regular,Furniture,Credit Card,41577.91,39.79,890,0.6666666666666666,0.04719101123595506,2.7049180327868854,0.16666666666666666,0
4213,68.0,Premium,Furniture,Cash,33670.34,8.38,866,0.6111111111111112,0.020785219399538105,1.5315315315315314,0.16666666666666666,0
4214,58.0,New,Furniture,Credit Card,39917.18,5.91,1079,0.3333333333333333,0.005560704355885079,0.46865671641791046,0.3333333333333333,0
4215,64.0,Regular,Groceries,Upi,40264.79,1.32,1532,0.5,0.024804177545691905,0.6769911504424779,0.02631578947368421,0
4216,37.0,Inactive,Clothing,Cash,38614.37,34.12,1587,0.0,0.002520478890989288,0.060714285714285714,2.5,1
4217,32.0,Premium,Groceries,Upi,28449.35,4.66,1647,0.2777777777777778,0.02185792349726776,0.44598337950138506,0.05555555555555555,0
4218,52.0,Premium,Furniture,Net Banking,42272.57,21.3,178,0.8181818181818182,0.1853932584269663,0.03735632183908046,0.6060606060606061,0
4219,36.0,Premium,Groceries,Cash,21618.73,36.13,341,0.7073170731707317,0.12023460410557185,0.54,0.36585365853658536,0
4220,56.0,Premium,Electronics,Net Banking,44484.52,23.44,1553,0.8518518518518519,0.017385705086928525,0.027972027972027972,0.37037037037037035,0
4221,40.0,Premium,Clothing,Upi,1076.63,31.15,1467,1.0,0.029993183367416496,0.508130081300813,0.4090909090909091,0
4222,48.0,Regular,Electronics,Credit Card,11908.4,9.86,946,1.0,0.003171247357293869,0.09042553191489362,5.333333333333333,1
4223,40.0,New,Furniture,Net Banking,9314.63,7.62,888,0.7142857142857143,0.03153153153153153,0.9874213836477987,0.32142857142857145,0
4224,34.0,Inactive,Clothing,Credit Card,48280.64,17.31,1256,0.6052631578947368,0.030254777070063694,0.21153846153846154,0.13157894736842105,0
4225,54.0,Premium,Electronics,Credit Card,43113.52,40.49,326,1.0,0.027607361963190184,0.46218487394957986,0.8888888888888888,0
4226,46.0,New,Electronics,Credit Card,16705.01,15.3,510,0.9142857142857143,0.06862745098039216,0.1235632183908046,0.37142857142857144,0
4227,57.0,Regular,Clothing,Cash,34859.18,12.8,38,0.6153846153846154,0.34210526315789475,0.2553191489361702,0.5384615384615384,0
4228,25.0,Regular,Sports,Debit Card,24125.76,30.1,1305,0.13636363636363635,0.01685823754789272,3.326923076923077,0.5,0
4229,52.0,Regular,Books,Debit Card,25545.48,46.75,1278,1.0,0.012519561815336464,0.38589211618257263,0.0,1
4230,44.0,Premium,Groceries,Debit Card,44912.8,40.79,510,0.19047619047619047,0.041176470588235294,2.272727272727273,0.3333333333333333,0
4231,34.0,Premium,Sports,Upi,28662.44,39.88,369,0.35714285714285715,0.037940379403794036,0.5967741935483871,0.9285714285714286,0
4232,53.0,New,Clothing,Net Banking,19002.4,0.62,120,0.6666666666666666,0.125,0.18406593406593408,0.6666666666666666,1
4233,37.0,Premium,Furniture,Credit Card,2562.52,42.9,778,0.631578947368421,0.02442159383033419,0.1474820143884892,0.8421052631578947,1
4234,65.0,New,Groceries,Credit Card,9395.14,9.46,1320,1.0,0.03636363636363636,0.02586206896551724,0.2708333333333333,0
4235,58.0,New,Groceries,Credit Card,11270.49,0.97,1722,0.723404255319149,0.0272938443670151,3.064516129032258,0.23404255319148937,0
4236,61.0,New,Electronics,Credit Card,25545.48,35.34,160,0.46938775510204084,0.30625,2.441860465116279,0.2857142857142857,0
4237,23.0,Regular,Books,Credit Card,31977.58,22.46,1728,0.4444444444444444,0.005208333333333333,15.307692307692308,0.6666666666666666,0
4238,36.0,New,Groceries,Net Banking,19296.61,34.9,213,0.2653061224489796,0.2300469483568075,0.685823754789272,0.2653061224489796,0
4239,33.0,Inactive,Furniture,Credit Card,23890.7,26.25,1135,0.9142857142857143,0.030837004405286344,0.24293785310734464,0.2,0
4240,55.0,Premium,Books,Upi,35370.51,32.74,957,0.5,0.012539184952978056,1.4695652173913043,1.5833333333333333,0
4241,62.0,Regular,Books,Credit Card,24592.68,37.98,1312,0.16666666666666666,0.03201219512195122,0.5323741007194245,0.23809523809523808,0
4242,38.0,Premium,Electronics,Debit Card,1095.22,48.24,1415,0.6,0.007067137809187279,0.1572700296735905,0.8,1
4243,35.0,Inactive,Furniture,Net Banking,36822.99,6.1,1418,0.09090909090909091,0.031029619181946404,0.05639097744360902,0.3181818181818182,0
4244,42.0,New,Furniture,Credit Card,39973.57,10.12,817,0.10526315789473684,0.046511627906976744,0.22149837133550487,0.2631578947368421,0
4245,60.0,Regular,Furniture,Upi,8022.15,7.04,60,0.7021276595744681,0.7833333333333333,0.19387755102040816,0.3829787234042553,0
4246,37.0,New,Furniture,Upi,35204.38,39.75,1363,0.2916666666666667,0.01760821716801174,3.5090909090909093,0.041666666666666664,0
4247,30.0,Regular,Groceries,Cash,16986.22,47.67,1220,0.05128205128205128,0.031967213114754096,0.215962441314554,0.2564102564102564,0
4248,42.0,Premium,Electronics,Credit Card,16295.64,27.36,1417,0.7142857142857143,0.009880028228652082,0.5642857142857143,1.2857142857142858,0
4249,53.0,New,Groceries,Cash,2037.08,3.43,1554,0.3673469387755102,0.03153153153153153,59.0,0.061224489795918366,0
4250,29.0,New,Electronics,Net Banking,39107.86,20.7,1386,0.625,0.011544011544011544,8.125,1.25,0
4251,50.0,Regular,Books,Credit Card,13963.76,40.11,913,0.24,0.054764512595837894,0.14,0.06,0
4252,68.0,New,Books,Cash,11014.49,27.95,185,0.8148148148148148,0.14594594594594595,1.7304347826086957,0.07407407407407407,0
4253,61.0,Premium,Books,Net Banking,12030.28,44.6,1197,0.9,0.01670843776106934,0.17318435754189945,0.05,1
4254,49.0,New,Furniture,Credit Card,39461.61,8.83,1690,0.043478260869565216,0.027218934911242602,0.11228070175438597,0.3695652173913043,0
4255,51.0,Regular,Groceries,Credit Card,30120.13,35.67,821,0.09090909090909091,0.013398294762484775,0.16619718309859155,0.2727272727272727,1
4256,40.0,Regular,Groceries,Net Banking,11251.57,6.56,1110,0.0,0.0009009009009009009,0.25688073394495414,4.0,0
4257,25.0,Premium,Clothing,Net Banking,35310.91,43.43,218,0.6666666666666666,0.05504587155963303,0.3201581027667984,1.3333333333333333,1
4258,23.0,Regular,Furniture,Credit Card,1696.71,10.93,1802,0.45454545454545453,0.006104328523862375,0.22388059701492538,1.0909090909090908,0
4259,47.0,New,Electronics,Credit Card,44465.54,5.15,68,0.16666666666666666,0.5294117647058824,0.3016949152542373,0.19444444444444445,0
4260,70.0,New,Furniture,Credit Card,42026.13,37.89,349,0.9302325581395349,0.12320916905444126,1.7575757575757576,0.27906976744186046,0
4261,30.0,Inactive,Electronics,Cash,11158.79,22.44,1176,0.8,0.004251700680272109,2.7058823529411766,0.0,0
4262,23.0,Premium,Electronics,Credit Card,14223.81,30.81,983,0.5102040816326531,0.04984740590030519,4.209302325581396,0.14285714285714285,0
4263,49.0,New,Electronics,Upi,25545.48,14.12,1536,0.0,0.001953125,7.16,6.0,0
4264,31.0,Regular,Clothing,Credit Card,18439.78,5.6,696,0.42857142857142855,0.020114942528735632,0.883495145631068,0.35714285714285715,0
4265,22.0,Regular,Books,Cash,13969.24,46.92,182,0.6216216216216216,0.2032967032967033,0.25301204819277107,0.02702702702702703,0
4266,69.0,Premium,Clothing,Cash,33047.56,1.47,1739,0.06666666666666667,0.008625646923519264,0.5615763546798029,0.4,0
4267,70.0,Regular,Electronics,Upi,15815.27,31.89,721,0.8387096774193549,0.04299583911234397,0.8365384615384616,0.5806451612903226,0
4268,33.0,Inactive,Electronics,Debit Card,39870.17,11.26,483,0.5333333333333333,0.031055900621118012,0.35094339622641507,1.0,1
4269,56.0,Inactive,Groceries,Credit Card,1461.93,0.58,1426,0.7575757575757576,0.02314165497896213,0.27208480565371024,0.09090909090909091,0
4270,42.0,Regular,Electronics,Upi,35811.73,21.53,772,0.3333333333333333,0.007772020725388601,1.3387096774193548,0.5,0
4271,18.0,Regular,Furniture,Upi,38542.64,45.2,1791,0.5294117647058824,0.009491903964265773,0.48947368421052634,0.9411764705882353,1
4272,65.0,Inactive,Electronics,Debit Card,5335.19,5.28,376,0.25,0.010638297872340425,0.4652567975830816,0.0,0
4273,18.0,New,Groceries,Cash,30202.32,27.38,259,0.0,0.02702702702702703,0.0064516129032258064,1.7142857142857142,1
4274,49.0,Premium,Groceries,Net Banking,6439.22,49.16,1328,0.6363636363636364,0.016566265060240965,0.1414141414141414,0.5454545454545454,1
4275,40.0,Regular,Groceries,Debit Card,44327.16,32.38,1531,0.5714285714285714,0.0045721750489875895,0.11209439528023599,2.857142857142857,1
4276,56.0,Regular,Groceries,Credit Card,44048.16,43.52,50,0.8857142857142857,0.7,0.6818181818181818,0.5714285714285714,0
4277,27.0,Regular,Books,Debit Card,48964.44,4.02,612,0.5833333333333334,0.058823529411764705,3.6875,0.3333333333333333,0
4278,49.0,Regular,Electronics,Cash,14927.77,7.13,1222,0.17647058823529413,0.013911620294599018,0.5274725274725275,0.8823529411764706,0
4279,46.0,Regular,Clothing,Credit Card,43249.61,18.17,131,0.8,0.03816793893129771,0.48148148148148145,0.0,1
4280,27.0,New,Sports,Net Banking,17829.55,23.52,1438,0.21052631578947367,0.02642559109874826,0.6728395061728395,0.21052631578947367,0
4281,26.0,Regular,Clothing,Credit Card,31644.8,1.9,564,0.5925925925925926,0.047872340425531915,0.022364217252396165,0.6666666666666666,0
4282,38.0,Inactive,Furniture,Debit Card,13573.76,21.53,886,0.25,0.009029345372460496,0.7450980392156863,0.125,0
4283,18.0,Regular,Electronics,Upi,3432.8,21.39,691,0.3125,0.04630969609261939,0.5232558139534884,0.34375,0
4284,30.0,Regular,Clothing,Upi,5118.66,21.06,642,0.75,0.07476635514018691,1.4583333333333333,0.0,0
4285,22.0,Regular,Clothing,Net Banking,2063.22,19.42,579,0.5,0.07599309153713299,0.6869565217391305,0.022727272727272728,0
4286,53.0,New,Electronics,Cash,9802.45,10.21,241,0.6551724137931034,0.12033195020746888,0.610223642172524,0.41379310344827586,0
4287,19.0,Premium,Books,Credit Card,21452.6,33.05,1630,0.21052631578947367,0.023312883435582823,0.6153846153846154,0.07894736842105263,0
4288,42.0,New,Clothing,Net Banking,20735.26,47.12,1702,0.6170212765957447,0.027614571092831962,0.3943089430894309,0.1702127659574468,0
4289,40.0,Premium,Groceries,Debit Card,27976.49,46.08,1656,0.5,0.0024154589371980675,6.366666666666666,0.5,0
4290,54.0,Inactive,Electronics,Upi,23691.1,0.78,275,0.6956521739130435,0.08363636363636363,0.5,0.21739130434782608,0
4291,18.0,New,Groceries,Upi,17079.87,41.63,1429,0.21951219512195122,0.028691392582225334,0.4806201550387597,0.3902439024390244,0
4292,39.0,Premium,Clothing,Cash,46972.13,33.63,271,0.4166666666666667,0.04428044280442804,0.7014388489208633,1.0833333333333333,0
4293,52.0,Inactive,Books,Upi,2248.51,17.44,428,0.058823529411764705,0.0794392523364486,0.1948529411764706,0.5588235294117647,0
4294,18.0,New,Clothing,Credit Card,36830.63,27.06,244,1.0,0.004098360655737705,2.107142857142857,17.0,0
4295,65.0,Inactive,Groceries,Cash,39691.51,29.62,281,0.6,0.10676156583629894,0.4957983193277311,0.06666666666666667,0
4296,65.0,Regular,Electronics,Debit Card,44116.96,28.93,1585,0.96875,0.02018927444794953,8.61111111111111,0.34375,0
4297,37.0,Regular,Electronics,Net Banking,29759.33,49.42,1665,0.5714285714285714,0.016816816816816817,1.3333333333333333,0.25,0
4298,45.0,Regular,Furniture,Upi,15606.83,5.82,1044,0.5476190476190477,0.040229885057471264,0.4591549295774648,0.23809523809523808,0
4299,45.0,Inactive,Groceries,Debit Card,8593.2,18.86,372,0.75,0.10752688172043011,0.28095238095238095,0.125,0
4300,34.0,New,Books,Upi,9937.43,43.09,867,0.0,0.0034602076124567475,0.06645569620253164,6.0,1
4301,43.0,Inactive,Books,Credit Card,46234.05,13.28,948,0.42857142857142855,0.007383966244725738,0.17094017094017094,1.2857142857142858,1
4302,43.0,Inactive,Books,Cash,7940.5,28.86,1326,0.13333333333333333,0.011312217194570135,0.43846153846153846,0.8,0
4303,44.0,Premium,Groceries,Debit Card,31549.73,29.15,411,0.9148936170212766,0.11435523114355231,0.008264462809917356,0.10638297872340426,0
4304,33.0,Regular,Groceries,Debit Card,36579.87,10.75,184,0.11764705882352941,0.09239130434782608,1.0703125,0.058823529411764705,0
4305,51.0,Regular,Clothing,Net Banking,9827.89,42.97,322,0.6,0.015527950310559006,0.7449392712550608,0.6,0
4306,44.0,Premium,Electronics,Debit Card,49940.96,23.06,974,0.2708333333333333,0.049281314168377825,0.07954545454545454,0.2916666666666667,0
4307,52.0,Regular,Sports,Net Banking,15945.77,14.03,427,0.391304347826087,0.053864168618266976,0.5421686746987951,0.5652173913043478,0
4308,22.0,New,Furniture,Credit Card,16677.39,8.81,1147,0.02857142857142857,0.03051438535309503,0.2898550724637681,0.42857142857142855,0
4309,59.0,Inactive,Clothing,Net Banking,27666.53,2.27,1536,1.0,0.009765625,0.9215686274509803,0.7333333333333333,0
4310,24.0,Regular,Groceries,Cash,26194.57,48.4,295,0.0,0.003389830508474576,0.19540229885057472,2.0,1
4311,36.0,New,Books,Debit Card,9636.87,26.34,567,0.6304347826086957,0.08112874779541446,1.2613636363636365,0.043478260869565216,0
4312,62.0,Premium,Books,Cash,23146.82,38.21,429,0.45714285714285713,0.08158508158508158,0.23318385650224216,0.05714285714285714,0
4313,62.0,New,Electronics,Credit Card,22845.44,6.68,655,0.6153846153846154,0.01984732824427481,1.935897435897436,0.46153846153846156,0
4314,39.0,Inactive,Clothing,Cash,38923.44,32.11,195,0.0,0.005128205128205128,0.6016949152542372,18.0,0
4315,43.0,New,Groceries,Credit Card,29241.23,36.27,446,1.0,0.03811659192825112,1.411764705882353,0.7647058823529411,0
4316,32.0,Inactive,Electronics,Net Banking,8487.57,24.37,183,0.13333333333333333,0.2459016393442623,0.5602240896358543,0.37777777777777777,0
4317,41.0,Regular,Sports,Credit Card,9677.46,34.42,439,0.2894736842105263,0.08656036446469248,0.23357664233576642,0.02631578947368421,0
4318,43.0,Premium,Groceries,Net Banking,32757.35,12.22,856,1.0,0.004672897196261682,0.11875,3.75,0
4319,18.0,New,Groceries,Net Banking,30093.47,0.72,175,0.8,0.11428571428571428,1.2926829268292683,0.4,0
4320,18.0,Premium,Clothing,Cash,4859.77,24.04,528,0.8421052631578947,0.07196969696969698,1.1538461538461537,0.42105263157894735,0
4321,46.0,Inactive,Sports,Credit Card,16782.3,31.71,1653,1.0,0.02117362371445856,1.6869565217391305,0.02857142857142857,0
4322,29.0,Inactive,Furniture,Upi,14057.8,28.61,1238,0.42857142857142855,0.005654281098546042,1.1875,1.4285714285714286,0
4323,51.0,Regular,Books,Cash,2615.51,8.37,205,0.08333333333333333,0.05853658536585366,0.8506493506493507,1.0833333333333333,0
4324,39.0,Inactive,Books,Net Banking,37746.13,11.56,90,0.62,0.5555555555555556,6.592592592592593,0.24,0
4325,22.0,Regular,Groceries,Debit Card,2351.65,4.23,633,0.0,0.05055292259083728,0.055401662049861494,0.125,0
4326,46.0,Premium,Electronics,Net Banking,10476.53,20.99,705,0.5277777777777778,0.05106382978723404,0.9657534246575342,0.3888888888888889,0
4327,43.0,Regular,Books,Debit Card,27454.65,100.0,1674,0.5172413793103449,0.017323775388291517,0.8256880733944955,0.06896551724137931,0
4328,69.0,New,Groceries,Upi,1754.03,20.8,1341,0.7777777777777778,0.020134228187919462,1.6185567010309279,0.7407407407407407,0
4329,22.0,New,Furniture,Credit Card,43060.71,2.46,1459,0.4864864864864865,0.025359835503769704,1.0702702702702702,0.40540540540540543,0
4330,44.0,New,Clothing,Net Banking,11355.56,44.39,1548,0.35714285714285715,0.027131782945736434,0.875,0.16666666666666666,0
4331,41.0,Premium,Books,Net Banking,13981.76,11.07,771,0.9393939393939394,0.042801556420233464,0.46963562753036436,0.45454545454545453,0
4332,54.0,Inactive,Clothing,Debit Card,25502.52,20.7,930,1.0,0.023655913978494623,0.6363636363636364,0.7272727272727273,0
4333,36.0,New,Furniture,Debit Card,9910.4,30.97,576,0.18181818181818182,0.019097222222222224,0.05154639175257732,0.8181818181818182,1
4334,38.0,Premium,Groceries,Cash,25078.33,3.11,711,0.2,0.035161744022503515,1.9838709677419355,0.64,0
4335,68.0,New,Furniture,Upi,45700.36,37.95,456,1.0,0.010964912280701754,30.0,2.8,0
4336,66.0,Inactive,Clothing,Debit Card,11528.28,39.61,214,1.0,0.004672897196261682,4.875,6.0,0
4337,58.0,New,Furniture,Credit Card,46921.82,25.63,1103,0.19444444444444445,0.032638259292837715,0.42487046632124353,0.2777777777777778,0
4338,44.0,Inactive,Books,Cash,23394.64,49.03,1649,0.34210526315789475,0.02304426925409339,0.7322834645669292,0.42105263157894735,0
4339,31.0,Regular,Electronics,Credit Card,15547.53,8.32,765,0.45,0.05228758169934641,0.3884297520661157,0.45,0
4340,20.0,New,Groceries,Cash,18539.84,15.97,334,0.20689655172413793,0.08682634730538923,0.864516129032258,0.41379310344827586,0
4341,53.0,Premium,Sports,Upi,25022.79,37.41,674,0.06976744186046512,0.06379821958456973,44.0,0.27906976744186046,0
4342,48.0,New,Sports,Credit Card,38274.2,41.91,1625,0.6097560975609756,0.02523076923076923,0.23333333333333334,0.43902439024390244,0
4343,19.0,New,Books,Credit Card,20697.0,48.69,932,0.375,0.008583690987124463,0.05202312138728324,1.25,1
4344,42.0,Premium,Books,Cash,8643.93,14.59,217,0.6444444444444445,0.2073732718894009,0.5052083333333334,0.4222222222222222,0
4345,50.0,Regular,Clothing,Net Banking,38077.79,44.8,710,0.6666666666666666,0.02112676056338028,0.7989949748743719,0.9333333333333333,0
4346,68.0,Regular,Groceries,Debit Card,19533.02,9.53,512,0.5,0.00390625,1.1505376344086022,0.0,0
4347,51.0,Premium,Books,Credit Card,15859.63,35.22,1149,0.5853658536585366,0.03568320278503046,0.6771300448430493,0.2926829268292683,0
4348,63.0,New,Groceries,Credit Card,16351.0,27.8,425,0.8163265306122449,0.11529411764705882,0.1891891891891892,0.1836734693877551,0
4349,44.0,Regular,Furniture,Debit Card,13375.0,5.26,1804,0.9655172413793104,0.01607538802660754,0.155,0.6206896551724138,0
4350,46.0,Premium,Electronics,Debit Card,37249.52,30.37,471,0.42857142857142855,0.08917197452229299,12.833333333333334,0.47619047619047616,0
4351,22.0,Premium,Books,Cash,14096.56,42.49,1251,0.6923076923076923,0.010391686650679457,0.5120481927710844,1.0769230769230769,0
4352,19.0,New,Electronics,Credit Card,20353.23,39.08,811,0.3181818181818182,0.027127003699136867,0.4370629370629371,0.18181818181818182,0
4353,59.0,New,Groceries,Cash,43244.16,48.76,788,0.6896551724137931,0.03680203045685279,0.788546255506608,0.06896551724137931,0
4354,24.0,Regular,Electronics,Cash,20247.31,22.77,1374,0.6875,0.011644832605531296,0.6410256410256411,1.1875,0
4355,62.0,Premium,Sports,Cash,13929.83,30.07,893,0.1111111111111111,0.010078387458006719,0.22764227642276422,1.5555555555555556,1
4356,48.0,Regular,Books,Upi,29339.74,5.91,570,0.3103448275862069,0.05087719298245614,0.11764705882352941,0.6551724137931034,0
4357,60.0,Premium,Furniture,Credit Card,31416.69,34.39,802,0.717391304347826,0.057356608478802994,0.3464052287581699,0.3695652173913043,0
4358,55.0,New,Furniture,Net Banking,47820.06,11.78,1096,0.4444444444444444,0.016423357664233577,0.5025125628140703,0.8333333333333334,1
4359,45.0,Inactive,Furniture,Cash,30324.92,0.41,191,0.2692307692307692,0.13612565445026178,1.8333333333333333,0.5,0
4360,37.0,New,Sports,Cash,16515.83,1.91,606,0.0625,0.026402640264026403,0.23125,1.1875,1
4361,68.0,Regular,Groceries,Upi,9719.75,2.66,1517,0.4444444444444444,0.011865524060646011,1.3098591549295775,0.5,0
4362,27.0,New,Groceries,Net Banking,3515.16,16.7,597,0.8,0.008375209380234505,0.7076271186440678,1.0,0
4363,21.0,Regular,Electronics,Net Banking,12661.56,6.2,1148,0.375,0.03484320557491289,0.7538461538461538,0.0,0
4364,28.0,Premium,Clothing,Credit Card,20988.3,47.48,1176,1.0,0.017857142857142856,0.5673076923076923,0.14285714285714285,0
4365,59.0,New,Groceries,Debit Card,23223.02,44.53,1209,0.1935483870967742,0.02564102564102564,0.3817427385892116,0.0,0
4366,59.0,Inactive,Sports,Debit Card,49263.85,19.68,1613,0.9166666666666666,0.007439553626782393,0.6767241379310345,1.25,0
4367,61.0,Regular,Electronics,Upi,49129.97,38.89,862,0.22448979591836735,0.0568445475638051,3.8,0.24489795918367346,0
4368,64.0,New,Groceries,Debit Card,20485.84,11.62,1650,0.6,0.0030303030303030303,1.6896551724137931,3.4,0
4369,52.0,Regular,Electronics,Upi,7549.47,39.97,650,0.6153846153846154,0.02,1.164179104477612,1.4615384615384615,0
4370,19.0,New,Groceries,Upi,40553.44,13.84,490,1.0,0.04897959183673469,0.464,0.0,0
4371,43.0,Regular,Books,Credit Card,40947.73,48.29,253,0.1875,0.06324110671936758,0.26126126126126126,0.5625,1
4372,59.0,New,Electronics,Cash,45300.19,32.61,541,1.0,0.0073937153419593345,4.5,1.25,0
4373,34.0,Premium,Furniture,Debit Card,45897.59,39.49,1788,1.0,0.0005592841163310962,0.1390728476821192,0.0,1
4374,42.0,Premium,Clothing,Credit Card,18067.3,26.23,193,0.04878048780487805,0.21243523316062177,0.34069400630914826,0.4634146341463415,0
4375,56.0,Regular,Clothing,Upi,39388.9,15.81,1335,0.0,0.0044943820224719105,0.025974025974025976,1.3333333333333333,0
4376,47.0,New,Sports,Cash,34911.95,7.27,1690,0.1111111111111111,0.010650887573964497,0.6129032258064516,0.7222222222222222,0
4377,29.0,New,Books,Upi,47765.04,28.53,922,0.0,0.028199566160520606,0.6078431372549019,0.2692307692307692,0
4378,57.0,Premium,Electronics,Credit Card,27794.84,12.82,878,0.5,0.00683371298405467,0.696969696969697,2.0,0
4379,44.0,Inactive,Books,Debit Card,38680.83,2.65,189,0.0,0.24338624338624337,0.3427230046948357,0.043478260869565216,0
4380,52.0,Premium,Sports,Upi,46924.44,49.56,784,0.9523809523809523,0.05357142857142857,1.3650793650793651,0.11904761904761904,0
4381,70.0,Regular,Clothing,Credit Card,49958.62,18.47,1705,0.0975609756097561,0.02404692082111437,0.3924731182795699,0.3170731707317073,0
4382,60.0,Regular,Books,Debit Card,27311.33,36.87,649,0.0,0.040061633281972264,0.5545023696682464,0.19230769230769232,0
4383,61.0,Premium,Books,Credit Card,47200.62,37.68,644,0.9743589743589743,0.06055900621118013,0.14195583596214512,0.41025641025641024,0
4384,61.0,Regular,Clothing,Upi,43886.11,32.03,286,1.0,0.07692307692307693,0.946236559139785,0.9090909090909091,0
4385,52.0,Inactive,Electronics,Upi,34831.41,25.56,1764,0.90625,0.018140589569160998,1.015625,0.28125,0
4386,22.0,Regular,Books,Upi,23428.33,13.66,1461,0.0,0.002053388090349076,2.8043478260869565,3.3333333333333335,0
4387,52.0,Inactive,Clothing,Upi,38031.5,33.58,189,0.75,0.021164021164021163,1.2160493827160495,2.0,0
4388,26.0,New,Furniture,Upi,33262.68,32.23,1609,1.0,0.001243008079552517,0.44642857142857145,9.5,0
4389,55.0,Regular,Sports,Net Banking,8198.95,11.92,588,0.3448275862068966,0.04931972789115646,60.0,0.10344827586206896,0
4390,42.0,Regular,Books,Debit Card,39237.31,13.57,1407,0.5128205128205128,0.02771855010660981,2.1363636363636362,0.0,0
4391,19.0,Inactive,Electronics,Net Banking,45595.22,37.71,1177,0.06,0.04248088360237893,2.642857142857143,0.22,0
4392,49.0,Premium,Books,Cash,34384.75,29.09,458,0.9090909090909091,0.048034934497816595,3.1,0.36363636363636365,0
4393,29.0,New,Electronics,Upi,44733.52,34.07,1707,1.0,0.0011716461628588166,0.260989010989011,5.5,1
4394,27.0,Regular,Furniture,Cash,18887.64,39.83,527,0.4375,0.06072106261859583,0.6167400881057269,0.21875,0
4395,56.0,Regular,Clothing,Upi,1959.48,34.1,1590,0.8,0.0031446540880503146,3.3902439024390243,3.2,0
4396,46.0,New,Furniture,Net Banking,39368.01,26.47,398,0.4166666666666667,0.03015075376884422,21.75,1.5,0
4397,64.0,Regular,Furniture,Upi,26162.4,0.61,1696,0.5862068965517241,0.017099056603773585,3.891891891891892,0.6551724137931034,0
4398,41.0,Inactive,Furniture,Debit Card,20508.51,39.67,729,0.7368421052631579,0.02606310013717421,0.5295774647887324,0.0,0
4399,44.0,Inactive,Groceries,Credit Card,37448.63,32.02,1124,0.6363636363636364,0.03914590747330961,27.0,0.11363636363636363,0
4400,69.0,New,Groceries,Credit Card,22873.94,16.41,1024,0.23529411764705882,0.033203125,0.4781144781144781,0.029411764705882353,0
4401,39.0,Premium,Clothing,Cash,39760.91,29.27,72,0.23076923076923078,0.3611111111111111,4.76,0.34615384615384615,0
4402,58.0,Regular,Furniture,Debit Card,24260.52,24.75,1318,0.23529411764705882,0.012898330804248861,0.1365079365079365,0.058823529411764705,1
4403,68.0,Regular,Electronics,Cash,24144.42,31.77,1308,0.7727272727272727,0.03363914373088685,0.4217687074829932,0.045454545454545456,0
4404,65.0,Premium,Electronics,Cash,3367.26,9.79,1359,0.75,0.008830022075055188,0.6176470588235294,0.4166666666666667,0
4405,22.0,Inactive,Books,Upi,13007.4,6.27,1386,0.6097560975609756,0.02958152958152958,0.0990990990990991,0.4878048780487805,0
4406,44.0,New,Electronics,Upi,24691.34,28.66,780,0.5,0.002564102564102564,0.2640449438202247,7.0,0
4407,26.0,New,Clothing,Credit Card,47708.12,45.05,1538,0.0,0.004551365409622887,0.030303030303030304,2.857142857142857,0
4408,42.0,Inactive,Books,Net Banking,11449.72,4.53,634,0.08823529411764706,0.05362776025236593,1.7804878048780488,0.029411764705882353,0
4409,22.0,New,Sports,Credit Card,13755.71,47.47,1169,0.4,0.03849443969204448,0.34397163120567376,0.0,0
4410,60.0,Premium,Groceries,Net Banking,7444.6,6.54,266,0.53125,0.12030075187969924,0.6363636363636364,0.25,0
4411,20.0,Premium,Books,Net Banking,3534.69,22.71,1118,0.5384615384615384,0.023255813953488372,0.18484848484848485,0.5769230769230769,0
4412,57.0,Premium,Clothing,Net Banking,27397.51,1.97,1383,0.0,0.005784526391901663,0.17796610169491525,2.375,1
4413,34.0,Inactive,Books,Upi,36139.71,36.32,1601,0.08571428571428572,0.021861336664584636,0.0744047619047619,0.4,0
4414,43.0,New,Sports,Net Banking,21713.81,16.55,1243,0.5227272727272727,0.035398230088495575,0.29411764705882354,0.3181818181818182,0
4415,19.0,Regular,Groceries,Cash,23327.82,36.41,200,0.7560975609756098,0.205,0.4646153846153846,0.1951219512195122,0
4416,19.0,Inactive,Sports,Upi,29406.79,31.29,674,0.85,0.05934718100890208,0.5483870967741935,0.225,0
4417,28.0,Premium,Furniture,Debit Card,14806.12,41.97,1283,0.0,0.000779423226812159,0.68,6.0,0
4418,70.0,Premium,Electronics,Upi,42508.57,0.11,566,0.36666666666666664,0.053003533568904596,1.2784810126582278,0.4666666666666667,0
4419,46.0,Regular,Books,Debit Card,38903.02,21.71,1113,0.5869565217391305,0.04132973944294699,1.2281879194630871,0.043478260869565216,0
4420,26.0,Premium,Electronics,Upi,42761.79,7.05,1068,0.3870967741935484,0.02902621722846442,0.16,0.03225806451612903,0
4421,28.0,New,Books,Credit Card,49101.39,47.83,1633,0.6666666666666666,0.007348438456827924,0.18233618233618235,0.0,1
4422,65.0,New,Books,Credit Card,49457.48,0.65,370,0.12195121951219512,0.11081081081081082,0.3728813559322034,0.3170731707317073,0
4423,67.0,New,Electronics,Net Banking,15575.13,43.99,289,0.7,0.06920415224913495,3.2903225806451615,0.5,0
4424,23.0,Premium,Groceries,Cash,35267.21,25.83,1816,0.14285714285714285,0.003854625550660793,145.0,2.2857142857142856,0
4425,47.0,New,Clothing,Net Banking,6870.42,16.69,264,0.8333333333333334,0.09090909090909091,0.5767441860465117,0.25,0
4426,22.0,New,Books,Upi,46831.75,26.71,1541,1.0,0.0006489292667099286,0.6148148148148148,13.0,0
4427,37.0,Regular,Groceries,Debit Card,17820.93,30.34,1332,0.625,0.012012012012012012,0.6875,1.0625,0
4428,47.0,Premium,Groceries,Cash,16216.67,22.21,1452,0.75,0.008264462809917356,0.7076923076923077,1.5,0
4429,49.0,Regular,Sports,Cash,19009.39,19.4,1362,0.2702702702702703,0.027165932452276064,0.045454545454545456,0.1891891891891892,0
4430,33.0,Premium,Electronics,Cash,33979.49,0.85,930,0.058823529411764705,0.01827956989247312,0.28888888888888886,1.1764705882352942,1
4431,68.0,Regular,Sports,Debit Card,5331.0,30.5,318,0.94,0.15723270440251572,0.958974358974359,0.4,0
4432,32.0,Inactive,Clothing,Upi,45588.89,7.55,1337,0.15625,0.02393418100224383,0.3564356435643564,0.0625,0
4433,59.0,Inactive,Sports,Upi,42995.17,11.51,287,0.12195121951219512,0.14285714285714285,0.7683397683397684,0.21951219512195122,0
4434,66.0,Inactive,Books,Upi,22003.23,27.38,844,1.0,0.002369668246445498,0.08812260536398467,5.0,1
4435,21.0,Premium,Furniture,Debit Card,3370.26,47.08,591,0.45714285714285713,0.05922165820642978,0.40853658536585363,0.17142857142857143,0
4436,70.0,Regular,Groceries,Cash,16425.71,26.37,1318,0.875,0.012139605462822459,0.37746478873239436,0.9375,0
4437,66.0,Regular,Groceries,Upi,15092.27,35.06,325,0.7,0.03076923076923077,3.693877551020408,1.3,0
4438,24.0,New,Sports,Cash,12449.95,30.86,1341,0.21052631578947367,0.014168530947054437,0.8707482993197279,0.47368421052631576,0
4439,30.0,New,Furniture,Cash,36603.71,26.12,1767,0.3125,0.009054895302773062,11.923076923076923,1.25,0
4440,39.0,New,Sports,Net Banking,28227.46,29.46,1647,0.36363636363636365,0.006678809957498482,0.2807017543859649,1.0,1
4441,27.0,Premium,Groceries,Credit Card,45336.06,11.16,1402,0.1935483870967742,0.02211126961483595,0.90625,0.5161290322580645,0
4442,67.0,New,Groceries,Debit Card,11535.58,0.35,565,0.8846153846153846,0.04601769911504425,2.962962962962963,0.5384615384615384,0
4443,47.0,Regular,Sports,Upi,42564.15,6.45,1591,0.6666666666666666,0.00754242614707731,0.7621359223300971,1.0,0
4444,25.0,Inactive,Electronics,Cash,24094.88,3.61,324,1.0,0.015432098765432098,1.1851851851851851,2.2,0
4445,58.0,Regular,Groceries,Upi,32298.65,1.46,1679,0.0,0.01012507444907683,0.2616822429906542,0.0,1
4446,46.0,Inactive,Groceries,Net Banking,26564.02,2.18,1090,0.7391304347826086,0.04220183486238532,0.5070422535211268,0.1956521739130435,0
4447,37.0,Regular,Furniture,Debit Card,12861.4,8.94,432,0.7906976744186046,0.09953703703703703,0.05357142857142857,0.3488372093023256,0
4448,40.0,New,Electronics,Net Banking,45906.84,39.07,1129,0.43902439024390244,0.03631532329495128,0.7045454545454546,0.0975609756097561,0
4449,25.0,Premium,Sports,Upi,44057.92,40.35,667,0.46153846153846156,0.019490254872563718,0.1761006289308176,1.1538461538461537,0
4450,44.0,Regular,Electronics,Debit Card,32414.12,28.94,1409,0.14285714285714285,0.0049680624556423,0.16071428571428573,2.857142857142857,0
4451,67.0,Regular,Furniture,Cash,33192.58,44.34,511,0.7619047619047619,0.0821917808219178,0.13622291021671826,0.42857142857142855,0
4452,69.0,New,Clothing,Net Banking,28222.64,44.76,1002,0.21052631578947367,0.018962075848303395,34.6,0.15789473684210525,0
4453,22.0,New,Groceries,Cash,5702.96,16.08,39,0.26666666666666666,1.1538461538461537,0.3885542168674699,0.2222222222222222,0
4454,55.0,Inactive,Groceries,Cash,13934.85,28.5,423,0.0,0.04491725768321513,0.03076923076923077,0.8421052631578947,0
4455,19.0,Inactive,Sports,Cash,8745.43,31.76,1594,0.8181818181818182,0.006900878293601004,0.32367149758454106,0.2727272727272727,1
4456,42.0,New,Sports,Upi,2130.36,34.73,289,0.42105263157894735,0.0657439446366782,0.9444444444444444,0.6842105263157895,0
4457,70.0,Inactive,Groceries,Upi,22906.94,6.47,685,0.9722222222222222,0.052554744525547446,5.5,0.19444444444444445,0
4458,44.0,New,Electronics,Credit Card,27943.97,18.25,1461,0.0,0.0006844626967830253,0.025089605734767026,3.0,1
4459,33.0,Premium,Groceries,Credit Card,23075.2,7.69,1639,0.7692307692307693,0.007931665649786455,0.6617647058823529,1.1538461538461537,0
4460,64.0,Premium,Books,Credit Card,999.01,3.53,370,0.6923076923076923,0.03513513513513514,0.06115107913669065,1.0,1
4461,31.0,New,Groceries,Cash,19883.59,5.64,1179,0.09523809523809523,0.035623409669211195,0.13043478260869565,0.2619047619047619,0
4462,21.0,Premium,Books,Cash,34108.76,6.34,661,0.88,0.07564296520423601,2.3043478260869565,0.1,0
4463,70.0,Inactive,Furniture,Upi,11224.67,26.9,440,0.18518518518518517,0.06136363636363636,0.6475409836065574,0.6666666666666666,0
4464,53.0,Inactive,Books,Credit Card,24622.72,32.75,1278,0.14285714285714285,0.027386541471048513,0.2626582278481013,0.3142857142857143,0
4465,27.0,Regular,Groceries,Debit Card,42534.44,25.21,567,0.8333333333333334,0.042328042328042326,0.16666666666666666,0.6666666666666666,1
4466,43.0,Inactive,Furniture,Upi,5323.59,21.73,1166,0.5641025641025641,0.03344768439108062,0.45294117647058824,0.0,0
4467,49.0,Regular,Electronics,Cash,31994.14,29.35,1582,0.8444444444444444,0.028445006321112517,1.5555555555555556,0.4,0
4468,21.0,Premium,Groceries,Net Banking,28531.94,31.36,1250,0.16666666666666666,0.024,2.0617283950617282,0.03333333333333333,0
4469,67.0,Inactive,Sports,Net Banking,34641.3,13.74,1291,0.0851063829787234,0.03640588690937258,1.0296296296296297,0.0425531914893617,0
4470,25.0,Inactive,Electronics,Cash,14338.35,39.16,557,0.5151515151515151,0.059245960502693,0.8903225806451613,0.45454545454545453,0
4471,20.0,Inactive,Books,Net Banking,21333.97,27.63,1750,0.9166666666666666,0.006857142857142857,0.3849056603773585,0.9166666666666666,0
4472,44.0,Inactive,Electronics,Credit Card,41497.54,27.87,194,0.5,0.010309278350515464,0.017699115044247787,5.5,1
4473,54.0,Regular,Books,Credit Card,48238.89,32.88,1376,0.7142857142857143,0.010174418604651164,0.696969696969697,0.7142857142857143,0
4474,57.0,Regular,Groceries,Net Banking,38089.58,43.66,579,0.9777777777777777,0.07772020725388601,0.5972222222222222,0.0,0
4475,45.0,Premium,Electronics,Credit Card,34880.81,28.11,589,0.5454545454545454,0.03735144312393888,3.0303030303030303,0.2727272727272727,0
4476,63.0,Regular,Furniture,Credit Card,49070.63,14.27,736,0.0,0.057065217391304345,0.7016129032258065,0.023809523809523808,0
4477,25.0,Premium,Groceries,Cash,22699.39,6.95,766,0.07142857142857142,0.05483028720626632,0.19382022471910113,0.30952380952380953,0
4478,69.0,New,Electronics,Cash,26866.58,24.22,1118,0.05263157894736842,0.01699463327370304,0.42127659574468085,0.3684210526315789,1
4479,31.0,New,Electronics,Upi,27061.57,1.48,541,0.046511627906976744,0.07948243992606285,0.07886435331230283,0.023255813953488372,0
4480,35.0,Regular,Sports,Cash,33904.85,25.24,345,0.04,0.14492753623188406,1.463235294117647,0.08,0
4481,28.0,Premium,Groceries,Upi,43463.23,23.84,1167,0.26,0.04284490145672665,0.6610169491525424,0.14,0
4482,67.0,New,Books,Credit Card,19218.24,47.88,709,0.7096774193548387,0.04372355430183357,1.0108108108108107,0.3548387096774194,0
4483,50.0,New,Groceries,Net Banking,25545.48,18.0,1006,0.32,0.02485089463220676,0.8949771689497716,0.48,0
4484,51.0,Inactive,Groceries,Credit Card,43802.22,25.51,389,0.05,0.05141388174807198,1.0,0.05,0
4485,39.0,Regular,Groceries,Net Banking,13618.45,42.43,745,0.9285714285714286,0.056375838926174496,0.6016260162601627,0.3333333333333333,0
4486,26.0,Regular,Sports,Debit Card,48800.94,14.31,791,0.17073170731707318,0.051833122629582805,0.008547008547008548,0.21951219512195122,0
4487,20.0,Inactive,Sports,Cash,10994.41,9.79,246,0.4,0.1016260162601626,5.238095238095238,0.76,0
4488,22.0,Premium,Furniture,Cash,32592.45,9.89,743,0.7692307692307693,0.034993270524899055,0.3413897280966767,0.4230769230769231,0
4489,38.0,Regular,Electronics,Credit Card,28955.89,46.96,621,0.8333333333333334,0.01932367149758454,0.1436950146627566,0.5833333333333334,1
4490,22.0,New,Sports,Net Banking,4508.54,0.29,633,0.5,0.009478672985781991,3.267857142857143,2.0,0
4491,70.0,New,Electronics,Net Banking,27502.44,48.6,233,0.23529411764705882,0.07296137339055794,0.4407894736842105,0.5882352941176471,0
4492,34.0,Inactive,Groceries,Net Banking,38597.9,100.0,829,0.5135135135135135,0.04463208685162847,0.17096774193548386,0.5405405405405406,0
4493,62.0,New,Furniture,Net Banking,35908.8,20.9,1392,0.7857142857142857,0.010057471264367816,0.8059701492537313,0.14285714285714285,0
4494,48.0,New,Clothing,Cash,16161.31,33.69,878,0.10638297872340426,0.05353075170842825,0.27075812274368233,0.1276595744680851,0
4495,58.0,Premium,Sports,Credit Card,45306.8,22.35,1790,1.0,0.002793296089385475,0.6539792387543253,0.2,0
4496,38.0,Inactive,Electronics,Credit Card,49645.0,0.99,316,0.4444444444444444,0.028481012658227847,1.0914634146341464,1.6666666666666667,0
4497,58.0,Regular,Groceries,Upi,18683.94,38.13,1187,0.5,0.03369839932603201,0.4801762114537445,0.45,0
4498,24.0,New,Furniture,Net Banking,11743.86,24.8,1453,0.0,0.0041293874741913286,0.9354838709677419,1.0,0
4499,62.0,Regular,Furniture,Debit Card,5901.1,36.83,391,0.25,0.05115089514066496,0.6268656716417911,0.9,0
4500,69.0,New,Electronics,Credit Card,9465.67,17.38,1690,0.5,0.028402366863905324,0.078125,0.0625,0
4501,62.0,Regular,Books,Upi,16980.66,45.52,441,0.5714285714285714,0.031746031746031744,1.0551724137931036,0.2857142857142857,0
4502,26.0,Premium,Electronics,Credit Card,5431.89,12.82,121,0.7857142857142857,0.11570247933884298,1.8888888888888888,1.1428571428571428,0
4503,42.0,Inactive,Books,Cash,19699.57,41.52,880,0.53125,0.03636363636363636,0.3829787234042553,0.1875,0
4504,18.0,Inactive,Sports,Upi,48539.6,10.4,1337,0.08,0.018698578908002993,0.5425531914893617,0.32,0
4505,29.0,New,Sports,Debit Card,2367.61,8.55,1418,0.15625,0.022566995768688293,0.32051282051282054,0.34375,0
4506,58.0,Regular,Books,Credit Card,24004.96,32.48,569,0.7142857142857143,0.012302284710017574,0.2857142857142857,2.2857142857142856,1
4507,64.0,New,Groceries,Debit Card,19728.77,31.68,1371,0.45454545454545453,0.008023340627279359,2.5342465753424657,0.6363636363636364,0
4508,48.0,Premium,Clothing,Credit Card,25545.48,46.38,267,1.0,0.011235955056179775,0.32972972972972975,0.3333333333333333,1
4509,32.0,Premium,Clothing,Credit Card,32973.15,45.64,432,0.8333333333333334,0.05555555555555555,1.7428571428571429,0.4583333333333333,0
4510,35.0,New,Groceries,Upi,37724.47,20.94,762,0.6666666666666666,0.003937007874015748,0.17008797653958943,2.3333333333333335,1
4511,43.0,New,Groceries,Cash,27963.33,26.29,1184,0.34210526315789475,0.03209459459459459,1.8101265822784811,0.21052631578947367,0
4512,67.0,Regular,Furniture,Debit Card,29202.51,2.12,1720,0.6,0.014534883720930232,1.03954802259887,0.44,0
4513,30.0,Premium,Groceries,Cash,48692.86,48.47,1409,0.0,0.028388928317955996,0.7788461538461539,0.3,0
4514,36.0,Regular,Clothing,Upi,44281.72,18.51,874,0.0,0.034324942791762014,2.207547169811321,0.3333333333333333,0
4515,61.0,Regular,Books,Upi,26033.26,38.27,691,0.9523809523809523,0.030390738060781478,0.5907692307692308,0.047619047619047616,0
4516,52.0,Inactive,Groceries,Credit Card,35731.7,6.65,546,0.22916666666666666,0.08791208791208792,0.4230769230769231,0.1875,0
4517,33.0,Premium,Groceries,Credit Card,34664.93,28.71,1543,0.9375,0.010369410239792612,5.5,1.125,0
4518,33.0,Regular,Groceries,Credit Card,4387.43,33.58,1151,0.07894736842105263,0.03301476976542137,1.6595744680851063,0.10526315789473684,0
4519,43.0,Premium,Books,Credit Card,11206.75,27.69,1495,0.4,0.006688963210702341,0.5603448275862069,0.3,0
4520,67.0,Inactive,Clothing,Debit Card,15248.35,7.28,75,0.4090909090909091,0.29333333333333333,0.13114754098360656,0.22727272727272727,1
4521,27.0,Premium,Books,Cash,3258.42,1.36,380,0.7333333333333333,0.11842105263157894,0.3469387755102041,0.3111111111111111,0
4522,52.0,Regular,Sports,Upi,16979.08,32.03,501,0.4375,0.031936127744510975,0.5816733067729084,0.1875,0
4523,66.0,Inactive,Groceries,Net Banking,6270.42,47.05,592,0.32,0.04222972972972973,0.22748815165876776,0.72,1
4524,44.0,New,Clothing,Upi,45030.81,26.87,471,1.0,0.008492569002123142,0.38235294117647056,3.5,0
4525,44.0,Regular,Electronics,Debit Card,9866.35,32.1,516,0.6944444444444444,0.06976744186046512,7.285714285714286,0.027777777777777776,0
4526,42.0,Premium,Groceries,Credit Card,45539.91,36.07,893,1.0,0.014557670772676373,0.6337209302325582,1.1538461538461537,0
4527,22.0,Regular,Groceries,Net Banking,29591.15,14.57,1479,0.75,0.008113590263691683,0.5602605863192183,1.4166666666666667,0
4528,46.0,Regular,Furniture,Debit Card,37191.61,34.56,915,0.0851063829787234,0.05136612021857923,1.29,0.0851063829787234,0
4529,28.0,Premium,Electronics,Net Banking,47334.09,42.71,696,0.2727272727272727,0.015804597701149427,1.3267326732673268,0.18181818181818182,0
4530,29.0,Regular,Groceries,Debit Card,49722.37,19.24,1705,0.9487179487179487,0.02287390029325513,0.7028112449799196,0.0,0
4531,20.0,Regular,Clothing,Debit Card,9002.62,16.92,1690,0.2,0.0029585798816568047,0.5783132530120482,3.6,0
4532,41.0,New,Sports,Debit Card,26358.9,41.21,1820,1.0,0.001098901098901099,0.1958762886597938,9.0,1
4533,62.0,Premium,Clothing,Cash,45489.44,34.71,970,0.2222222222222222,0.027835051546391754,0.5650793650793651,0.2222222222222222,0
4534,35.0,Regular,Clothing,Net Banking,27864.43,40.62,1348,0.6363636363636364,0.016320474777448073,0.45,0.7272727272727273,0
4535,55.0,Inactive,Electronics,Cash,45329.48,46.31,1338,0.0425531914893617,0.035127055306427506,7.333333333333333,0.14893617021276595,0
4536,65.0,Regular,Furniture,Net Banking,18389.72,17.28,294,0.7096774193548387,0.1054421768707483,0.6896551724137931,0.16129032258064516,0
4537,32.0,Inactive,Clothing,Cash,781.03,0.22,1695,1.0,0.0005899705014749262,0.08333333333333333,17.0,1
4538,37.0,Regular,Groceries,Cash,23090.85,23.32,230,0.22727272727272727,0.19130434782608696,0.5975232198142415,0.25,0
4539,35.0,Regular,Sports,Upi,47729.91,19.04,1200,0.8333333333333334,0.02,0.05913978494623656,0.7083333333333334,1
4540,26.0,New,Books,Cash,533.45,8.64,1477,0.9302325581395349,0.02911306702775897,2.5970149253731343,0.2558139534883721,0
4541,34.0,Premium,Sports,Cash,25545.48,37.52,651,0.2558139534883721,0.06605222734254992,0.48148148148148145,0.3023255813953488,0
4542,22.0,New,Sports,Debit Card,22562.03,44.82,131,0.6666666666666666,0.20610687022900764,0.026923076923076925,0.7407407407407407,0
4543,65.0,Inactive,Groceries,Upi,24451.7,12.42,1585,0.45,0.012618296529968454,0.3165137614678899,0.25,1
4544,30.0,Premium,Groceries,Credit Card,13897.39,36.32,634,0.9523809523809523,0.033123028391167195,0.3103448275862069,0.6190476190476191,0
4545,32.0,Premium,Sports,Credit Card,45331.34,42.06,1754,0.5116279069767442,0.02451539338654504,1.1495327102803738,0.046511627906976744,0
4546,63.0,Regular,Books,Cash,2629.03,3.25,91,0.375,0.08791208791208792,0.30547550432276654,2.125,0
4547,57.0,Regular,Sports,Cash,37498.29,9.32,939,0.4,0.005324813631522897,0.22459893048128343,2.4,1
4548,44.0,New,Groceries,Credit Card,22025.86,32.53,1066,0.5,0.00375234521575985,0.2857142857142857,2.25,1
4549,44.0,Premium,Groceries,Credit Card,36984.07,23.01,253,0.09302325581395349,0.16996047430830039,4.609756097560975,0.023255813953488372,0
4550,26.0,Regular,Furniture,Credit Card,958.78,19.59,1543,0.12,0.03240440699935191,0.2347560975609756,0.08,0
4551,50.0,Regular,Sports,Cash,32819.13,1.28,1625,0.07894736842105263,0.023384615384615386,1.1363636363636365,0.05263157894736842,0
4552,64.0,New,Electronics,Debit Card,10020.95,3.57,1194,0.022222222222222223,0.03768844221105527,0.9668874172185431,0.1111111111111111,0
4553,56.0,Premium,Sports,Net Banking,14813.58,44.41,112,0.037037037037037035,0.24107142857142858,0.7727272727272727,0.07407407407407407,0
4554,60.0,Inactive,Clothing,Net Banking,1946.47,17.4,1081,0.4,0.004625346901017576,11.2,0.4,0
4555,47.0,Regular,Electronics,Debit Card,21055.18,38.54,267,0.12,0.09363295880149813,0.40350877192982454,0.8,1
4556,34.0,Regular,Groceries,Credit Card,16940.5,1.05,967,1.0,0.005170630816959669,0.17222222222222222,1.6,0
4557,48.0,Inactive,Electronics,Credit Card,25545.48,11.52,270,0.4,0.018518518518518517,0.1507537688442211,0.6,1
4558,23.0,Premium,Books,Debit Card,23808.69,4.81,569,0.8297872340425532,0.08260105448154657,1.8037383177570094,0.23404255319148937,0
4559,25.0,New,Electronics,Credit Card,42921.87,48.17,680,0.7380952380952381,0.061764705882352944,27.0,0.19047619047619047,0
4560,40.0,Premium,Books,Net Banking,2283.65,10.0,327,0.0,0.13761467889908258,1.2307692307692308,0.08888888888888889,0
4561,38.0,New,Sports,Net Banking,16383.6,36.23,924,0.85,0.021645021645021644,0.8461538461538461,0.0,0
4562,64.0,Inactive,Groceries,Credit Card,29852.56,15.88,1406,0.045454545454545456,0.031294452347083924,0.5169491525423728,0.29545454545454547,0
4563,18.0,Inactive,Furniture,Credit Card,12258.82,3.72,1691,0.08108108108108109,0.02188054405677114,0.0858085808580858,0.21621621621621623,0
4564,56.0,Premium,Electronics,Cash,43140.86,22.58,1465,0.1702127659574468,0.032081911262798635,0.07988980716253444,0.3829787234042553,0
4565,68.0,New,Furniture,Debit Card,42952.2,15.3,1305,0.9310344827586207,0.022222222222222223,2.15,0.6206896551724138,0
4566,27.0,Regular,Sports,Debit Card,15243.73,16.54,1350,0.46153846153846156,0.00962962962962963,1.6956521739130435,0.9230769230769231,0
4567,29.0,Regular,Furniture,Credit Card,21957.92,29.76,200,0.7608695652173914,0.23,0.5544554455445545,0.17391304347826086,0
4568,20.0,Premium,Books,Debit Card,28493.55,36.48,69,0.36363636363636365,0.15942028985507245,0.33519553072625696,0.36363636363636365,0
4569,65.0,New,Groceries,Credit Card,31067.76,11.68,53,1.0,0.6037735849056604,0.5909090909090909,0.4375,0
4570,49.0,New,Sports,Credit Card,12946.48,2.69,1496,0.5555555555555556,0.006016042780748663,0.1853035143769968,2.2222222222222223,1
4571,62.0,Regular,Sports,Credit Card,5305.83,17.77,1405,0.7142857142857143,0.034875444839857654,0.1554054054054054,0.02040816326530612,0
4572,33.0,New,Electronics,Upi,19675.07,8.2,1532,0.8043478260869565,0.030026109660574413,2.6744186046511627,0.08695652173913043,0
4573,25.0,New,Sports,Credit Card,3368.32,34.1,209,0.9230769230769231,0.12440191387559808,0.7023255813953488,0.5,0
4574,19.0,Regular,Electronics,Net Banking,12348.74,1.35,830,0.9545454545454546,0.05301204819277108,0.16151202749140894,0.45454545454545453,0
4575,48.0,New,Electronics,Cash,26667.28,11.43,739,0.76,0.06765899864682003,0.5283018867924528,0.36,0
4576,20.0,New,Sports,Credit Card,32317.0,24.66,1107,0.4230769230769231,0.023486901535682024,36.8,0.38461538461538464,0
4577,59.0,Inactive,Electronics,Credit Card,41658.18,2.43,882,0.2727272727272727,0.024943310657596373,0.04487179487179487,0.7727272727272727,1
4578,58.0,Regular,Electronics,Debit Card,35630.21,38.08,668,0.6,0.06736526946107785,4.7368421052631575,0.24444444444444444,0
4579,69.0,Inactive,Furniture,Credit Card,14752.16,3.38,833,0.5416666666666666,0.057623049219687875,1.0307692307692307,0.125,0
4580,21.0,Premium,Sports,Upi,30013.17,37.58,218,0.5833333333333334,0.05504587155963303,0.5233333333333333,0.08333333333333333,0
4581,55.0,Inactive,Furniture,Net Banking,37227.78,45.01,1098,0.75,0.007285974499089253,0.44089456869009586,0.75,0
4582,34.0,Regular,Electronics,Net Banking,22770.97,13.95,921,1.0,0.006514657980456026,0.06722689075630252,0.5,1
4583,46.0,Regular,Electronics,Cash,49842.95,39.51,1813,0.4666666666666667,0.024820739106453393,0.34265734265734266,0.3333333333333333,0
4584,30.0,Regular,Books,Credit Card,18043.58,46.98,1496,0.3448275862068966,0.019385026737967916,0.6764705882352942,0.6551724137931034,0
4585,52.0,New,Groceries,Debit Card,45406.03,47.34,1167,1.0,0.002570694087403599,1.7741935483870968,4.333333333333333,0
4586,45.0,Regular,Groceries,Debit Card,47600.06,42.67,1384,0.4838709677419355,0.022398843930635837,0.11976047904191617,0.3225806451612903,0
4587,62.0,Regular,Clothing,Net Banking,46737.12,24.82,1147,0.07692307692307693,0.03400174367916303,0.10150375939849623,0.1282051282051282,0
4588,20.0,Regular,Groceries,Credit Card,4905.38,0.11,1059,0.2571428571428571,0.033050047214353166,32.0,0.5714285714285714,0
4589,27.0,Regular,Electronics,Upi,20548.22,29.86,1031,0.58,0.04849660523763336,0.022222222222222223,0.36,0
4590,63.0,New,Books,Upi,6131.65,20.03,563,0.6521739130434783,0.04085257548845471,3.2954545454545454,0.0,0
4591,37.0,Inactive,Electronics,Upi,11557.56,29.5,1354,0.1111111111111111,0.013293943870014771,0.5261627906976745,0.6666666666666666,0
4592,27.0,Premium,Groceries,Debit Card,42083.19,22.2,1628,0.4666666666666667,0.02764127764127764,0.12217194570135746,0.0,0
4593,59.0,Premium,Sports,Upi,1456.71,42.47,758,1.0,0.032981530343007916,0.6231343283582089,0.36,0
4594,64.0,Inactive,Electronics,Upi,35510.89,29.39,542,1.0,0.01107011070110701,0.7055837563451777,2.6666666666666665,0
4595,57.0,Regular,Books,Credit Card,33599.43,22.49,1120,0.6923076923076923,0.011607142857142858,0.6453900709219859,0.46153846153846156,0
4596,20.0,Regular,Furniture,Debit Card,28044.68,20.53,1528,0.42105263157894735,0.012434554973821989,0.23780487804878048,0.47368421052631576,1
4597,63.0,Inactive,Sports,Credit Card,22337.78,11.59,1078,0.78,0.04638218923933209,0.503030303030303,0.02,0
4598,39.0,Regular,Clothing,Net Banking,37038.89,30.14,1494,0.12,0.03346720214190094,0.44493392070484583,0.12,0
4599,31.0,Premium,Sports,Net Banking,1293.86,7.92,1660,0.8378378378378378,0.022289156626506025,0.14144736842105263,0.5405405405405406,0
4600,39.0,Regular,Clothing,Upi,36360.04,32.92,1037,0.11538461538461539,0.02507232401157184,0.11042944785276074,0.19230769230769232,0
4601,43.0,New,Furniture,Net Banking,2689.12,0.99,1058,0.7037037037037037,0.02551984877126654,0.3744292237442922,0.5925925925925926,0
4602,61.0,Regular,Electronics,Net Banking,18791.22,21.08,1705,0.2708333333333333,0.0281524926686217,0.12014134275618374,0.375,0
4603,39.0,Inactive,Electronics,Cash,33121.97,36.09,1157,0.34146341463414637,0.03543647363872083,0.27102803738317754,0.0,0
4604,43.0,New,Clothing,Credit Card,13061.18,49.0,557,0.6875,0.08617594254937164,0.775,0.0,0
4605,36.0,New,Electronics,Debit Card,30448.53,20.22,1803,0.8888888888888888,0.004991680532445923,0.3411764705882353,0.5555555555555556,0
4606,22.0,Inactive,Clothing,Debit Card,24228.91,23.31,1474,0.0,0.0013568521031207597,0.08766233766233766,9.5,1
4607,51.0,New,Groceries,Debit Card,4247.29,3.11,597,0.0,0.0033500837520938024,0.5384615384615384,10.0,0
4608,69.0,Premium,Electronics,Debit Card,26626.77,30.14,1573,0.5641025641025641,0.024793388429752067,0.5770392749244713,0.20512820512820512,0
4609,44.0,Regular,Clothing,Debit Card,25060.6,26.04,326,0.96,0.15337423312883436,1.0705128205128205,0.3,0
4610,40.0,New,Books,Cash,11507.49,42.21,151,0.55,0.13245033112582782,2.1666666666666665,0.95,0
4611,59.0,New,Furniture,Upi,22638.27,43.36,419,0.8571428571428571,0.06682577565632458,0.005813953488372093,0.03571428571428571,0
4612,65.0,New,Books,Net Banking,31798.34,40.92,457,0.6097560975609756,0.08971553610503283,5.387096774193548,0.17073170731707318,0
4613,31.0,Premium,Clothing,Debit Card,48618.83,23.59,336,0.5,0.03571428571428571,2.090909090909091,0.16666666666666666,0
4614,57.0,New,Groceries,Debit Card,3687.31,13.76,883,0.8913043478260869,0.052095130237825596,0.11581920903954802,0.17391304347826086,0
4615,37.0,Regular,Electronics,Debit Card,26610.97,34.77,153,0.5172413793103449,0.1895424836601307,0.2664756446991404,0.5172413793103449,0
4616,66.0,Premium,Clothing,Upi,1959.39,24.63,657,0.7307692307692307,0.0395738203957382,1.5038167938931297,0.07692307692307693,0
4617,19.0,Premium,Books,Upi,29614.5,100.0,1259,0.9148936170212766,0.03733121525019857,0.37752161383285304,0.1276595744680851,0
4618,59.0,Premium,Groceries,Upi,12845.61,40.36,702,0.8823529411764706,0.04843304843304843,0.42657342657342656,0.4411764705882353,0
4619,34.0,Premium,Clothing,Debit Card,46975.5,23.55,955,0.15,0.020942408376963352,1.1587301587301588,0.55,0
4620,35.0,Premium,Furniture,Credit Card,39200.86,20.91,1197,0.5,0.03508771929824561,0.907103825136612,0.30952380952380953,0
4621,32.0,New,Groceries,Debit Card,9347.9,18.49,1625,0.0,0.015384615384615385,0.6821705426356589,0.32,0
4622,37.0,Inactive,Furniture,Upi,49370.62,28.62,704,0.7959183673469388,0.06960227272727272,0.3709677419354839,0.22448979591836735,0
4623,33.0,Inactive,Clothing,Credit Card,46985.55,9.06,709,0.6829268292682927,0.05782792665726375,5.730769230769231,0.1951219512195122,0
4624,34.0,New,Books,Credit Card,18223.52,43.82,169,0.8076923076923077,0.15384615384615385,0.1452513966480447,0.7307692307692307,0
4625,53.0,New,Books,Net Banking,43753.02,8.22,1136,0.3333333333333333,0.03961267605633803,0.06986899563318777,0.17777777777777778,0
4626,39.0,New,Groceries,Cash,42638.8,17.66,1358,0.4,0.003681885125184094,0.3757062146892655,1.4,0
4627,67.0,Regular,Electronics,Upi,41236.99,30.99,666,0.8888888888888888,0.013513513513513514,0.35294117647058826,0.7777777777777778,0
4628,35.0,Regular,Electronics,Upi,30956.89,49.77,1085,0.4,0.009216589861751152,1.037593984962406,0.0,0
4629,51.0,Inactive,Furniture,Debit Card,47907.49,31.81,1751,0.5434782608695652,0.026270702455739578,5.791666666666667,0.30434782608695654,0
4630,34.0,New,Electronics,Net Banking,22240.22,23.27,426,0.85,0.046948356807511735,1.5517241379310345,0.7,0
4631,48.0,Premium,Groceries,Upi,6568.4,44.16,1000,0.2222222222222222,0.027,0.20987654320987653,0.5555555555555556,0
4632,23.0,New,Sports,Cash,10275.68,14.59,1444,0.125,0.0221606648199446,0.4581005586592179,0.1875,0
4633,25.0,New,Groceries,Net Banking,36057.14,21.21,1100,0.78,0.045454545454545456,1.2,0.24,0
4634,64.0,Inactive,Sports,Credit Card,24236.17,46.13,398,0.5714285714285714,0.07035175879396985,2.1235955056179776,0.07142857142857142,0
4635,37.0,Inactive,Sports,Net Banking,9476.72,12.88,116,0.6585365853658537,0.35344827586206895,0.8028846153846154,0.4146341463414634,0
4636,61.0,Premium,Groceries,Cash,5054.11,13.38,318,0.0,0.08176100628930817,0.4310850439882698,0.4230769230769231,0
4637,39.0,New,Groceries,Credit Card,9040.42,47.83,1637,0.06666666666666667,0.02748930971288943,1.9615384615384615,0.35555555555555557,0
4638,57.0,Regular,Books,Debit Card,11523.89,22.07,1009,0.2,0.004955401387512388,0.6821705426356589,1.6,0
4639,70.0,Premium,Groceries,Cash,26135.76,9.28,712,0.14285714285714285,0.02949438202247191,0.1827956989247312,0.8095238095238095,0
4640,23.0,Premium,Books,Cash,48413.47,22.55,905,0.7692307692307693,0.0430939226519337,8.0,0.358974358974359,0
4641,60.0,Premium,Clothing,Debit Card,39770.87,19.56,849,0.42857142857142855,0.008244994110718492,0.5294117647058824,1.0,0
4642,36.0,Regular,Groceries,Credit Card,42834.86,48.05,235,0.0,0.00425531914893617,0.5,5.0,0
4643,28.0,Regular,Sports,Cash,22832.1,38.46,1399,0.6923076923076923,0.01858470335954253,0.058823529411764705,0.34615384615384615,0
4644,56.0,Inactive,Books,Upi,22725.68,2.11,907,0.0,0.05402425578831312,3.673469387755102,0.30612244897959184,0
4645,52.0,Regular,Furniture,Upi,9737.22,3.35,825,0.3076923076923077,0.01575757575757576,0.40875912408759124,0.7692307692307693,0
4646,69.0,New,Books,Debit Card,30995.86,25.78,888,0.8709677419354839,0.03490990990990991,0.9491525423728814,0.5161290322580645,0
4647,58.0,Inactive,Clothing,Credit Card,15816.68,28.98,1635,0.2553191489361702,0.02874617737003058,0.13333333333333333,0.2553191489361702,0
4648,44.0,Regular,Furniture,Cash,31871.08,18.85,633,0.2222222222222222,0.014218009478672985,0.016483516483516484,0.8888888888888888,1
4649,27.0,Premium,Electronics,Upi,41560.64,13.32,132,1.0,0.30303030303030304,0.4074074074074074,0.5,0
4650,45.0,New,Electronics,Credit Card,29004.64,36.89,313,0.0,0.012779552715654952,0.47674418604651164,1.0,0
4651,19.0,New,Electronics,Credit Card,29806.25,25.26,785,0.0425531914893617,0.05987261146496815,0.6445182724252492,0.40425531914893614,0
4652,18.0,Inactive,Groceries,Upi,24758.52,21.29,1080,1.0,0.018518518518518517,0.6457399103139013,0.05,0
4653,20.0,Premium,Clothing,Net Banking,48362.65,1.54,64,0.5531914893617021,0.734375,1.0416666666666667,0.1702127659574468,0
4654,23.0,Premium,Books,Debit Card,10955.56,12.01,410,0.4444444444444444,0.04390243902439024,92.0,0.8333333333333334,0
4655,24.0,Premium,Groceries,Cash,28928.67,30.97,197,0.2222222222222222,0.09137055837563451,0.49404761904761907,1.0555555555555556,0
4656,66.0,Inactive,Sports,Debit Card,30017.59,42.12,806,0.14285714285714285,0.008684863523573201,0.5297805642633229,0.14285714285714285,0
4657,36.0,New,Sports,Debit Card,16191.22,34.97,1140,0.6666666666666666,0.02368421052631579,0.07575757575757576,0.4074074074074074,0
4658,58.0,New,Electronics,Credit Card,49508.76,44.49,1578,0.0,0.023447401774397972,2.769230769230769,0.43243243243243246,0
4659,23.0,Inactive,Clothing,Upi,21109.48,31.2,1323,0.3958333333333333,0.036281179138321996,0.36,0.3958333333333333,0
4660,30.0,Inactive,Groceries,Upi,6741.89,0.15,432,0.07142857142857142,0.032407407407407406,0.35451505016722407,0.07142857142857142,0
4661,39.0,Inactive,Books,Cash,18261.19,8.95,1178,0.5,0.001697792869269949,0.6271186440677966,2.5,0
4662,52.0,Inactive,Sports,Upi,1363.26,39.97,595,0.45714285714285713,0.058823529411764705,0.4150326797385621,0.02857142857142857,0
4663,53.0,Regular,Groceries,Upi,34316.15,28.51,1596,0.0,0.0043859649122807015,0.3888888888888889,1.2857142857142858,0
4664,58.0,Inactive,Books,Cash,5437.25,45.58,231,0.3157894736842105,0.08225108225108226,0.18275862068965518,0.5789473684210527,1
4665,58.0,Regular,Furniture,Net Banking,38917.16,3.68,1437,0.7380952380952381,0.029227557411273485,0.9704433497536946,0.2857142857142857,0
4666,19.0,Premium,Electronics,Debit Card,45736.56,16.61,1453,0.06060606060606061,0.022711631108052306,0.3745173745173745,0.48484848484848486,0
4667,30.0,Premium,Furniture,Upi,2119.13,39.65,1614,0.0,0.0006195786864931846,1.2997118155619596,16.0,0
4668,68.0,Inactive,Groceries,Credit Card,25939.13,9.99,468,0.967741935483871,0.06623931623931624,0.043010752688172046,0.1935483870967742,0
4669,46.0,Regular,Books,Cash,8093.52,18.41,1438,0.6666666666666666,0.004172461752433936,0.5053003533568905,2.1666666666666665,0
4670,37.0,Regular,Clothing,Debit Card,3546.72,12.6,75,0.26666666666666666,0.6,0.6042553191489362,0.044444444444444446,0
4671,64.0,Regular,Sports,Credit Card,6320.81,13.69,527,0.8333333333333334,0.07969639468690702,0.09146341463414634,0.047619047619047616,0
4672,63.0,Premium,Groceries,Credit Card,616.58,48.42,1426,0.0,0.0021037868162692847,0.3484848484848485,3.0,1
4673,30.0,New,Electronics,Upi,43796.99,29.13,539,1.0,0.0018552875695732839,0.2413793103448276,5.0,1
4674,62.0,New,Electronics,Cash,42172.47,21.57,1497,0.19047619047619047,0.014028056112224449,0.4928571428571429,0.14285714285714285,0
4675,66.0,New,Groceries,Upi,3601.8,42.02,328,0.0,0.012195121951219513,0.15605095541401273,1.0,1
4676,55.0,Premium,Groceries,Debit Card,5924.69,4.81,1566,0.17857142857142858,0.017879948914431672,0.8354430379746836,0.25,0
4677,63.0,Inactive,Groceries,Credit Card,17467.95,37.86,824,0.16666666666666666,0.05825242718446602,0.30547550432276654,0.041666666666666664,0
4678,70.0,Inactive,Clothing,Credit Card,4858.08,35.13,367,0.11764705882352941,0.09264305177111716,0.04892966360856269,0.0,0
4679,44.0,Regular,Sports,Upi,6566.84,22.74,1362,1.0,0.0014684287812041115,0.44387755102040816,5.5,1
4680,47.0,Premium,Clothing,Credit Card,36485.49,39.94,630,0.5277777777777778,0.05714285714285714,1.0101010101010102,0.4444444444444444,0
4681,33.0,Regular,Groceries,Credit Card,9173.19,25.27,672,0.9090909090909091,0.01636904761904762,0.272,1.7272727272727273,1
4682,30.0,Inactive,Books,Credit Card,28784.36,32.03,1289,0.48936170212765956,0.03646237393328161,1.0625,0.40425531914893614,0
4683,66.0,Premium,Furniture,Net Banking,3900.03,27.17,396,0.6666666666666666,0.10606060606060606,0.19607843137254902,0.23809523809523808,0
4684,23.0,New,Groceries,Credit Card,23609.79,47.67,746,0.75,0.0160857908847185,0.20634920634920634,0.9166666666666666,0
4685,65.0,Inactive,Furniture,Net Banking,25545.48,43.76,668,0.10416666666666667,0.0718562874251497,0.453125,0.20833333333333334,0
4686,55.0,Regular,Electronics,Net Banking,21496.7,12.34,436,0.15,0.09174311926605505,0.22085889570552147,0.1,0
4687,44.0,Regular,Electronics,Credit Card,38955.8,23.98,1388,1.0,0.012247838616714697,0.5212121212121212,0.29411764705882354,0
4688,28.0,Premium,Furniture,Cash,32355.81,22.95,1356,0.0,0.003687315634218289,1.1123595505617978,2.0,0
4689,33.0,Premium,Electronics,Credit Card,31443.44,42.05,625,0.35,0.032,0.7283018867924528,0.15,0
4690,41.0,Premium,Sports,Credit Card,11743.19,10.93,61,0.2916666666666667,0.39344262295081966,1.0140845070422535,0.08333333333333333,0
4691,25.0,Regular,Electronics,Net Banking,21502.51,41.64,1345,0.3684210526315789,0.01412639405204461,0.23157894736842105,0.47368421052631576,0
4692,48.0,Inactive,Books,Credit Card,1875.44,42.42,1009,0.18181818181818182,0.04360753221010902,0.9883720930232558,0.4318181818181818,0
4693,44.0,Inactive,Electronics,Net Banking,3127.16,15.29,1284,0.7142857142857143,0.021806853582554516,0.4309623430962343,0.6785714285714286,0
4694,55.0,New,Sports,Credit Card,17901.08,33.59,463,0.08333333333333333,0.02591792656587473,0.7410714285714286,0.75,0
4695,40.0,New,Sports,Net Banking,39419.93,30.91,1477,0.7857142857142857,0.018957345971563982,0.5948717948717949,0.17857142857142858,0
4696,43.0,Regular,Furniture,Debit Card,25545.48,47.28,1052,0.7037037037037037,0.025665399239543727,0.1277533039647577,0.1111111111111111,0
4697,38.0,Inactive,Books,Credit Card,31932.39,6.41,1529,0.6521739130434783,0.015042511445389144,0.3469387755102041,0.17391304347826086,0
4698,36.0,Premium,Sports,Net Banking,46630.81,36.25,205,0.25,0.11707317073170732,1.3801652892561984,0.16666666666666666,0
4699,69.0,Regular,Clothing,Debit Card,20610.94,48.85,1418,0.875,0.005641748942172073,2.8461538461538463,1.5,0
4700,37.0,Inactive,Groceries,Credit Card,24643.03,5.6,1651,0.6666666666666666,0.0018170805572380376,0.6814814814814815,6.0,0
4701,25.0,Regular,Groceries,Credit Card,45179.56,6.42,689,0.8857142857142857,0.05079825834542816,0.05351170568561873,0.17142857142857143,0
4702,59.0,New,Groceries,Upi,9497.51,15.07,1662,1.0,0.0006016847172081829,0.9629629629629629,5.0,0
4703,50.0,Regular,Sports,Cash,37167.99,42.53,1159,0.56,0.021570319240724764,0.07860262008733625,0.32,1
4704,49.0,Premium,Furniture,Net Banking,1641.55,32.31,1112,0.09302325581395349,0.03866906474820144,0.6822033898305084,0.046511627906976744,0
4705,34.0,Regular,Electronics,Debit Card,8229.36,24.37,378,1.0,0.010582010582010581,1.4850746268656716,4.0,0
4706,35.0,Regular,Groceries,Net Banking,41375.03,20.3,1577,0.48717948717948717,0.024730500951173115,0.06363636363636363,0.23076923076923078,0
4707,43.0,Premium,Electronics,Cash,26439.26,20.36,481,0.8,0.07276507276507277,0.16296296296296298,0.42857142857142855,0
4708,36.0,New,Clothing,Debit Card,21172.25,48.62,1446,0.7631578947368421,0.02627939142461964,0.64,0.10526315789473684,0
4709,33.0,Inactive,Furniture,Upi,5675.45,20.77,597,0.38235294117647056,0.05695142378559464,0.43452380952380953,0.08823529411764706,0
4710,58.0,Regular,Sports,Credit Card,30060.03,31.84,1005,0.6551724137931034,0.028855721393034824,11.625,0.4827586206896552,0
4711,46.0,Regular,Sports,Debit Card,18977.39,48.44,242,0.7560975609756098,0.16942148760330578,0.42857142857142855,0.04878048780487805,0
4712,67.0,Premium,Electronics,Cash,9018.38,17.57,1312,0.3548387096774194,0.023628048780487805,0.3111111111111111,0.6451612903225806,0
4713,53.0,New,Groceries,Credit Card,6795.32,2.61,698,0.8888888888888888,0.06446991404011461,0.46808510638297873,0.4444444444444444,0
4714,24.0,New,Clothing,Credit Card,26823.57,21.55,1585,0.4634146341463415,0.025867507886435333,2.0875,0.2926829268292683,0
4715,65.0,Regular,Groceries,Credit Card,8145.47,37.22,593,0.2,0.03372681281618887,0.08860759493670886,0.25,0
4716,22.0,New,Clothing,Cash,20587.96,22.88,248,0.08108108108108109,0.14919354838709678,0.45595854922279794,0.13513513513513514,0
4717,64.0,New,Groceries,Credit Card,2831.41,20.56,142,0.4074074074074074,0.19014084507042253,0.9495798319327731,0.18518518518518517,0
4718,54.0,Premium,Electronics,Upi,28860.97,19.49,1530,0.0625,0.03137254901960784,0.15673981191222572,0.10416666666666667,0
4719,18.0,Regular,Electronics,Net Banking,44732.51,19.41,549,0.6538461538461539,0.04735883424408015,0.09316770186335403,0.38461538461538464,0
4720,35.0,Premium,Clothing,Credit Card,12877.23,45.35,1657,0.9615384615384616,0.015691007845503924,0.7297297297297297,0.0,0
4721,61.0,Premium,Furniture,Credit Card,19077.22,20.2,531,0.7027027027027027,0.0696798493408663,4.277777777777778,0.02702702702702703,0
4722,29.0,Regular,Electronics,Cash,48180.49,23.31,1653,0.6666666666666666,0.02722323049001815,2.421875,0.26666666666666666,0
4723,29.0,New,Electronics,Credit Card,26389.03,17.68,397,0.36363636363636365,0.055415617128463476,1.6666666666666667,0.2727272727272727,0
4724,20.0,Premium,Clothing,Credit Card,4394.15,34.24,1179,0.14285714285714285,0.011874469889737066,0.5042735042735043,0.35714285714285715,0
4725,47.0,Inactive,Furniture,Net Banking,45670.48,28.32,1520,0.22727272727272727,0.014473684210526316,0.6097560975609756,0.4090909090909091,0
4726,43.0,Premium,Groceries,Debit Card,19898.09,44.34,1059,0.56,0.047214353163361665,0.3677811550151976,0.32,0
4727,66.0,Premium,Electronics,Debit Card,3655.13,10.33,1114,0.2857142857142857,0.0062836624775583485,0.26865671641791045,0.7142857142857143,1
4728,32.0,Premium,Electronics,Credit Card,23540.13,16.77,844,0.8571428571428571,0.016587677725118485,0.5323741007194245,1.1428571428571428,0
4729,59.0,Inactive,Electronics,Credit Card,14293.52,34.06,600,0.7647058823529411,0.028333333333333332,0.6878048780487804,0.47058823529411764,0
4730,25.0,New,Electronics,Cash,36336.13,18.32,537,0.5384615384615384,0.048417132216014895,0.24691358024691357,0.15384615384615385,0
4731,30.0,Inactive,Groceries,Upi,7047.6,44.4,1284,0.0,0.003115264797507788,1.1241830065359477,3.0,0
4732,65.0,Regular,Groceries,Upi,19312.73,2.52,569,0.9534883720930233,0.07557117750439367,0.3514376996805112,0.46511627906976744,0
4733,36.0,Inactive,Sports,Cash,38000.33,13.26,1382,0.0,0.01881331403762663,0.47808764940239046,0.038461538461538464,0
4734,44.0,Premium,Groceries,Debit Card,10676.45,20.68,843,0.0,0.0011862396204033216,0.7011494252873564,14.0,0
4735,60.0,Regular,Books,Cash,975.67,26.86,94,0.6923076923076923,0.2765957446808511,0.12568306010928962,0.07692307692307693,0
4736,43.0,New,Sports,Credit Card,9209.11,9.31,187,0.125,0.0855614973262032,0.6038647342995169,1.1875,0
4737,70.0,New,Groceries,Cash,9395.43,30.14,188,0.25,0.0425531914893617,1.9886363636363635,1.75,0
4738,43.0,Premium,Books,Debit Card,6971.66,42.4,174,0.8,0.05747126436781609,1.2328767123287672,0.7,0
4739,53.0,Regular,Books,Credit Card,48349.0,19.51,357,1.0,0.08683473389355742,0.41434262948207173,0.3548387096774194,0
4740,60.0,Regular,Books,Net Banking,44957.78,26.02,1228,0.0,0.02768729641693811,0.9256198347107438,0.38235294117647056,0
4741,53.0,Regular,Sports,Upi,2858.73,10.05,1771,0.3157894736842105,0.010728402032749858,1.21,0.8421052631578947,0
4742,58.0,Regular,Books,Cash,29027.0,42.59,1090,0.5853658536585366,0.03761467889908257,0.6291079812206573,0.2926829268292683,0
4743,19.0,Premium,Groceries,Credit Card,18776.4,16.8,1022,0.2894736842105263,0.03718199608610567,0.25925925925925924,0.02631578947368421,0
4744,41.0,Inactive,Clothing,Credit Card,20753.69,40.71,1177,0.8666666666666667,0.038232795242141036,0.8402777777777778,0.0,0
4745,20.0,Regular,Groceries,Credit Card,13610.79,34.11,1051,0.5,0.005708848715509039,1.09009009009009,1.5,0
4746,70.0,Regular,Furniture,Cash,31727.54,34.26,701,0.3333333333333333,0.017118402282453638,0.3573407202216066,1.5833333333333333,0
4747,34.0,New,Books,Cash,37200.64,6.3,1816,0.4444444444444444,0.01486784140969163,1.4724409448818898,0.25925925925925924,0
4748,44.0,Premium,Books,Cash,1974.06,23.57,1058,0.55,0.01890359168241966,0.08333333333333333,0.95,1
4749,24.0,Premium,Sports,Debit Card,1760.04,39.97,69,0.09090909090909091,0.4782608695652174,9.625,0.5151515151515151,0
4750,57.0,Regular,Groceries,Credit Card,9261.26,7.33,410,0.44680851063829785,0.11463414634146342,1.4492753623188406,0.19148936170212766,0
4751,48.0,Inactive,Clothing,Credit Card,19790.57,11.63,332,0.2222222222222222,0.02710843373493976,2.5652173913043477,1.6666666666666667,0
4752,24.0,Regular,Clothing,Credit Card,16344.26,38.86,1190,0.3,0.008403361344537815,0.7910447761194029,1.8,0
4753,46.0,Regular,Electronics,Credit Card,35378.77,19.73,1149,0.5,0.005221932114882507,0.5555555555555556,0.3333333333333333,0
4754,43.0,Regular,Books,Upi,39271.71,43.94,1695,0.7105263157894737,0.022418879056047197,0.4482758620689655,0.47368421052631576,0
4755,64.0,Regular,Books,Debit Card,16523.51,7.45,1010,0.7666666666666667,0.0297029702970297,0.3525423728813559,0.4,0
4756,22.0,New,Electronics,Cash,45672.06,6.73,273,0.21428571428571427,0.05128205128205128,58.5,0.2857142857142857,0
4757,55.0,New,Clothing,Upi,16816.0,18.25,1218,0.23076923076923078,0.021346469622331693,7.107142857142857,0.5,0
4758,62.0,Regular,Books,Cash,48512.03,22.91,1297,0.4,0.0038550501156515036,0.7731481481481481,2.2,0
4759,66.0,Premium,Furniture,Credit Card,25545.48,20.62,312,0.92,0.08012820512820513,0.4581497797356828,0.04,0
4760,30.0,Regular,Clothing,Debit Card,35607.42,39.65,952,0.4864864864864865,0.038865546218487396,0.9887640449438202,0.08108108108108109,0
4761,60.0,Regular,Clothing,Upi,12971.11,7.75,434,0.20454545454545456,0.10138248847926268,0.08681672025723473,0.29545454545454547,0
4762,25.0,New,Groceries,Credit Card,13943.07,45.03,1422,0.12244897959183673,0.034458509142053444,0.618421052631579,0.08163265306122448,0
4763,37.0,Inactive,Electronics,Cash,39800.95,42.07,1210,0.9130434782608695,0.03801652892561983,1.3333333333333333,0.043478260869565216,0
4764,19.0,Regular,Groceries,Upi,5645.87,16.33,1136,0.6428571428571429,0.01232394366197183,10.0,0.35714285714285715,0
4765,33.0,Regular,Electronics,Upi,36909.32,11.76,454,0.5757575757575758,0.07268722466960352,0.10699588477366255,0.0,0
4766,65.0,Premium,Clothing,Credit Card,32684.33,36.59,1456,0.3333333333333333,0.014423076923076924,0.527536231884058,0.42857142857142855,0
4767,46.0,Inactive,Sports,Debit Card,48329.85,44.69,943,0.5365853658536586,0.043478260869565216,0.30256410256410254,0.14634146341463414,0
4768,58.0,Regular,Books,Upi,43334.88,10.56,649,0.29411764705882354,0.026194144838212634,0.4969512195121951,0.9411764705882353,0
4769,24.0,New,Furniture,Credit Card,48214.02,34.47,1196,0.918918918918919,0.030936454849498328,0.11842105263157894,0.32432432432432434,0
4770,59.0,Regular,Groceries,Credit Card,27777.28,2.08,1410,0.58,0.03546099290780142,0.2965779467680608,0.22,0
4771,53.0,Inactive,Sports,Upi,37948.12,33.19,630,0.2857142857142857,0.011111111111111112,0.08333333333333333,1.8571428571428572,1
4772,56.0,Premium,Clothing,Upi,12815.93,20.91,257,0.7619047619047619,0.08171206225680934,1.0,0.2857142857142857,0
4773,68.0,New,Groceries,Upi,14893.96,19.3,588,0.0,0.07653061224489796,0.11764705882352941,0.28888888888888886,0
4774,33.0,New,Sports,Credit Card,24462.94,33.41,290,0.5,0.006896551724137931,0.17134831460674158,6.0,1
4775,49.0,New,Electronics,Credit Card,30471.01,45.72,958,0.18518518518518517,0.028183716075156576,0.3229166666666667,0.07407407407407407,0
4776,68.0,Inactive,Clothing,Net Banking,33320.76,19.39,318,1.0,0.0031446540880503146,0.15584415584415584,19.0,1
4777,21.0,Premium,Furniture,Upi,8900.31,9.77,938,0.7142857142857143,0.029850746268656716,1.4272151898734178,0.10714285714285714,0
4778,53.0,Regular,Sports,Credit Card,46832.26,19.26,1274,0.0,0.03532182103610675,0.9473684210526315,0.17777777777777778,0
4779,70.0,Inactive,Groceries,Upi,12714.77,6.03,1746,0.34782608695652173,0.013172966781214204,0.4883720930232558,0.0,0
4780,24.0,Premium,Clothing,Net Banking,12081.6,42.28,287,0.8260869565217391,0.1602787456445993,0.09285714285714286,0.15217391304347827,0
4781,42.0,Regular,Clothing,Credit Card,22280.35,40.93,558,0.391304347826087,0.04121863799283154,0.046296296296296294,0.782608695652174,1
4782,26.0,Inactive,Books,Net Banking,31017.36,19.62,706,0.25,0.0056657223796034,0.8285714285714286,0.25,0
4783,59.0,Premium,Furniture,Upi,26381.09,9.49,1025,0.7959183673469388,0.04780487804878049,0.3611111111111111,0.3877551020408163,0
4784,50.0,Regular,Clothing,Cash,27021.18,34.16,978,0.13043478260869565,0.023517382413087935,0.8502673796791443,0.782608695652174,0
4785,67.0,New,Clothing,Credit Card,18417.63,46.56,714,0.2727272727272727,0.046218487394957986,0.46814404432132967,0.5454545454545454,0
4786,63.0,Regular,Groceries,Credit Card,20645.78,21.05,975,0.13333333333333333,0.046153846153846156,1.4175824175824177,0.3333333333333333,0
4787,69.0,New,Groceries,Debit Card,48277.56,17.12,786,0.6428571428571429,0.017811704834605598,0.52046783625731,0.42857142857142855,0
4788,69.0,New,Sports,Net Banking,26307.96,16.84,875,0.43243243243243246,0.04228571428571429,0.09792284866468842,0.5135135135135135,0
4789,33.0,Inactive,Furniture,Credit Card,23355.02,7.52,944,0.3617021276595745,0.04978813559322034,0.49122807017543857,0.425531914893617,0
4790,55.0,Inactive,Clothing,Credit Card,4714.95,44.85,759,0.3333333333333333,0.019762845849802372,0.08587257617728532,0.5333333333333333,1
4791,34.0,Premium,Furniture,Net Banking,23399.28,19.47,565,0.4230769230769231,0.04601769911504425,0.23125,0.6538461538461539,0
4792,20.0,Premium,Books,Debit Card,8364.77,33.49,784,0.0,0.030612244897959183,0.6546184738955824,0.5833333333333334,0
4793,34.0,New,Groceries,Upi,2974.61,22.64,187,1.0,0.08021390374331551,0.33727810650887574,1.2,0
4794,60.0,Inactive,Electronics,Net Banking,35347.66,17.68,377,0.0,0.06896551724137931,3.1372549019607843,0.34615384615384615,0
4795,70.0,Regular,Books,Credit Card,25545.48,100.0,1081,0.5555555555555556,0.02497687326549491,0.22142857142857142,0.07407407407407407,0
4796,27.0,Premium,Electronics,Credit Card,29583.04,41.15,38,1.0,0.10526315789473684,4.217391304347826,1.5,0
4797,29.0,Regular,Electronics,Cash,39260.85,4.68,1201,0.2,0.004163197335553705,0.2920353982300885,2.8,1
4798,21.0,Regular,Groceries,Cash,12411.57,25.2,1042,0.4444444444444444,0.008637236084452975,0.44662921348314605,0.0,0
4799,40.0,Regular,Groceries,Debit Card,46449.04,14.16,1716,0.24,0.014568764568764568,1.4,0.28,0
4800,33.0,New,Clothing,Debit Card,43392.32,17.13,1179,0.9574468085106383,0.03986429177268872,0.03754266211604096,0.1276595744680851,0
4801,30.0,New,Electronics,Cash,4915.18,2.06,1786,0.42105263157894735,0.010638297872340425,0.059907834101382486,0.631578947368421,1
4802,65.0,Inactive,Electronics,Cash,18623.95,37.21,1021,0.5384615384615384,0.012732615083251714,0.6,0.23076923076923078,0
4803,65.0,Regular,Clothing,Net Banking,25545.48,11.69,257,0.9782608695652174,0.17898832684824903,0.4462809917355372,0.021739130434782608,0
4804,53.0,Premium,Sports,Cash,8400.33,40.04,367,0.34285714285714286,0.09536784741144415,0.014534883720930232,0.37142857142857144,0
4805,32.0,New,Groceries,Credit Card,49574.39,33.29,1144,0.7,0.026223776223776224,2.9322033898305087,0.06666666666666667,0
4806,69.0,Premium,Books,Cash,45961.03,27.86,317,0.0,0.050473186119873815,0.7219512195121951,0.9375,0
4807,69.0,New,Furniture,Cash,12368.66,17.89,1372,0.09523809523809523,0.015306122448979591,0.44025157232704404,0.09523809523809523,0
4808,61.0,Regular,Clothing,Upi,22842.18,9.24,362,0.72,0.13812154696132597,0.31840796019900497,0.36,0
4809,37.0,Inactive,Electronics,Credit Card,25358.86,13.12,1002,0.4666666666666667,0.014970059880239521,0.11598746081504702,0.06666666666666667,1
4810,58.0,Inactive,Electronics,Cash,16378.45,30.36,1412,0.35294117647058826,0.012039660056657223,0.5357142857142857,0.0,0
4811,41.0,Premium,Furniture,Credit Card,30977.83,30.74,80,1.0,0.3125,1.2231404958677685,0.8,0
4812,42.0,Regular,Clothing,Debit Card,46024.03,9.22,1136,0.8571428571428571,0.01232394366197183,0.41624365482233505,0.42857142857142855,1
4813,60.0,Premium,Sports,Net Banking,29035.87,19.56,771,0.35,0.02594033722438392,0.46835443037974683,0.25,0
4814,53.0,Regular,Sports,Debit Card,1847.33,0.08,650,0.8333333333333334,0.018461538461538463,2.810344827586207,0.9166666666666666,0
4815,67.0,New,Books,Credit Card,24818.72,7.06,1665,0.55,0.012012012012012012,0.3056768558951965,0.05,1
4816,64.0,New,Electronics,Cash,34086.86,8.5,1283,0.38461538461538464,0.010132501948558068,0.3473053892215569,1.0769230769230769,0
4817,21.0,Regular,Books,Credit Card,37536.57,31.36,457,0.11764705882352941,0.037199124726477024,0.22794117647058823,1.0588235294117647,1
4818,29.0,Regular,Electronics,Credit Card,3085.74,32.0,1570,0.06382978723404255,0.029936305732484077,1.9264705882352942,0.0425531914893617,0
4819,56.0,Premium,Furniture,Debit Card,40968.59,22.4,978,0.5909090909090909,0.022494887525562373,0.16393442622950818,0.18181818181818182,1
4820,21.0,New,Books,Credit Card,21604.23,46.35,1661,0.3333333333333333,0.023479831426851294,0.5684523809523809,0.15384615384615385,0
4821,29.0,Regular,Electronics,Credit Card,19662.73,21.85,366,0.16666666666666666,0.08196721311475409,0.5860805860805861,0.6333333333333333,0
4822,49.0,New,Electronics,Cash,42737.38,10.7,1305,0.2857142857142857,0.0053639846743295016,0.7914438502673797,1.5714285714285714,0
4823,41.0,Regular,Groceries,Credit Card,3664.62,47.72,1224,0.8181818181818182,0.008986928104575163,0.6058631921824105,0.9090909090909091,0
4824,64.0,Regular,Books,Debit Card,4216.72,14.93,1576,0.65,0.012690355329949238,0.2887700534759358,0.7,1
4825,46.0,Premium,Groceries,Net Banking,46791.91,38.48,924,0.3333333333333333,0.02922077922077922,0.7692307692307693,0.48148148148148145,0
4826,44.0,Regular,Sports,Upi,34010.68,24.31,1794,0.8095238095238095,0.011705685618729096,27.666666666666668,0.14285714285714285,0
4827,41.0,New,Groceries,Upi,36619.97,29.05,1229,0.15384615384615385,0.03173311635475997,0.6041666666666666,0.05128205128205128,0
4828,59.0,Regular,Furniture,Debit Card,43738.54,42.16,1817,0.0,0.0049532195927352776,0.6084905660377359,1.5555555555555556,0
4829,28.0,Regular,Groceries,Upi,25226.2,17.86,1748,0.625,0.02288329519450801,0.04642857142857143,0.225,0
4830,18.0,Regular,Furniture,Debit Card,39219.28,41.44,239,0.9782608695652174,0.19246861924686193,0.37065637065637064,0.021739130434782608,0
4831,44.0,New,Groceries,Credit Card,43016.74,31.48,715,0.0,0.0013986013986013986,0.09523809523809523,20.0,0
4832,29.0,Premium,Books,Upi,40766.21,28.05,1754,0.32,0.028506271379703536,1.6555555555555554,0.18,0
4833,26.0,New,Clothing,Cash,25545.48,4.8,1776,0.38095238095238093,0.011824324324324325,0.8675496688741722,0.6666666666666666,0
4834,48.0,Regular,Sports,Net Banking,7011.91,29.87,671,0.42857142857142855,0.010432190760059613,0.42011834319526625,1.5714285714285714,0
4835,32.0,Regular,Furniture,Upi,15018.01,30.46,1239,0.09302325581395349,0.03470540758676352,0.5663430420711975,0.4418604651162791,0
4836,40.0,Regular,Books,Cash,32563.21,35.62,1421,0.7142857142857143,0.029556650246305417,0.47297297297297297,0.40476190476190477,0
4837,38.0,Premium,Electronics,Net Banking,34803.68,3.29,540,0.972972972972973,0.06851851851851852,2.782608695652174,0.24324324324324326,0
4838,67.0,Premium,Electronics,Net Banking,44737.43,21.16,1279,0.9473684210526315,0.014855355746677092,1.0092592592592593,0.0,0
4839,63.0,Premium,Groceries,Credit Card,644.7,33.63,1296,0.9302325581395349,0.033179012345679014,0.9393939393939394,0.27906976744186046,0
4840,59.0,Inactive,Clothing,Debit Card,1885.93,35.24,566,1.0,0.007067137809187279,0.3987341772151899,2.75,0
4841,61.0,Regular,Furniture,Net Banking,13991.32,4.45,632,0.8958333333333334,0.0759493670886076,0.2727272727272727,0.0,0
4842,70.0,New,Electronics,Net Banking,31545.55,47.46,1150,0.05714285714285714,0.030434782608695653,0.42424242424242425,0.5142857142857142,0
4843,46.0,Regular,Groceries,Cash,35451.55,15.54,449,0.0,0.0066815144766146995,0.18023255813953487,6.333333333333333,0
4844,47.0,New,Books,Credit Card,49078.44,49.12,1786,0.7,0.0167973124300112,0.6563876651982379,0.4,0
4845,61.0,Premium,Sports,Net Banking,29554.56,5.64,567,0.9285714285714286,0.04938271604938271,0.13903743315508021,0.17857142857142858,0
4846,68.0,Regular,Groceries,Credit Card,16001.8,38.82,1022,0.8717948717948718,0.03816046966731898,0.8162162162162162,0.28205128205128205,0
4847,47.0,New,Furniture,Upi,42403.7,44.31,1183,0.575,0.0338123415046492,0.7230046948356808,0.075,0
4848,61.0,Inactive,Electronics,Credit Card,44377.68,42.55,69,0.4642857142857143,0.4057971014492754,0.13897280966767372,0.5357142857142857,0
4849,18.0,Regular,Groceries,Cash,33072.07,1.36,1480,0.4,0.0033783783783783786,0.6125,1.6,0
4850,67.0,Inactive,Electronics,Debit Card,47598.32,23.47,1181,0.36363636363636365,0.018628281117696866,0.18559556786703602,0.8636363636363636,1
4851,40.0,Regular,Clothing,Debit Card,18246.98,43.33,1529,0.16129032258064516,0.020274689339437543,0.5196629213483146,0.25806451612903225,0
4852,52.0,New,Groceries,Debit Card,6093.41,25.79,508,0.0,0.001968503937007874,0.5263157894736842,2.0,0
4853,68.0,Inactive,Groceries,Debit Card,46843.46,10.42,196,0.23255813953488372,0.2193877551020408,1.4081632653061225,0.16279069767441862,0
4854,58.0,Premium,Sports,Cash,43975.53,38.1,882,0.5,0.034013605442176874,1.68,0.5333333333333333,0
4855,33.0,New,Groceries,Cash,40743.35,32.29,382,0.24489795918367346,0.12827225130890052,0.7072243346007605,0.04081632653061224,0
4856,29.0,New,Electronics,Credit Card,44019.9,15.26,1266,0.4166666666666667,0.009478672985781991,0.2857142857142857,0.5833333333333334,1
4857,49.0,New,Electronics,Debit Card,44095.02,29.31,319,0.9259259259259259,0.08463949843260188,0.11885245901639344,0.037037037037037035,0
4858,60.0,Inactive,Furniture,Credit Card,1235.55,39.09,302,0.5,0.006622516556291391,0.14814814814814814,8.0,1
4859,35.0,New,Electronics,Debit Card,6657.94,40.04,1042,0.13043478260869565,0.044145873320537425,0.17313432835820897,0.43478260869565216,0
4860,49.0,Regular,Clothing,Upi,11596.17,44.49,1478,0.3333333333333333,0.0020297699594046007,2.838709677419355,5.0,0
4861,69.0,New,Clothing,Credit Card,12673.49,17.37,126,0.3333333333333333,0.11904761904761904,1.0169491525423728,0.8666666666666667,0
4862,23.0,Premium,Furniture,Credit Card,24582.16,20.92,219,0.24444444444444444,0.2054794520547945,0.3915343915343915,0.26666666666666666,0
4863,42.0,Premium,Sports,Credit Card,21144.57,2.18,966,0.0,0.026915113871635612,0.39436619718309857,0.15384615384615385,0
4864,67.0,New,Clothing,Credit Card,32017.48,16.89,268,0.7659574468085106,0.17537313432835822,0.9090909090909091,0.0851063829787234,0
4865,66.0,Regular,Electronics,Net Banking,42757.2,5.24,1440,0.5853658536585366,0.02847222222222222,0.4748201438848921,0.4634146341463415,0
4866,70.0,Regular,Electronics,Cash,7062.94,28.17,555,0.9736842105263158,0.06846846846846846,0.2740740740740741,0.42105263157894735,0
4867,40.0,Inactive,Sports,Credit Card,14261.28,29.69,1379,0.7631578947368421,0.02755620014503263,1.2465753424657535,0.23684210526315788,0
4868,66.0,Regular,Groceries,Upi,39450.75,15.33,873,0.8235294117647058,0.019473081328751432,2.6769230769230767,0.17647058823529413,0
4869,32.0,Regular,Furniture,Debit Card,47095.33,40.67,654,1.0,0.0015290519877675841,0.15568862275449102,9.0,0
4870,44.0,New,Clothing,Net Banking,3876.93,14.62,1578,0.23529411764705882,0.021546261089987327,0.25153374233128833,0.29411764705882354,0
4871,50.0,Inactive,Books,Credit Card,15250.55,15.9,542,0.2692307692307692,0.04797047970479705,16.0,0.7307692307692307,0
4872,33.0,New,Furniture,Cash,8185.15,11.88,1294,0.6842105263157895,0.014683153013910355,0.08496732026143791,0.3684210526315789,1
4873,49.0,Regular,Furniture,Upi,30954.71,24.38,544,0.2,0.027573529411764705,0.13709677419354838,0.9333333333333333,1
4874,27.0,Regular,Electronics,Cash,49778.94,48.53,461,0.7272727272727273,0.02386117136659436,184.0,0.5454545454545454,0
4875,35.0,Premium,Clothing,Debit Card,25545.48,11.48,170,0.9032258064516129,0.18235294117647058,0.1623931623931624,0.03225806451612903,0
4876,56.0,Regular,Clothing,Cash,2940.2,33.74,1267,0.4838709677419355,0.0244672454617206,0.2772727272727273,0.16129032258064516,0
4877,53.0,New,Groceries,Net Banking,11692.64,18.64,417,0.35714285714285715,0.03357314148681055,0.02,1.1428571428571428,0
4878,58.0,Regular,Groceries,Credit Card,46478.06,44.63,1110,0.22727272727272727,0.03963963963963964,1.1630434782608696,0.1590909090909091,0
4879,56.0,Regular,Electronics,Cash,3516.42,26.17,221,0.7021276595744681,0.21266968325791855,0.5576923076923077,0.3829787234042553,0
4880,51.0,Premium,Books,Debit Card,31207.56,9.07,306,0.38461538461538464,0.12745098039215685,2.064516129032258,0.4358974358974359,0
4881,67.0,New,Clothing,Debit Card,10423.47,45.91,430,0.23076923076923078,0.030232558139534883,0.24404761904761904,0.7692307692307693,1
4882,30.0,Inactive,Sports,Debit Card,35758.21,38.43,133,0.0,0.22556390977443608,0.14473684210526316,0.6666666666666666,0
4883,54.0,Premium,Clothing,Cash,14213.01,9.8,1351,0.0,0.007401924500370096,0.616822429906542,0.1,0
4884,23.0,Regular,Electronics,Net Banking,10039.41,6.69,1372,0.84,0.018221574344023325,0.17771084337349397,0.0,1
4885,68.0,Premium,Clothing,Credit Card,24266.01,11.96,307,0.8823529411764706,0.05537459283387622,0.6428571428571429,0.0,0
4886,23.0,Regular,Groceries,Credit Card,40653.38,47.12,651,0.075,0.06144393241167435,0.6936936936936937,0.05,0
4887,25.0,New,Books,Upi,9368.43,38.26,391,0.9069767441860465,0.10997442455242967,0.5208333333333334,0.46511627906976744,0
4888,20.0,New,Furniture,Credit Card,31611.2,3.85,1615,0.13157894736842105,0.023529411764705882,1.8783783783783783,0.15789473684210525,0
4889,54.0,New,Furniture,Credit Card,18163.54,21.31,137,0.0,0.1897810218978102,0.08152173913043478,0.11538461538461539,0
4890,41.0,Regular,Electronics,Credit Card,7624.38,21.88,826,0.2857142857142857,0.059322033898305086,0.967741935483871,0.08163265306122448,0
4891,26.0,New,Groceries,Net Banking,25545.48,1.68,744,1.0,0.008064516129032258,0.8918918918918919,2.1666666666666665,0
4892,48.0,Regular,Furniture,Net Banking,46598.12,23.74,1338,0.34,0.03736920777279522,0.18484848484848485,0.34,0
4893,70.0,New,Clothing,Credit Card,25394.54,43.29,1242,0.125,0.01932367149758454,0.1111111111111111,0.20833333333333334,0
4894,69.0,New,Electronics,Credit Card,20648.86,49.12,221,1.0,0.058823529411764705,0.1440329218106996,0.7692307692307693,1
4895,26.0,Premium,Sports,Debit Card,47774.0,36.0,932,0.14285714285714285,0.015021459227467811,1.4814814814814814,0.8571428571428571,0
4896,19.0,Premium,Groceries,Credit Card,33833.15,27.85,1209,0.16666666666666666,0.02481389578163772,1.9333333333333333,0.36666666666666664,0
4897,28.0,Regular,Books,Upi,17164.98,40.84,485,0.5769230769230769,0.05360824742268041,0.4792243767313019,0.3076923076923077,0
4898,69.0,New,Furniture,Upi,15196.29,17.7,491,0.5,0.012219959266802444,0.04590163934426229,1.0,1
4899,40.0,Premium,Books,Upi,22327.93,49.41,1556,0.5,0.008997429305912597,0.8549618320610687,0.9285714285714286,0
4900,26.0,New,Sports,Debit Card,19797.11,24.65,1678,0.0,0.018474374255065554,0.3424242424242424,0.5806451612903226,0
4901,40.0,Premium,Books,Upi,15065.15,37.84,563,0.9,0.017761989342806393,0.03380281690140845,1.1,1
4902,27.0,Regular,Furniture,Cash,26853.85,18.77,845,0.6551724137931034,0.03431952662721893,1.0508474576271187,0.06896551724137931,0
4903,20.0,Regular,Books,Credit Card,40278.33,31.12,281,0.5510204081632653,0.17437722419928825,0.15789473684210525,0.061224489795918366,0
4904,40.0,Regular,Clothing,Debit Card,30347.61,9.26,1692,0.5405405405405406,0.02186761229314421,0.5208333333333334,0.5405405405405406,0
4905,29.0,Premium,Electronics,Credit Card,1634.25,37.07,1471,0.8260869565217391,0.01563562202583277,1.490909090909091,0.6086956521739131,0
4906,51.0,New,Electronics,Net Banking,40327.54,12.05,1350,0.6470588235294118,0.025185185185185185,0.6814814814814815,0.3235294117647059,0
4907,32.0,Regular,Groceries,Debit Card,31865.56,22.42,302,0.8823529411764706,0.056291390728476824,0.3662420382165605,1.0588235294117647,0
4908,40.0,Premium,Sports,Credit Card,32574.85,2.89,1662,0.868421052631579,0.02286401925391095,0.3525641025641026,0.3157894736842105,0
4909,48.0,New,Furniture,Net Banking,29467.0,24.74,1100,0.058823529411764705,0.015454545454545455,0.39420289855072466,0.5882352941176471,0
4910,59.0,New,Electronics,Credit Card,16213.11,2.84,1142,0.673469387755102,0.042907180385288964,0.10687022900763359,0.20408163265306123,0
4911,43.0,New,Sports,Debit Card,46277.26,29.77,1421,0.76,0.03518648838845883,0.14583333333333334,0.06,0
4912,28.0,New,Groceries,Upi,32462.45,32.13,380,0.6,0.013157894736842105,0.4810126582278481,0.8,0
4913,31.0,Premium,Electronics,Debit Card,36330.92,36.41,681,1.0,0.0014684287812041115,0.29780564263322884,19.0,1
4914,22.0,New,Groceries,Debit Card,3251.61,10.2,800,0.7586206896551724,0.03625,0.11827956989247312,0.6206896551724138,0
4915,22.0,Inactive,Sports,Net Banking,3722.52,15.59,352,1.0,0.005681818181818182,0.3397129186602871,1.5,1
4916,63.0,Inactive,Clothing,Upi,33059.79,10.57,1193,0.0,0.004191114836546521,0.33201581027667987,3.2,1
4917,67.0,Premium,Sports,Credit Card,38715.0,36.15,964,0.0851063829787234,0.0487551867219917,0.22772277227722773,0.02127659574468085,0
4918,22.0,Premium,Books,Debit Card,47505.58,24.23,873,1.0,0.018327605956471937,0.3722397476340694,0.1875,0
4919,47.0,Premium,Furniture,Upi,24066.53,34.9,1672,0.1,0.017942583732057416,0.22950819672131148,0.6666666666666666,0
4920,54.0,New,Groceries,Upi,8884.95,15.48,1335,0.025,0.0299625468164794,0.88,0.025,0
4921,56.0,New,Clothing,Credit Card,580.16,34.45,788,0.25,0.005076142131979695,0.5862068965517241,4.0,0
4922,58.0,New,Sports,Net Banking,27436.84,18.9,113,0.2,0.04424778761061947,67.5,2.0,0
4923,18.0,Premium,Books,Upi,5461.66,45.96,1176,0.0,0.0017006802721088435,0.4722222222222222,1.5,0
4924,31.0,Regular,Electronics,Upi,2270.05,46.14,1189,0.08333333333333333,0.040370058873002525,4.875,0.3541666666666667,0
4925,30.0,Inactive,Electronics,Credit Card,39253.49,45.79,111,1.0,0.009009009009009009,0.7053571428571429,16.0,0
4926,25.0,Inactive,Clothing,Credit Card,4537.37,40.16,1553,0.6666666666666666,0.0038634900193174502,0.2706422018348624,0.8333333333333334,1
4927,27.0,Premium,Furniture,Upi,13235.91,6.76,278,0.8,0.08992805755395683,0.28052805280528054,0.64,1
4928,45.0,Premium,Electronics,Cash,44963.02,24.23,829,0.4,0.006031363088057901,1.05,1.6,0
4929,44.0,Premium,Electronics,Debit Card,14133.03,36.94,1333,0.43478260869565216,0.0345086271567892,3.0930232558139537,0.08695652173913043,0
4930,51.0,Regular,Sports,Credit Card,47402.73,30.88,545,0.3,0.05504587155963303,0.005917159763313609,0.16666666666666666,0
4931,59.0,New,Clothing,Debit Card,48260.23,8.97,1060,0.625,0.01509433962264151,2.816666666666667,0.875,0
4932,46.0,Premium,Books,Debit Card,48103.71,7.68,1290,0.11363636363636363,0.034108527131782945,0.0625,0.2727272727272727,0
4933,69.0,Premium,Clothing,Debit Card,39018.28,20.77,1090,0.5714285714285714,0.006422018348623854,0.8623853211009175,2.0,0
4934,28.0,New,Sports,Debit Card,27954.65,24.95,1283,0.0625,0.02494154325798909,1.58,0.03125,0
4935,45.0,Premium,Sports,Cash,45767.86,20.87,804,0.2894736842105263,0.0472636815920398,0.8434782608695652,0.34210526315789475,0
4936,20.0,Inactive,Books,Credit Card,47300.88,15.59,556,0.7142857142857143,0.050359712230215826,0.49201277955271566,0.07142857142857142,0
4937,68.0,Premium,Groceries,Debit Card,41176.1,29.77,1530,0.8,0.013071895424836602,0.6287878787878788,1.0,0
4938,37.0,Regular,Groceries,Upi,35989.84,5.9,434,0.1,0.06912442396313365,0.46175637393767704,0.4666666666666667,0
4939,34.0,New,Furniture,Credit Card,29309.66,31.78,1633,0.2708333333333333,0.029393753827311696,1.488888888888889,0.2916666666666667,0
4940,67.0,New,Books,Net Banking,21599.37,16.02,1793,0.16,0.013943112102621304,0.5912408759124088,0.36,0
4941,37.0,New,Sports,Credit Card,17466.72,13.76,1347,0.0,0.014847809948032665,1.5806451612903225,0.0,0
4942,24.0,Regular,Groceries,Net Banking,16654.74,42.56,1162,0.2222222222222222,0.02323580034423408,0.2629757785467128,0.4074074074074074,0
4943,29.0,Premium,Clothing,Upi,39578.4,16.65,1084,0.6,0.01845018450184502,0.4444444444444444,0.55,0
4944,69.0,Premium,Books,Upi,26430.85,48.16,651,0.8571428571428571,0.07526881720430108,0.4413145539906103,0.30612244897959184,0
4945,56.0,Inactive,Electronics,Cash,42143.14,30.74,985,0.4666666666666667,0.015228426395939087,29.0,0.4,0
4946,58.0,Premium,Books,Debit Card,4360.43,18.27,1825,0.15,0.021917808219178082,0.5299145299145299,0.0,0
4947,23.0,Premium,Groceries,Upi,38715.68,5.4,528,0.08333333333333333,0.09090909090909091,0.20512820512820512,0.125,0
4948,57.0,Premium,Furniture,Credit Card,6101.16,27.27,800,0.8,0.00625,0.4182692307692308,0.2,1
4949,30.0,Inactive,Groceries,Upi,18771.63,21.96,161,0.0,0.012422360248447204,0.6205787781350482,2.0,0
4950,20.0,Premium,Electronics,Credit Card,32400.9,42.75,970,0.0,0.002061855670103093,0.37748344370860926,0.0,0
4951,49.0,Premium,Books,Cash,34028.08,16.79,875,1.0,0.001142857142857143,0.25862068965517243,4.0,1
4952,58.0,New,Electronics,Upi,26544.12,19.13,1538,0.6829268292682927,0.026657997399219768,0.4215686274509804,0.2926829268292683,0
4953,32.0,Premium,Clothing,Net Banking,4418.46,3.07,190,1.0,0.08421052631578947,0.3390804597701149,1.1875,0
4954,35.0,Regular,Books,Upi,21877.76,44.76,1402,0.0,0.008559201141226819,2.2028985507246377,0.5833333333333334,0
4955,69.0,New,Electronics,Upi,47054.73,25.31,1048,0.10526315789473684,0.01812977099236641,1.7980769230769231,0.8421052631578947,0
4956,37.0,New,Sports,Cash,41738.82,45.41,1001,0.46153846153846156,0.03896103896103896,3.4074074074074074,0.4358974358974359,0
4957,34.0,New,Books,Credit Card,14994.46,43.86,1364,0.7894736842105263,0.02785923753665689,1.8985507246376812,0.47368421052631576,0
4958,37.0,Inactive,Groceries,Upi,28014.71,29.48,1447,0.5675675675675675,0.025570145127850726,0.5217391304347826,0.24324324324324326,0
4959,36.0,Inactive,Clothing,Upi,6544.9,0.47,272,0.9,0.03676470588235294,1.0584415584415585,1.8,0
4960,25.0,New,Furniture,Upi,40110.37,18.59,931,0.047619047619047616,0.022556390977443608,0.6551724137931034,0.9523809523809523,0
4961,63.0,New,Groceries,Upi,48835.26,21.56,1670,1.0,0.005389221556886228,0.6153846153846154,0.7777777777777778,0
4962,33.0,Premium,Sports,Cash,31627.34,6.39,715,0.27906976744186046,0.06013986013986014,1.0617977528089888,0.2558139534883721,0
4963,60.0,Inactive,Groceries,Credit Card,34813.07,22.72,1703,0.11538461538461539,0.015267175572519083,0.688,0.23076923076923078,0
4964,40.0,Regular,Groceries,Credit Card,36109.93,24.47,158,0.17647058823529413,0.21518987341772153,1.8823529411764706,0.20588235294117646,0
4965,46.0,Premium,Groceries,Cash,33518.25,18.24,1324,0.5625,0.012084592145015106,1.0495049504950495,0.25,0
4966,29.0,Regular,Electronics,Net Banking,21722.64,15.45,173,0.7727272727272727,0.12716763005780346,1.2566371681415929,0.6818181818181818,0
4967,47.0,Regular,Groceries,Cash,44258.6,100.0,201,0.9772727272727273,0.21890547263681592,0.48179271708683474,0.36363636363636365,0
4968,21.0,Regular,Furniture,Cash,38917.64,8.71,899,0.26,0.05561735261401557,0.18468468468468469,0.3,0
4969,68.0,Regular,Sports,Cash,10503.96,6.23,1257,0.0,0.03977724741447892,4.5813953488372094,0.08,0
4970,57.0,New,Groceries,Cash,26909.88,36.12,1452,0.20930232558139536,0.029614325068870524,0.5860655737704918,0.20930232558139536,0
4971,48.0,Regular,Electronics,Upi,11500.51,32.87,103,0.6666666666666666,0.20388349514563106,0.18309859154929578,0.8571428571428571,0
4972,70.0,New,Furniture,Upi,5640.16,46.66,1090,0.5263157894736842,0.03486238532110092,2.8484848484848486,0.4473684210526316,0
4973,39.0,Regular,Clothing,Credit Card,21308.39,41.08,208,1.0,0.028846153846153848,0.4344262295081967,0.5,0
4974,38.0,Inactive,Sports,Net Banking,16226.72,48.22,114,0.17142857142857143,0.30701754385964913,1.1363636363636365,0.11428571428571428,0
4975,43.0,Regular,Books,Upi,12866.24,11.54,1805,0.6296296296296297,0.014958448753462604,1.0,0.1111111111111111,0
4976,28.0,Inactive,Sports,Net Banking,21663.27,17.71,1534,1.0,0.003911342894393742,1.0833333333333333,0.16666666666666666,0
4977,69.0,Inactive,Furniture,Debit Card,4387.45,33.51,1811,0.27586206896551724,0.01601325234676974,0.2862595419847328,0.3448275862068966,0
4978,30.0,Premium,Groceries,Net Banking,14966.43,16.85,625,0.7380952380952381,0.0672,0.5664739884393064,0.3333333333333333,0
4979,25.0,New,Books,Upi,41339.64,17.32,530,0.125,0.09056603773584905,2.480769230769231,0.125,0
4980,30.0,Regular,Clothing,Net Banking,35436.63,9.84,1696,0.875,0.009433962264150943,0.6842105263157895,0.6875,0
4981,42.0,Premium,Groceries,Upi,9748.54,45.32,903,0.75,0.004429678848283499,0.03468208092485549,3.5,0
4982,20.0,Inactive,Sports,Credit Card,18177.62,25.78,126,0.6136363636363636,0.3492063492063492,0.9891891891891892,0.09090909090909091,0
4983,44.0,Inactive,Groceries,Debit Card,17634.0,42.37,1046,1.0,0.022944550669216062,0.32407407407407407,0.5,0
4984,35.0,Inactive,Sports,Cash,3673.51,33.62,922,0.35294117647058826,0.01843817787418655,21.625,0.47058823529411764,0
4985,51.0,New,Books,Credit Card,16258.46,39.38,1160,0.0,0.01206896551724138,0.06532663316582915,0.0,1
4986,60.0,Premium,Furniture,Cash,5730.91,31.61,1221,0.40625,0.02620802620802621,0.5220588235294118,0.09375,0
4987,58.0,New,Electronics,Net Banking,5206.95,29.62,1822,0.918918918918919,0.02030735455543359,1.2743362831858407,0.08108108108108109,0
4988,56.0,Premium,Groceries,Upi,635.01,42.38,1554,0.6363636363636364,0.014157014157014158,3.1578947368421053,0.5,0
4989,18.0,New,Electronics,Upi,21836.52,21.98,298,0.23529411764705882,0.11409395973154363,1.170731707317073,0.11764705882352941,0
4990,37.0,Regular,Electronics,Upi,26157.39,11.24,1655,0.6136363636363636,0.026586102719033233,0.10687022900763359,0.2727272727272727,0
4991,65.0,New,Groceries,Cash,4345.97,4.17,533,0.3076923076923077,0.024390243902439025,0.6253968253968254,1.0769230769230769,0
4992,25.0,Regular,Electronics,Upi,48584.77,37.19,1293,0.4782608695652174,0.03557617942768755,0.3170028818443804,0.10869565217391304,0
4993,33.0,New,Sports,Upi,3599.16,43.07,1312,1.0,0.018292682926829267,1.2575757575757576,0.5416666666666666,0
4994,67.0,Premium,Groceries,Net Banking,30008.86,22.79,1449,0.2857142857142857,0.00966183574879227,0.1037344398340249,0.7142857142857143,1
4995,30.0,Premium,Furniture,Upi,43488.17,49.35,78,0.16666666666666666,0.07692307692307693,0.74,0.5,0
4996,30.0,Regular,Groceries,Upi,35823.56,15.56,943,1.0,0.0010604453870625664,0.3519736842105263,20.0,0
4997,37.0,New,Sports,Debit Card,15576.05,12.65,1289,0.7142857142857143,0.016291698991466253,0.410958904109589,0.7619047619047619,0
4998,53.0,Premium,Books,Debit Card,44767.24,45.27,1712,0.7777777777777778,0.005257009345794392,0.5343511450381679,1.6666666666666667,0
4999,20.0,Premium,Clothing,Credit Card,3723.66,3.31,1147,0.46,0.043591979075850044,1.2327044025157232,0.24,0
5000,63.0,Regular,Sports,Net Banking,31173.13,45.99,1646,0.6296296296296297,0.016403402187120292,0.53954802259887,0.25925925925925924,0
5001,35.0,New,Groceries,Net Banking,11809.39,4.34,1741,0.8333333333333334,0.0034462952326249283,1.0977011494252873,1.1666666666666667,0
5002,62.0,Regular,Books,Cash,1762.81,18.43,942,0.8333333333333334,0.006369426751592357,0.14893617021276595,3.1666666666666665,1
5003,44.0,Regular,Groceries,Credit Card,8271.5,35.65,1805,0.8163265306122449,0.027146814404432132,4.909090909090909,0.30612244897959184,0
5004,33.0,Regular,Groceries,Cash,42820.48,24.35,1174,0.034482758620689655,0.024701873935264053,0.6060606060606061,0.10344827586206896,0
5005,34.0,Inactive,Groceries,Debit Card,37592.67,38.1,1404,0.0,0.005698005698005698,0.1797752808988764,0.125,1
5006,35.0,Inactive,Sports,Debit Card,17098.93,37.76,1437,0.9375,0.011134307585247043,1.3085106382978724,0.1875,0
5007,64.0,Premium,Clothing,Upi,33383.44,21.86,227,0.8333333333333334,0.02643171806167401,0.35960591133004927,2.1666666666666665,1
5008,50.0,New,Furniture,Debit Card,25169.86,45.3,746,0.9696969696969697,0.04423592493297587,0.3761755485893417,0.48484848484848486,0
5009,50.0,Inactive,Sports,Credit Card,23529.52,29.05,968,0.8260869565217391,0.023760330578512397,0.5909090909090909,0.391304347826087,0
5010,56.0,New,Electronics,Cash,43442.66,2.71,1499,0.3333333333333333,0.028018679119412943,0.7823834196891192,0.11904761904761904,0
5011,54.0,Premium,Electronics,Upi,43085.02,48.14,833,0.9428571428571428,0.04201680672268908,0.3333333333333333,0.42857142857142855,0
5012,51.0,New,Sports,Upi,28779.44,15.08,1689,0.28205128205128205,0.023090586145648313,0.6,0.1794871794871795,0
5013,39.0,Inactive,Clothing,Credit Card,43972.42,45.79,110,0.5,0.03636363636363636,0.1865671641791045,0.75,0
5014,44.0,New,Groceries,Cash,49923.44,11.15,795,0.5714285714285714,0.00880503144654088,0.2658959537572254,2.5714285714285716,0
5015,48.0,Premium,Clothing,Net Banking,49480.57,37.66,583,0.021739130434782608,0.07890222984562607,0.8271028037383178,0.043478260869565216,0
5016,68.0,Premium,Books,Net Banking,29734.1,2.69,939,0.5869565217391305,0.04898828541001065,0.32515337423312884,0.34782608695652173,0
5017,43.0,Premium,Sports,Debit Card,28606.02,20.56,716,0.8163265306122449,0.06843575418994413,0.20207253886010362,0.061224489795918366,0
5018,37.0,New,Books,Net Banking,49653.73,36.06,1313,1.0,0.003808073115003808,1.435483870967742,1.2,0
5019,30.0,New,Books,Credit Card,29030.88,29.3,95,0.2619047619047619,0.4421052631578947,0.3387096774193548,0.047619047619047616,0
5020,51.0,Inactive,Electronics,Credit Card,2862.78,38.94,470,0.7,0.0425531914893617,0.8,0.15,0
5021,43.0,Premium,Clothing,Debit Card,36280.34,10.89,158,0.28125,0.20253164556962025,0.7333333333333333,0.625,0
5022,36.0,Premium,Books,Net Banking,28831.05,24.12,1270,0.9090909090909091,0.025984251968503937,0.2079207920792079,0.06060606060606061,0
5023,60.0,Premium,Sports,Debit Card,9293.94,1.75,1139,0.775,0.03511852502194908,2.3518518518518516,0.1,0
5024,67.0,Premium,Sports,Cash,44722.38,45.15,893,0.9545454545454546,0.02463605823068309,0.03468208092485549,0.6818181818181818,0
5025,33.0,Regular,Electronics,Cash,34527.67,33.12,889,0.1111111111111111,0.020247469066366704,1.070921985815603,0.6666666666666666,0
5026,62.0,Premium,Furniture,Upi,19912.36,24.07,678,0.038461538461538464,0.038348082595870206,0.6338028169014085,0.5769230769230769,0
5027,44.0,New,Books,Net Banking,22075.82,41.79,977,0.696969696969697,0.033776867963152504,1.0363636363636364,0.48484848484848486,0
5028,24.0,Premium,Electronics,Credit Card,28973.5,28.54,1038,0.8,0.004816955684007707,1.78,4.0,0
5029,42.0,Premium,Sports,Net Banking,49037.76,31.85,1212,0.8367346938775511,0.040429042904290426,33.0,0.10204081632653061,0
5030,45.0,Regular,Clothing,Credit Card,9560.41,25.29,479,1.0,0.04592901878914405,0.3422818791946309,0.0,0
5031,56.0,New,Furniture,Debit Card,37858.37,21.0,1540,0.8780487804878049,0.026623376623376622,0.7414965986394558,0.24390243902439024,0
5032,56.0,Inactive,Books,Net Banking,21023.26,32.28,1457,0.9142857142857143,0.024021962937542895,0.9871794871794872,0.5714285714285714,0
5033,35.0,Premium,Electronics,Net Banking,36224.08,7.06,82,0.5714285714285714,0.17073170731707318,0.7319587628865979,0.8571428571428571,0
5034,59.0,New,Groceries,Upi,48520.3,36.89,1021,0.375,0.023506366307541625,0.5436507936507936,0.4583333333333333,0
5035,63.0,Regular,Clothing,Net Banking,29209.47,13.03,258,0.0,0.003875968992248062,0.34418604651162793,6.0,1
5036,32.0,Premium,Electronics,Upi,48934.0,18.53,835,0.21739130434782608,0.027544910179640718,0.15037593984962405,0.17391304347826086,0
5037,37.0,Regular,Sports,Net Banking,649.66,14.06,505,0.8367346938775511,0.09702970297029703,0.5864197530864198,0.40816326530612246,0
5038,24.0,Inactive,Electronics,Net Banking,47882.22,21.09,907,0.7209302325581395,0.047409040793825796,2.2533333333333334,0.18604651162790697,0
5039,18.0,New,Electronics,Debit Card,48355.7,2.97,677,0.20454545454545456,0.06499261447562776,0.4444444444444444,0.022727272727272728,0
5040,51.0,Inactive,Books,Cash,14005.36,31.45,1746,0.6785714285714286,0.016036655211912942,0.4494047619047619,0.25,0
5041,42.0,Inactive,Clothing,Debit Card,43731.98,39.07,1065,0.27906976744186046,0.04037558685446009,0.17682926829268292,0.4418604651162791,0
5042,30.0,New,Groceries,Net Banking,27918.83,10.51,336,0.8928571428571429,0.08333333333333333,0.6536585365853659,0.6428571428571429,0
5043,40.0,Premium,Groceries,Credit Card,28085.74,36.0,1551,0.35714285714285715,0.009026434558349452,0.09782608695652174,0.8571428571428571,1
5044,27.0,Regular,Electronics,Net Banking,40509.31,31.75,1142,0.46875,0.028021015761821366,0.44505494505494503,0.59375,0
5045,49.0,Inactive,Groceries,Cash,6143.31,30.18,857,0.4444444444444444,0.010501750291715286,7.461538461538462,1.7777777777777777,0
5046,19.0,Regular,Clothing,Net Banking,29915.63,41.89,838,0.0,0.014319809069212411,0.5886075949367089,0.9166666666666666,0
5047,47.0,Premium,Groceries,Net Banking,31743.3,9.25,965,0.5813953488372093,0.04455958549222798,0.32608695652173914,0.32558139534883723,0
5048,65.0,New,Books,Credit Card,48110.46,33.53,1121,0.5555555555555556,0.02408563782337199,1.5254237288135593,0.7037037037037037,0
5049,22.0,Regular,Sports,Debit Card,22173.46,45.37,97,0.3783783783783784,0.38144329896907214,0.5719844357976653,0.4864864864864865,0
5050,41.0,New,Clothing,Credit Card,33597.34,7.89,1482,0.0,0.0020242914979757085,0.2727272727272727,4.0,0
5051,33.0,Premium,Clothing,Net Banking,34799.64,24.9,590,0.9166666666666666,0.061016949152542375,0.45,0.08333333333333333,0
5052,67.0,Inactive,Furniture,Upi,37837.52,4.05,517,0.0,0.05222437137330754,2.041095890410959,0.3333333333333333,0
5053,41.0,Premium,Clothing,Credit Card,20446.31,10.19,1684,0.8,0.017814726840855107,0.3191489361702128,0.5,0
5054,43.0,Regular,Electronics,Net Banking,23521.19,27.64,1357,0.0,0.0007369196757553427,0.521613832853026,9.0,0
5055,63.0,New,Books,Cash,1837.31,31.1,1463,1.0,0.000683526999316473,0.4337748344370861,13.0,0
5056,54.0,Regular,Sports,Debit Card,34659.27,46.49,1060,0.0,0.01981132075471698,2.0294117647058822,0.9047619047619048,0
5057,66.0,Regular,Groceries,Upi,30564.31,18.74,1752,0.3191489361702128,0.02682648401826484,0.6379310344827587,0.2127659574468085,0
5058,36.0,New,Electronics,Net Banking,3544.18,24.97,321,0.6086956521739131,0.14330218068535824,0.5272108843537415,0.43478260869565216,0
5059,44.0,Premium,Sports,Debit Card,15720.04,45.37,99,0.25,0.2828282828282828,0.06358381502890173,0.35714285714285715,0
5060,18.0,New,Electronics,Net Banking,23280.61,18.17,1594,1.0,0.0056461731493099125,3.935483870967742,1.4444444444444444,0
5061,62.0,Inactive,Clothing,Net Banking,34748.05,44.86,802,0.42857142857142855,0.043640897755610975,1.1607142857142858,0.3142857142857143,0
5062,59.0,Premium,Groceries,Credit Card,44598.87,3.52,81,0.0,0.41975308641975306,6.4,0.29411764705882354,0
5063,43.0,Regular,Groceries,Credit Card,44288.73,17.32,1804,0.29411764705882354,0.018847006651884702,0.1952054794520548,0.5294117647058824,0
5064,34.0,Regular,Groceries,Net Banking,17266.56,10.61,1289,0.8214285714285714,0.021722265321955005,0.3787878787878788,0.32142857142857145,0
5065,37.0,Premium,Clothing,Upi,40183.98,28.59,1185,0.7,0.03375527426160337,0.875,0.05,0
5066,56.0,Regular,Electronics,Net Banking,27805.79,15.84,57,0.0625,0.2807017543859649,0.2809364548494983,1.125,1
5067,40.0,Inactive,Groceries,Credit Card,3725.69,41.97,1684,0.8913043478260869,0.027315914489311165,0.9906542056074766,0.06521739130434782,0
5068,26.0,New,Clothing,Credit Card,35394.15,25.12,1436,0.3333333333333333,0.0020891364902506965,0.29310344827586204,4.666666666666667,0
5069,42.0,Inactive,Clothing,Cash,7690.64,13.77,1263,0.9705882352941176,0.026920031670625493,2.0588235294117645,0.4117647058823529,0
5070,66.0,Inactive,Groceries,Net Banking,25513.03,48.09,617,0.2222222222222222,0.014586709886547812,0.01652892561983471,2.2222222222222223,0
5071,21.0,Premium,Electronics,Cash,18279.1,16.02,226,0.18181818181818182,0.14601769911504425,5.333333333333333,0.18181818181818182,0
5072,27.0,Premium,Clothing,Debit Card,25545.48,17.69,1285,0.4444444444444444,0.03501945525291829,0.5387453874538746,0.28888888888888886,0
5073,53.0,New,Clothing,Debit Card,48085.88,29.71,970,0.6111111111111112,0.018556701030927835,1.1290322580645162,0.7222222222222222,0
5074,22.0,New,Sports,Net Banking,34522.99,18.64,105,1.0,0.0380952380952381,0.45038167938931295,2.25,0
5075,39.0,New,Electronics,Cash,1858.72,39.29,1358,0.0,0.011045655375552283,3.84,0.8,0
5076,37.0,Inactive,Groceries,Credit Card,18355.21,42.95,884,0.7142857142857143,0.007918552036199095,2.816901408450704,1.0,0
5077,43.0,New,Groceries,Net Banking,42398.79,41.5,1776,0.0,0.0022522522522522522,6.0,4.75,0
5078,41.0,New,Groceries,Debit Card,24492.66,44.57,1225,1.0,0.017959183673469388,1.1192660550458715,0.8181818181818182,0
5079,24.0,New,Clothing,Credit Card,23352.62,43.82,199,0.6666666666666666,0.07537688442211055,0.03618421052631579,0.4,1
5080,62.0,New,Books,Credit Card,29828.24,1.35,1595,0.5,0.0012539184952978057,0.4658119658119658,4.0,0
5081,67.0,Premium,Clothing,Credit Card,32789.61,8.42,297,0.8409090909090909,0.14814814814814814,0.38461538461538464,0.45454545454545453,0
5082,45.0,Inactive,Electronics,Debit Card,24505.59,9.61,45,0.4375,0.35555555555555557,0.4382716049382716,0.1875,0
5083,57.0,Regular,Electronics,Debit Card,18814.74,8.12,820,0.35294117647058826,0.020731707317073172,0.5436507936507936,0.0,0
5084,31.0,Premium,Furniture,Net Banking,13581.33,7.67,834,0.41379310344827586,0.03477218225419664,0.5721925133689839,0.3448275862068966,0
5085,44.0,Premium,Sports,Net Banking,47942.68,46.01,1209,0.5348837209302325,0.03556658395368073,0.42857142857142855,0.023255813953488372,0
5086,60.0,Regular,Furniture,Debit Card,16717.5,41.61,1432,0.5,0.00558659217877095,0.8571428571428571,1.25,0
5087,52.0,New,Furniture,Cash,28210.97,2.47,1512,0.5714285714285714,0.004629629629629629,0.47368421052631576,2.7142857142857144,0
5088,24.0,New,Furniture,Upi,17703.88,37.88,862,0.5,0.009280742459396751,0.09230769230769231,1.125,1
5089,23.0,Regular,Electronics,Credit Card,5113.56,0.19,840,0.8666666666666667,0.03571428571428571,0.44976076555023925,0.43333333333333335,0
5090,43.0,New,Furniture,Cash,14879.48,39.19,1432,1.0,0.01675977653631285,0.25146198830409355,0.2916666666666667,1
5091,43.0,New,Books,Credit Card,21565.19,18.03,1387,0.0625,0.023071377072819033,0.2861635220125786,0.59375,0
5092,32.0,Regular,Books,Upi,12033.09,40.11,908,0.2222222222222222,0.009911894273127754,2.0754716981132075,0.5555555555555556,0
5093,35.0,Regular,Furniture,Net Banking,5832.01,32.41,1088,0.23809523809523808,0.03860294117647059,1.6,0.2857142857142857,0
5094,32.0,Regular,Sports,Credit Card,27106.07,2.99,1378,0.2727272727272727,0.015965166908563134,1.0052083333333333,0.2727272727272727,0
5095,41.0,Inactive,Clothing,Credit Card,34039.04,9.85,365,0.6,0.0136986301369863,0.13574660633484162,0.6,1
5096,49.0,Regular,Groceries,Credit Card,15206.66,22.81,494,0.15384615384615385,0.02631578947368421,0.16891891891891891,1.0769230769230769,1
5097,67.0,New,Books,Upi,4269.08,34.95,1099,0.2,0.022747952684258416,0.6842105263157895,0.2,0
5098,52.0,Inactive,Furniture,Debit Card,33245.62,6.01,60,0.8333333333333334,0.3,0.556923076923077,0.5555555555555556,0
5099,51.0,Regular,Groceries,Cash,1866.71,22.58,889,1.0,0.020247469066366704,0.3929712460063898,0.2222222222222222,0
5100,24.0,Regular,Groceries,Debit Card,22244.76,29.49,1547,0.7272727272727273,0.014221073044602456,3.413793103448276,0.13636363636363635,0
5101,36.0,Premium,Groceries,Credit Card,4773.33,1.88,1228,0.625,0.006514657980456026,0.41358024691358025,1.25,0
5102,60.0,Regular,Electronics,Debit Card,46133.5,25.69,42,0.7083333333333334,0.5714285714285714,0.2747747747747748,0.375,1
5103,22.0,Premium,Sports,Credit Card,2873.75,41.6,653,0.6551724137931034,0.0444104134762634,0.28654970760233917,0.27586206896551724,0
5104,37.0,Regular,Clothing,Upi,34610.21,17.48,1285,0.71875,0.024902723735408562,0.06521739130434782,0.09375,0
5105,24.0,New,Sports,Debit Card,19290.17,47.26,1003,0.42857142857142855,0.006979062811565304,2.25,2.142857142857143,0
5106,45.0,Regular,Electronics,Credit Card,31145.06,10.08,61,0.6808510638297872,0.7704918032786885,4.378378378378378,0.3191489361702128,0
5107,57.0,New,Electronics,Debit Card,19029.77,32.12,1223,0.16216216216216217,0.03025347506132461,0.228486646884273,0.2972972972972973,0
5108,40.0,Regular,Furniture,Upi,32749.6,16.34,1154,0.28888888888888886,0.0389948006932409,1.4329896907216495,0.3333333333333333,0
5109,20.0,Premium,Furniture,Debit Card,21603.81,3.89,1095,0.3076923076923077,0.023744292237442923,0.04905660377358491,0.6538461538461539,0
5110,51.0,New,Books,Cash,15891.23,7.0,77,0.34285714285714286,0.45454545454545453,0.7625,0.14285714285714285,0
5111,70.0,New,Electronics,Credit Card,36311.4,19.26,1387,0.35,0.014419610670511895,0.6821705426356589,0.0,0
5112,18.0,Inactive,Electronics,Net Banking,18202.07,36.19,201,0.058823529411764705,0.0845771144278607,0.45375722543352603,1.1176470588235294,0
5113,50.0,Regular,Clothing,Credit Card,1912.05,24.65,370,0.75,0.010810810810810811,0.31958762886597936,1.0,1
5114,31.0,Regular,Books,Upi,30848.87,16.2,121,0.7142857142857143,0.23140495867768596,0.4,0.14285714285714285,0
5115,39.0,Premium,Clothing,Cash,12074.28,10.54,779,0.8,0.038510911424903725,0.589041095890411,0.43333333333333335,0
5116,34.0,Regular,Electronics,Debit Card,17526.89,10.46,1757,1.0,0.027888446215139442,0.41522491349480967,0.12244897959183673,0
5117,41.0,Regular,Sports,Credit Card,17662.65,30.73,1327,0.6046511627906976,0.03240391861341371,0.34080717488789236,0.09302325581395349,0
5118,42.0,Premium,Furniture,Credit Card,31296.56,22.92,559,0.5555555555555556,0.06440071556350627,0.275,0.0,0
5119,59.0,Premium,Books,Debit Card,14902.54,39.56,919,0.88,0.02720348204570185,0.5064102564102564,0.08,0
5120,41.0,Regular,Sports,Credit Card,48686.33,48.9,906,0.5,0.004415011037527594,2.2098765432098766,2.75,0
5121,20.0,New,Electronics,Debit Card,37747.5,28.76,447,0.9428571428571428,0.07829977628635347,0.4574468085106383,0.17142857142857143,0
5122,41.0,Inactive,Furniture,Cash,27119.76,29.85,372,0.6153846153846154,0.03494623655913978,0.2619047619047619,0.8461538461538461,1
5123,27.0,Premium,Sports,Net Banking,14297.16,24.31,757,0.9032258064516129,0.04095112285336856,1.6813186813186813,0.25806451612903225,0
5124,43.0,Regular,Electronics,Upi,25988.21,38.85,922,0.9090909090909091,0.01193058568329718,0.6577946768060836,1.7272727272727273,0
5125,30.0,Regular,Groceries,Credit Card,20688.14,17.35,190,0.15625,0.16842105263157894,0.06437768240343347,0.1875,0
5126,28.0,Inactive,Electronics,Debit Card,11612.73,38.01,1342,0.6875,0.011922503725782414,0.37047353760445684,0.9375,0
5127,67.0,Premium,Electronics,Debit Card,14718.55,25.57,1184,0.7,0.016891891891891893,0.43023255813953487,0.5,0
5128,50.0,Inactive,Clothing,Credit Card,25545.48,26.02,791,0.575,0.05056890012642225,1.3980582524271845,0.1,0
5129,36.0,Premium,Furniture,Credit Card,46942.59,34.46,1033,0.38461538461538464,0.012584704743465635,0.25862068965517243,0.15384615384615385,0
5130,30.0,New,Groceries,Cash,47046.16,21.63,1687,1.0,0.0011855364552459987,0.6813186813186813,9.0,0
5131,63.0,Regular,Groceries,Net Banking,48143.05,23.79,125,0.0,0.056,0.6484848484848484,0.42857142857142855,0
5132,60.0,Premium,Books,Cash,41053.01,8.12,722,0.21428571428571427,0.019390581717451522,3.4716981132075473,0.2857142857142857,0
5133,41.0,Premium,Electronics,Debit Card,30017.44,11.22,232,0.4074074074074074,0.11637931034482758,0.40816326530612246,0.6296296296296297,0
5134,34.0,Premium,Groceries,Upi,31581.5,20.62,445,0.5333333333333333,0.033707865168539325,0.45454545454545453,0.6,0
5135,48.0,Regular,Sports,Net Banking,13700.26,6.23,1157,1.0,0.0025929127052722557,0.3186119873817035,5.0,1
5136,44.0,Premium,Sports,Net Banking,32123.93,38.08,641,0.0,0.0405616224648986,1.0384615384615385,0.19230769230769232,0
5137,29.0,Premium,Sports,Credit Card,19965.59,16.88,455,0.9772727272727273,0.0967032967032967,0.7753623188405797,0.4318181818181818,0
5138,30.0,Inactive,Sports,Net Banking,4784.44,43.82,536,0.6923076923076923,0.024253731343283583,0.6514285714285715,0.15384615384615385,0
5139,29.0,New,Electronics,Cash,15017.5,16.93,1623,0.5652173913043478,0.014171287738755391,0.6180257510729614,0.6521739130434783,0
5140,28.0,Premium,Electronics,Cash,16821.74,14.21,1283,0.0,0.010911925175370226,0.4322766570605187,0.5,0
5141,66.0,New,Furniture,Upi,48921.8,29.99,1044,0.8974358974358975,0.03735632183908046,0.020833333333333332,0.38461538461538464,0
5142,54.0,Inactive,Furniture,Cash,28527.41,33.39,1193,0.1794871794871795,0.03269069572506287,2.607142857142857,0.5128205128205128,0
5143,36.0,Inactive,Groceries,Credit Card,19744.43,8.67,320,0.0,0.05625,0.0650887573964497,1.0555555555555556,1
5144,36.0,Regular,Groceries,Net Banking,24974.78,45.64,461,0.375,0.01735357917570499,0.7303370786516854,1.5,0
5145,39.0,Regular,Electronics,Upi,2195.9,25.23,1057,0.8387096774193549,0.0293282876064333,0.5098684210526315,0.3870967741935484,0
5146,45.0,Regular,Books,Credit Card,41749.82,13.43,151,0.2857142857142857,0.23178807947019867,0.6388888888888888,0.34285714285714286,0
5147,63.0,Regular,Books,Upi,4669.36,35.04,1533,0.7959183673469388,0.0319634703196347,0.9153846153846154,0.12244897959183673,0
5148,41.0,Regular,Electronics,Cash,17325.7,21.95,142,0.0,0.014084507042253521,5.0,0.5,0
5149,60.0,New,Groceries,Net Banking,21010.34,27.86,814,0.5675675675675675,0.045454545454545456,0.43343653250773995,0.4864864864864865,0
5150,57.0,Inactive,Clothing,Debit Card,43448.66,14.97,1191,0.13636363636363635,0.018471872376154493,0.32061068702290074,0.2727272727272727,0
5151,35.0,Premium,Sports,Credit Card,8856.73,35.36,1346,0.8571428571428571,0.005200594353640416,0.39501779359430605,0.14285714285714285,0
5152,66.0,Inactive,Furniture,Upi,27802.04,34.11,284,0.14285714285714285,0.02464788732394366,6.72,2.5714285714285716,0
5153,69.0,Premium,Clothing,Cash,18234.52,2.98,575,0.0,0.0017391304347826088,0.0223463687150838,2.0,0
5154,48.0,Premium,Furniture,Credit Card,20376.2,10.96,1676,0.24444444444444444,0.02684964200477327,0.30985915492957744,0.044444444444444446,0
5155,44.0,New,Electronics,Upi,34758.44,34.47,463,0.42857142857142855,0.04535637149028078,0.41225626740947074,0.23809523809523808,0
5156,56.0,Premium,Books,Credit Card,6761.41,1.31,782,0.42105263157894735,0.024296675191815855,2.7209302325581395,0.47368421052631576,0
5157,61.0,Inactive,Sports,Cash,41215.03,40.26,410,0.4666666666666667,0.10975609756097561,0.6634146341463415,0.4444444444444444,0
5158,46.0,New,Books,Credit Card,1448.46,4.89,658,0.16666666666666666,0.0182370820668693,0.4246987951807229,0.25,0
5159,68.0,New,Electronics,Credit Card,44244.23,38.97,360,0.8823529411764706,0.04722222222222222,0.04,1.1176470588235294,1
5160,18.0,Inactive,Sports,Credit Card,30566.06,33.7,990,0.0,0.00101010101010101,0.14130434782608695,10.0,1
5161,39.0,Regular,Electronics,Cash,3216.34,33.54,1000,0.5172413793103449,0.029,0.29444444444444445,0.2413793103448276,0
5162,18.0,New,Electronics,Credit Card,44956.97,11.78,1604,0.7,0.012468827930174564,0.3617886178861789,0.85,1
5163,41.0,New,Electronics,Credit Card,7348.68,34.23,45,0.4375,0.7111111111111111,0.35542168674698793,0.21875,0
5164,30.0,Regular,Groceries,Debit Card,45680.05,20.79,513,0.10810810810810811,0.07212475633528265,0.8596491228070176,0.21621621621621623,0
5165,22.0,Regular,Electronics,Credit Card,21020.9,11.34,874,0.2564102564102564,0.04462242562929062,0.9328859060402684,0.23076923076923078,0
5166,59.0,Regular,Electronics,Cash,15480.34,10.61,1367,0.25,0.01755669348939283,0.5197368421052632,0.0,0
5167,37.0,Premium,Clothing,Net Banking,18111.26,19.05,210,0.6,0.023809523809523808,0.2897727272727273,2.4,0
5168,31.0,Regular,Groceries,Net Banking,10189.66,4.17,1575,0.2391304347826087,0.029206349206349208,0.5419354838709678,0.10869565217391304,0
5169,58.0,Regular,Electronics,Cash,34503.53,41.54,945,0.23809523809523808,0.022222222222222223,0.6450381679389313,0.47619047619047616,0
5170,66.0,Regular,Sports,Debit Card,30006.41,20.32,1343,1.0,0.012658227848101266,0.52,0.5882352941176471,0
5171,32.0,Premium,Electronics,Upi,30567.49,0.01,620,0.0,0.06935483870967742,0.2857142857142857,0.20930232558139536,0
5172,23.0,Regular,Sports,Net Banking,32212.73,16.17,1060,0.3333333333333333,0.045283018867924525,1.9047619047619047,0.1875,0
5173,31.0,New,Groceries,Cash,5799.04,9.84,581,0.0,0.0017211703958691911,0.6392156862745098,0.0,0
5174,54.0,Regular,Electronics,Upi,33950.19,6.27,639,0.0,0.003129890453834116,0.5193548387096775,6.0,0
5175,28.0,Premium,Sports,Debit Card,9781.12,43.69,823,0.4,0.006075334143377886,1.3134328358208955,2.0,0
5176,49.0,New,Sports,Net Banking,24312.53,47.81,1319,0.48,0.03790750568612585,0.6869918699186992,0.18,0
5177,29.0,Inactive,Furniture,Debit Card,35608.17,0.24,301,0.2222222222222222,0.08970099667774087,3.847826086956522,0.25925925925925924,0
5178,49.0,New,Electronics,Cash,41578.15,0.06,1190,0.14285714285714285,0.0058823529411764705,0.3252279635258359,2.142857142857143,0
5179,42.0,Regular,Books,Net Banking,14514.25,4.7,756,0.48717948717948717,0.051587301587301584,0.3285198555956679,0.07692307692307693,0
5180,45.0,New,Sports,Credit Card,39912.78,27.24,1707,1.0,0.0017574692442882249,0.2809364548494983,1.3333333333333333,1
5181,44.0,Premium,Books,Debit Card,48549.23,22.92,1624,0.09090909090909091,0.0067733990147783255,1.1304347826086956,1.0909090909090908,0
5182,23.0,Inactive,Groceries,Credit Card,3961.78,46.78,1528,0.24,0.016361256544502618,0.13968253968253969,0.76,1
5183,39.0,New,Furniture,Debit Card,45599.49,25.23,142,0.0,0.02112676056338028,4.739130434782608,6.0,0
5184,70.0,Regular,Sports,Credit Card,47807.55,36.84,990,0.0625,0.048484848484848485,0.5675675675675675,0.10416666666666667,0
5185,31.0,Inactive,Electronics,Credit Card,43726.74,31.27,1451,0.6666666666666666,0.010337698139214336,2.424731182795699,1.2,0
5186,61.0,Inactive,Sports,Debit Card,49086.8,1.76,526,0.0,0.019011406844106463,0.4810126582278481,0.6,0
5187,41.0,Premium,Clothing,Debit Card,29029.06,30.86,1313,0.2,0.011424219345011425,0.09782608695652174,0.2,1
5188,66.0,New,Books,Credit Card,23744.96,39.77,929,0.7916666666666666,0.05166846071044134,0.6115107913669064,0.2916666666666667,0
5189,53.0,New,Groceries,Credit Card,41170.45,12.29,296,0.5142857142857142,0.11824324324324324,40.75,0.4857142857142857,0
5190,55.0,New,Groceries,Debit Card,15577.21,34.31,435,1.0,0.016091954022988506,0.3716475095785441,1.4285714285714286,1
5191,19.0,Premium,Books,Debit Card,19415.14,3.23,1687,1.0,0.0011855364552459987,0.5014409221902018,8.5,0
5192,54.0,Inactive,Furniture,Debit Card,22232.62,2.52,50,0.08888888888888889,0.9,0.43564356435643564,0.044444444444444446,0
5193,66.0,New,Clothing,Credit Card,46143.51,10.92,1465,0.1875,0.010921501706484642,1.2096774193548387,0.125,0
5194,58.0,Inactive,Groceries,Cash,44694.75,1.06,725,0.5,0.022068965517241378,0.005780346820809248,0.875,0
5195,21.0,Regular,Clothing,Cash,22330.38,41.29,42,0.7272727272727273,0.2619047619047619,0.1419141914191419,1.6363636363636365,1
5196,27.0,Regular,Sports,Cash,38228.27,5.57,866,0.35294117647058826,0.019630484988452657,0.10952380952380952,0.7058823529411765,1
5197,69.0,Regular,Books,Debit Card,26221.46,26.31,301,0.75,0.013289036544850499,0.17647058823529413,5.0,0
5198,33.0,Premium,Clothing,Credit Card,1190.4,45.01,527,0.125,0.06072106261859583,0.7560975609756098,0.28125,0
5199,48.0,Premium,Electronics,Upi,42724.81,16.73,1660,0.14814814814814814,0.016265060240963854,0.2318840579710145,0.37037037037037035,0
5200,52.0,New,Groceries,Credit Card,40222.49,11.71,872,1.0,0.006880733944954129,0.525691699604743,0.3333333333333333,0
5201,36.0,New,Groceries,Credit Card,14097.61,23.94,1619,0.09090909090909091,0.02038295243977764,0.4489795918367347,0.5757575757575758,0
5202,21.0,Inactive,Sports,Net Banking,47025.14,26.07,782,0.14285714285714285,0.008951406649616368,0.2543352601156069,0.42857142857142855,1
5203,51.0,Premium,Books,Upi,5140.64,19.2,1328,0.25,0.0030120481927710845,0.7205882352941176,2.75,0
5204,68.0,New,Furniture,Credit Card,25757.32,0.74,1449,0.09090909090909091,0.00759144237405107,0.09352517985611511,1.5454545454545454,0
5205,33.0,New,Clothing,Credit Card,20255.9,40.85,843,0.5,0.0071174377224199285,0.06403940886699508,0.6666666666666666,1
5206,53.0,Premium,Groceries,Credit Card,44857.76,27.74,1146,0.8529411764705882,0.029668411867364748,0.851063829787234,0.47058823529411764,0
5207,22.0,New,Clothing,Cash,25183.04,44.91,1705,0.0,0.011730205278592375,3.75,0.1,0
5208,66.0,New,Clothing,Debit Card,49497.99,27.74,262,0.0,0.003816793893129771,1.4,5.0,0
5209,63.0,Regular,Books,Credit Card,9048.61,31.45,591,0.42424242424242425,0.05583756345177665,3.9583333333333335,0.2727272727272727,0
5210,66.0,Regular,Groceries,Upi,23489.9,31.34,482,0.972972972972973,0.07676348547717843,0.25,0.2702702702702703,0
5211,37.0,Premium,Books,Debit Card,46524.48,29.54,596,0.0,0.003355704697986577,0.627906976744186,9.5,0
5212,41.0,Premium,Clothing,Debit Card,31113.58,4.46,83,0.0,0.08433734939759036,1.1333333333333333,2.857142857142857,0
5213,46.0,New,Electronics,Upi,705.67,35.14,666,0.5483870967741935,0.046546546546546545,1.8181818181818181,0.3870967741935484,0
5214,68.0,Inactive,Electronics,Debit Card,48706.93,46.56,1603,0.7857142857142857,0.026200873362445413,0.4701492537313433,0.09523809523809523,0
5215,51.0,New,Electronics,Debit Card,19767.09,19.66,144,0.45714285714285713,0.24305555555555555,0.8055555555555556,0.22857142857142856,0
5216,38.0,New,Electronics,Debit Card,25173.97,23.06,1361,0.65,0.014695077149155033,1.3255813953488371,0.9,0
5217,43.0,Premium,Sports,Credit Card,4181.84,0.38,1007,0.47368421052631576,0.03773584905660377,0.20648967551622419,0.47368421052631576,0
5218,65.0,Regular,Electronics,Upi,1914.59,21.94,527,0.825,0.07590132827324478,0.27932960893854747,0.325,0
5219,70.0,Premium,Electronics,Net Banking,27504.48,18.15,542,0.4888888888888889,0.08302583025830258,0.519298245614035,0.13333333333333333,0
5220,64.0,Regular,Groceries,Upi,39061.12,46.41,680,0.3333333333333333,0.004411764705882353,0.32865168539325845,0.6666666666666666,0
5221,42.0,New,Books,Net Banking,14273.97,34.03,224,0.5777777777777777,0.20089285714285715,0.6296296296296297,0.26666666666666666,0
5222,39.0,Premium,Electronics,Upi,7447.24,46.86,1312,0.0,0.006097560975609756,2.7,2.0,0
5223,44.0,Regular,Books,Upi,28699.08,24.53,1507,0.20833333333333334,0.015925680159256803,0.15894039735099338,0.5416666666666666,1
5224,39.0,Regular,Groceries,Cash,4369.97,1.41,1664,0.4074074074074074,0.01622596153846154,0.16712328767123288,0.2222222222222222,0
5225,58.0,Inactive,Clothing,Debit Card,2834.94,25.79,1569,0.9428571428571428,0.022307202039515615,3.823529411764706,0.37142857142857144,0
5226,18.0,Regular,Clothing,Debit Card,8472.04,30.15,297,0.5,0.03367003367003367,0.3724340175953079,1.7,0
5227,70.0,Premium,Electronics,Cash,12401.87,45.05,58,0.0,0.7931034482758621,0.5197132616487455,0.13043478260869565,0
5228,35.0,Premium,Clothing,Credit Card,46649.08,43.75,652,0.03125,0.049079754601226995,0.8022598870056498,0.28125,0
5229,20.0,New,Groceries,Cash,520.03,41.7,1544,0.041666666666666664,0.031088082901554404,0.6103896103896104,0.3125,0
5230,70.0,Inactive,Groceries,Credit Card,3287.16,34.11,585,0.9,0.06837606837606838,0.7974683544303798,0.475,0
5231,43.0,New,Furniture,Upi,38998.18,38.14,576,0.8,0.008680555555555556,2.293103448275862,1.2,0
5232,51.0,Regular,Groceries,Upi,20724.18,45.47,941,0.3333333333333333,0.009564293304994687,0.09859154929577464,1.4444444444444444,1
5233,60.0,Premium,Groceries,Debit Card,23155.85,9.26,1408,0.9782608695652174,0.032670454545454544,0.8720379146919431,0.391304347826087,0
5234,68.0,New,Furniture,Net Banking,18197.02,13.6,1144,1.0,0.006118881118881119,0.5848375451263538,2.7142857142857144,0
5235,64.0,Inactive,Sports,Credit Card,5266.32,6.91,770,0.8823529411764706,0.02207792207792208,0.25,0.8235294117647058,0
5236,20.0,New,Groceries,Net Banking,2526.58,21.5,1551,0.09090909090909091,0.014184397163120567,0.5588235294117647,0.7727272727272727,0
5237,69.0,New,Sports,Cash,22374.24,48.05,261,0.28,0.09578544061302682,0.037037037037037035,0.12,1
5238,54.0,New,Groceries,Credit Card,22192.78,13.92,523,0.0,0.0076481835564053535,1.8333333333333333,1.25,0
5239,35.0,Regular,Clothing,Credit Card,49252.06,37.36,629,0.5277777777777778,0.057233704292527825,0.6071428571428571,0.05555555555555555,0
5240,42.0,Regular,Groceries,Upi,22154.52,36.38,1388,0.37142857142857144,0.02521613832853026,0.6141304347826086,0.14285714285714285,0
5241,28.0,Regular,Clothing,Debit Card,25326.76,28.52,842,0.5,0.004750593824228029,0.6370967741935484,2.5,0
5242,59.0,Regular,Books,Debit Card,48227.76,8.93,1261,0.625,0.012688342585249802,5.818181818181818,0.0625,0
5243,42.0,New,Electronics,Cash,23294.55,35.9,1300,0.0,0.024615384615384615,0.15463917525773196,0.46875,0
5244,22.0,Inactive,Sports,Upi,32774.29,42.18,169,0.6829268292682927,0.24260355029585798,0.2801556420233463,0.2926829268292683,0
5245,47.0,Inactive,Furniture,Credit Card,6346.06,37.62,682,0.5,0.03519061583577713,1.6486486486486487,0.4583333333333333,0
5246,48.0,Premium,Electronics,Credit Card,48975.29,36.31,739,1.0,0.005412719891745603,0.029508196721311476,1.0,1
5247,47.0,Regular,Groceries,Upi,25545.48,2.74,903,0.0,0.0022148394241417496,0.5833333333333334,4.0,0
5248,67.0,Inactive,Clothing,Upi,47283.01,18.72,346,0.6666666666666666,0.008670520231213872,0.1782608695652174,5.0,1
5249,69.0,Premium,Electronics,Upi,22824.58,27.03,427,0.0,0.01873536299765808,1.565217391304348,0.75,0
5250,47.0,Premium,Sports,Credit Card,32282.43,35.44,39,0.9333333333333333,0.38461538461538464,0.5277777777777778,0.0,0
5251,60.0,Premium,Sports,Net Banking,26210.97,30.39,778,0.7777777777777778,0.02313624678663239,0.8082191780821918,1.1111111111111112,0
5252,44.0,New,Furniture,Debit Card,46808.23,19.4,269,0.2777777777777778,0.06691449814126393,0.3,0.3333333333333333,1
5253,66.0,New,Clothing,Net Banking,21219.24,48.85,933,0.0,0.010718113612004287,0.42258064516129035,1.7,0
5254,40.0,Inactive,Clothing,Upi,39761.92,26.48,837,0.6071428571428571,0.03345280764635603,0.553314121037464,0.5,0
5255,70.0,Regular,Electronics,Debit Card,34928.79,8.97,820,0.3,0.06097560975609756,1.619718309859155,0.36,0
5256,52.0,Inactive,Furniture,Cash,28194.9,18.16,1097,0.2558139534883721,0.03919781221513218,0.43414634146341463,0.09302325581395349,0
5257,49.0,Regular,Electronics,Credit Card,27763.01,24.03,590,0.8333333333333334,0.010169491525423728,0.3069306930693069,1.3333333333333333,1
5258,36.0,New,Sports,Cash,22345.3,22.25,1506,0.875,0.021248339973439574,0.9569377990430622,0.1875,0
5259,22.0,Regular,Electronics,Credit Card,27075.65,42.63,1821,0.7647058823529411,0.018671059857221308,1.391304347826087,0.4411764705882353,0
5260,44.0,New,Books,Upi,33658.91,21.9,1435,0.0,0.023693379790940768,1.289655172413793,0.14705882352941177,0
5261,62.0,Inactive,Books,Upi,23797.93,48.4,458,0.09523809523809523,0.04585152838427948,0.21739130434782608,0.19047619047619047,1
5262,34.0,Regular,Electronics,Credit Card,36200.91,42.88,160,0.14285714285714285,0.21875,1.5084745762711864,0.2,0
5263,36.0,Inactive,Books,Cash,35758.49,6.27,126,1.0,0.11904761904761904,0.40822784810126583,1.3333333333333333,0
5264,52.0,Inactive,Furniture,Upi,16088.85,5.4,1684,0.9285714285714286,0.0166270783847981,0.19817073170731708,0.4642857142857143,0
5265,21.0,New,Electronics,Credit Card,37029.33,28.33,1698,0.04,0.02944640753828033,0.3396825396825397,0.28,0
5266,62.0,Regular,Sports,Upi,9606.86,15.41,345,0.45454545454545453,0.03188405797101449,0.9855072463768116,1.0909090909090908,0
5267,62.0,New,Furniture,Net Banking,48316.87,48.4,518,0.41379310344827586,0.055984555984555984,0.8118811881188119,0.10344827586206896,0
5268,26.0,Premium,Electronics,Credit Card,35971.75,4.13,323,0.03333333333333333,0.09287925696594428,0.0626865671641791,0.5333333333333333,0
5269,23.0,Inactive,Furniture,Upi,2077.8,38.24,767,0.5,0.005215123859191656,0.24087591240875914,3.5,1
5270,46.0,Regular,Clothing,Debit Card,32437.07,7.48,290,0.09090909090909091,0.15172413793103448,0.6344086021505376,0.4318181818181818,0
5271,60.0,New,Books,Upi,12431.73,19.51,1233,0.36585365853658536,0.0332522303325223,1.1851851851851851,0.3902439024390244,0
5272,50.0,New,Clothing,Net Banking,30220.93,40.65,676,0.72,0.03698224852071006,0.20784313725490197,0.16,1
5273,44.0,Regular,Groceries,Credit Card,23972.21,45.04,561,1.0,0.017825311942959002,1.2244897959183674,0.1,0
5274,37.0,Inactive,Furniture,Upi,17710.78,27.09,847,0.05555555555555555,0.021251475796930343,0.5904761904761905,0.0,0
5275,70.0,Inactive,Clothing,Upi,26460.67,48.68,1505,0.3,0.019933554817275746,0.17757009345794392,0.43333333333333335,0
5276,39.0,New,Furniture,Debit Card,27892.79,8.87,198,0.631578947368421,0.1919191919191919,0.5,0.23684210526315788,0
5277,27.0,Inactive,Clothing,Debit Card,34522.93,2.14,1433,1.0,0.00628053035589672,1.3258426966292134,1.0,0
5278,54.0,Inactive,Furniture,Cash,34428.98,7.16,227,0.3333333333333333,0.02643171806167401,2.35,0.3333333333333333,0
5279,26.0,Regular,Electronics,Upi,19472.46,13.94,1400,0.7857142857142857,0.01,0.4491017964071856,0.21428571428571427,0
5280,39.0,Regular,Groceries,Credit Card,560.52,26.87,1288,1.0,0.0007763975155279503,0.5517241379310345,15.0,0
5281,21.0,Regular,Electronics,Net Banking,48217.11,21.55,1559,0.6363636363636364,0.007055805003207184,0.2540983606557377,0.8181818181818182,1
5282,36.0,Premium,Groceries,Debit Card,47779.05,44.03,188,0.6666666666666666,0.1595744680851064,0.6855345911949685,0.26666666666666666,0
5283,67.0,Regular,Electronics,Net Banking,49226.83,27.24,1494,0.21428571428571427,0.009370816599732263,0.2676470588235294,0.5714285714285714,1
5284,45.0,Regular,Electronics,Debit Card,18098.48,17.14,1590,0.5625,0.03018867924528302,0.2222222222222222,0.3958333333333333,0
5285,39.0,New,Electronics,Upi,13936.05,4.66,778,0.2222222222222222,0.011568123393316195,2.5,0.2222222222222222,0
5286,50.0,Inactive,Furniture,Credit Card,36904.69,8.42,577,0.6153846153846154,0.022530329289428077,0.05660377358490566,1.1538461538461537,0
5287,25.0,Regular,Groceries,Cash,33317.54,22.53,1526,1.0,0.001310615989515072,3.933333333333333,7.5,0
5288,64.0,Regular,Clothing,Net Banking,40996.82,15.02,172,0.8260869565217391,0.26744186046511625,0.34854771784232363,0.43478260869565216,0
5289,24.0,Premium,Groceries,Cash,34821.59,20.76,114,0.14285714285714285,0.4298245614035088,0.46296296296296297,0.12244897959183673,0
5290,44.0,Premium,Groceries,Upi,16206.01,36.26,1112,0.42105263157894735,0.0170863309352518,0.2727272727272727,0.9473684210526315,1
5291,36.0,New,Clothing,Net Banking,5427.52,0.63,1421,0.4782608695652174,0.03237156931738212,0.013605442176870748,0.13043478260869565,0
5292,40.0,New,Electronics,Net Banking,9925.01,9.37,1328,0.2,0.01882530120481928,0.37037037037037035,0.04,1
5293,22.0,New,Clothing,Net Banking,5966.94,0.33,1753,0.16666666666666666,0.0068454078722190535,1.165289256198347,1.1666666666666667,0
5294,53.0,New,Clothing,Credit Card,48805.01,46.69,805,0.5357142857142857,0.034782608695652174,0.2415902140672783,0.6428571428571429,0
5295,59.0,Inactive,Sports,Cash,630.75,36.7,1321,0.625,0.03028009084027252,0.09287925696594428,0.45,0
5296,70.0,Regular,Sports,Upi,49754.02,11.98,1644,0.8604651162790697,0.026155717761557177,0.17452830188679244,0.13953488372093023,0
5297,19.0,Premium,Electronics,Credit Card,44192.2,49.39,1130,0.0,0.007079646017699115,0.008264462809917356,0.125,1
5298,26.0,Premium,Electronics,Cash,12171.57,37.49,1501,0.30434782608695654,0.015323117921385743,6.318181818181818,0.782608695652174,0
5299,40.0,Premium,Furniture,Credit Card,26652.77,14.57,1800,0.1891891891891892,0.020555555555555556,0.09644670050761421,0.3783783783783784,0
5300,23.0,New,Books,Credit Card,9476.89,40.44,1027,0.17142857142857143,0.034079844206426485,0.8011049723756906,0.5428571428571428,0
5301,30.0,Premium,Books,Net Banking,21226.36,2.91,777,0.7692307692307693,0.03346203346203346,0.6376811594202898,0.6153846153846154,0
5302,47.0,Premium,Electronics,Upi,47433.41,9.84,138,0.8666666666666667,0.21739130434782608,0.027522935779816515,0.23333333333333334,0
5303,27.0,Regular,Electronics,Credit Card,41204.64,47.6,1444,0.9615384615384616,0.018005540166204988,2.923076923076923,0.5384615384615384,0
5304,62.0,Premium,Books,Upi,45786.94,33.05,643,0.5555555555555556,0.027993779160186624,0.7123287671232876,0.4444444444444444,0
5305,42.0,New,Groceries,Cash,20129.21,31.77,1784,0.43333333333333335,0.016816143497757848,0.5562130177514792,0.26666666666666666,0
5306,25.0,Premium,Sports,Net Banking,15598.14,0.87,568,0.3939393939393939,0.058098591549295774,25.571428571428573,0.09090909090909091,0
5307,30.0,New,Clothing,Debit Card,36717.33,0.86,399,0.34375,0.08020050125313283,0.2540983606557377,0.5,0
5308,27.0,Inactive,Sports,Debit Card,34645.32,11.16,1505,0.2571428571428571,0.023255813953488372,0.91324200913242,0.14285714285714285,0
5309,33.0,Regular,Electronics,Net Banking,17444.43,5.93,893,0.875,0.008958566629339306,0.41106719367588934,1.375,0
5310,70.0,Premium,Electronics,Net Banking,32748.81,1.79,810,0.15555555555555556,0.05555555555555555,0.8555555555555555,0.044444444444444446,0
5311,28.0,New,Furniture,Cash,12317.31,10.76,204,0.8571428571428571,0.24019607843137256,0.7358490566037735,0.32653061224489793,0
5312,36.0,Premium,Groceries,Cash,32286.23,19.45,748,0.5789473684210527,0.05080213903743316,0.19827586206896552,0.2631578947368421,0
5313,61.0,Premium,Sports,Debit Card,25417.07,18.53,254,0.0,0.007874015748031496,0.6781609195402298,5.0,0
5314,50.0,New,Electronics,Upi,24814.61,33.26,1127,0.3076923076923077,0.011535048802129548,0.2608695652173913,0.6153846153846154,1
5315,58.0,Premium,Electronics,Debit Card,10302.97,27.08,1776,1.0,0.02421171171171171,1.0317460317460319,0.2558139534883721,0
5316,24.0,Regular,Electronics,Credit Card,11675.63,47.55,992,0.05,0.04032258064516129,0.5763888888888888,0.35,0
5317,69.0,Regular,Clothing,Credit Card,33224.7,3.34,738,0.78125,0.04336043360433604,0.42857142857142855,0.1875,0
5318,36.0,New,Electronics,Upi,23912.59,11.65,367,0.16666666666666666,0.0326975476839237,0.031055900621118012,1.4166666666666667,1
5319,59.0,New,Groceries,Credit Card,42541.13,46.21,919,0.8518518518518519,0.029379760609358,0.50814332247557,0.7037037037037037,0
5320,62.0,Regular,Electronics,Upi,21965.97,41.04,1799,0.7272727272727273,0.018343524180100056,26.166666666666668,0.3333333333333333,0
5321,24.0,New,Electronics,Net Banking,29071.6,43.18,912,0.5555555555555556,0.039473684210526314,0.013812154696132596,0.4166666666666667,0
5322,37.0,Regular,Furniture,Credit Card,1606.87,24.65,566,0.375,0.028268551236749116,0.4434782608695652,0.75,0
5323,55.0,New,Sports,Cash,20699.1,28.94,1002,0.18421052631578946,0.03792415169660679,0.6641509433962264,0.3157894736842105,0
5324,38.0,New,Groceries,Debit Card,12891.79,15.86,1397,1.0,0.010021474588403722,1.0780141843971631,0.8571428571428571,0
5325,61.0,Premium,Electronics,Upi,40556.11,38.39,1112,0.37037037037037035,0.024280575539568347,0.5816326530612245,0.14814814814814814,0
5326,67.0,Premium,Electronics,Net Banking,40088.1,17.48,784,0.9230769230769231,0.016581632653061226,5.483870967741935,1.3076923076923077,0
5327,44.0,Regular,Sports,Debit Card,31046.73,35.95,624,0.5789473684210527,0.030448717948717948,6.190476190476191,0.8421052631578947,0
5328,53.0,Regular,Electronics,Net Banking,41772.67,45.15,1066,0.717948717948718,0.036585365853658534,0.8230088495575221,0.1282051282051282,0
5329,68.0,Regular,Electronics,Net Banking,29355.81,34.28,212,0.15625,0.1509433962264151,0.3711340206185567,0.5,0
5330,42.0,Premium,Groceries,Credit Card,33440.75,5.96,1036,0.1724137931034483,0.027992277992277992,0.6293103448275862,0.034482758620689655,0
5331,32.0,Premium,Groceries,Cash,16307.63,37.84,165,1.0,0.12121212121212122,0.208955223880597,0.75,0
5332,50.0,Inactive,Furniture,Credit Card,1389.55,3.11,1737,0.0,0.0005757052389176742,3.0,7.0,0
5333,61.0,Premium,Clothing,Cash,29644.03,12.76,1198,0.4166666666666667,0.03005008347245409,4.2,0.05555555555555555,0
5334,28.0,Regular,Sports,Net Banking,28149.35,36.33,331,0.7073170731707317,0.12386706948640483,3.725,0.0975609756097561,0
5335,35.0,Regular,Sports,Debit Card,35678.65,47.53,903,0.5517241379310345,0.03211517165005537,0.5843373493975904,0.06896551724137931,0
5336,53.0,Premium,Groceries,Cash,31945.63,37.22,1586,0.4666666666666667,0.02837326607818411,0.5247524752475248,0.26666666666666666,0
5337,46.0,New,Electronics,Credit Card,48153.52,5.21,1458,0.926829268292683,0.028120713305898493,0.45075757575757575,0.07317073170731707,0
5338,61.0,New,Books,Upi,11527.63,26.11,278,0.7333333333333333,0.0539568345323741,2.8088235294117645,0.8,0
5339,54.0,New,Sports,Upi,29242.18,27.17,1429,0.5,0.03498950314905528,0.9459459459459459,0.24,0
5340,57.0,Premium,Groceries,Cash,42367.98,42.2,84,0.5957446808510638,0.5595238095238095,2.308641975308642,0.2978723404255319,0
5341,61.0,Inactive,Groceries,Cash,39344.94,17.75,951,0.5111111111111111,0.0473186119873817,0.9078947368421053,0.28888888888888886,0
5342,46.0,Inactive,Groceries,Credit Card,21967.42,10.7,976,0.03125,0.03278688524590164,0.47214076246334313,0.5,0
5343,44.0,New,Furniture,Debit Card,10011.01,36.55,601,1.0,0.014975041597337771,0.25,0.7777777777777778,1
5344,47.0,Premium,Sports,Credit Card,9197.77,24.94,944,0.5957446808510638,0.04978813559322034,0.4046692607003891,0.2127659574468085,0
5345,33.0,Regular,Clothing,Debit Card,649.52,37.17,307,0.5384615384615384,0.08469055374592833,0.21621621621621623,0.07692307692307693,0
5346,22.0,Regular,Electronics,Cash,16947.36,39.91,1070,0.24390243902439024,0.038317757009345796,0.41260744985673353,0.43902439024390244,0
5347,51.0,Premium,Sports,Net Banking,33971.2,7.82,845,0.98,0.05917159763313609,0.26409495548961426,0.2,0
5348,57.0,Premium,Furniture,Cash,27105.24,24.91,1261,0.11764705882352941,0.02696272799365583,0.02564102564102564,0.4117647058823529,0
5349,68.0,New,Electronics,Debit Card,34406.93,32.46,631,0.23076923076923078,0.020602218700475437,1.0674157303370786,0.6923076923076923,0
5350,57.0,Inactive,Books,Net Banking,15858.95,42.5,1550,0.5625,0.02064516129032258,82.0,0.53125,0
5351,43.0,Premium,Electronics,Upi,25545.48,38.56,1727,0.8695652173913043,0.026635784597568036,1.0397350993377483,0.34782608695652173,0
5352,55.0,Regular,Clothing,Upi,21413.44,41.52,319,0.07692307692307693,0.04075235109717868,6.32,0.6153846153846154,0
5353,58.0,New,Electronics,Credit Card,1036.39,30.34,1490,0.05555555555555555,0.012080536912751677,1.7142857142857142,0.8333333333333334,0
5354,33.0,Premium,Groceries,Net Banking,21480.39,3.09,273,0.6153846153846154,0.09523809523809523,0.45821325648414984,0.07692307692307693,0
5355,47.0,Premium,Clothing,Credit Card,35932.7,28.61,1086,0.6818181818181818,0.020257826887661142,0.13355048859934854,0.045454545454545456,1
5356,56.0,Inactive,Electronics,Credit Card,9037.46,12.11,671,0.6,0.014903129657228018,0.5263157894736842,2.0,0
5357,20.0,Regular,Groceries,Net Banking,43468.18,31.7,1477,0.14285714285714285,0.004739336492890996,0.25102880658436216,1.2857142857142858,1
5358,34.0,Regular,Groceries,Upi,18528.61,16.38,1232,0.43478260869565216,0.018668831168831168,0.6808510638297872,0.2608695652173913,0
5359,22.0,Regular,Sports,Upi,4812.69,100.0,439,0.3,0.09111617312072894,0.2403846153846154,0.0,0
5360,32.0,New,Sports,Debit Card,25694.09,16.64,696,0.4,0.028735632183908046,4.107142857142857,0.45,0
5361,29.0,Inactive,Electronics,Net Banking,49139.56,4.38,70,0.4,0.07142857142857142,0.3191489361702128,2.4,1
5362,69.0,Inactive,Groceries,Cash,21636.65,40.41,232,0.8,0.1724137931034483,0.35344827586206895,0.375,0
5363,70.0,Regular,Electronics,Cash,39939.41,7.49,162,0.4,0.12345679012345678,0.9929577464788732,0.65,0
5364,61.0,Regular,Groceries,Debit Card,28751.66,33.43,110,1.0,0.01818181818181818,0.8910891089108911,1.0,0
5365,42.0,Inactive,Electronics,Credit Card,35700.55,31.85,963,0.3333333333333333,0.040498442367601244,0.45410628019323673,0.07692307692307693,0
5366,44.0,Premium,Clothing,Net Banking,32946.66,5.19,573,0.375,0.06980802792321117,1.2359550561797752,0.2,0
5367,66.0,Premium,Sports,Credit Card,28265.31,28.79,1270,0.575,0.031496062992125984,2.024390243902439,0.0,0
5368,24.0,Regular,Clothing,Upi,33968.98,47.11,1223,0.21621621621621623,0.03025347506132461,0.1863905325443787,0.32432432432432434,0
5369,32.0,New,Groceries,Debit Card,24735.08,39.27,1205,0.20833333333333334,0.01991701244813278,3.1228070175438596,0.7916666666666666,0
5370,44.0,Premium,Furniture,Debit Card,37327.33,38.65,1582,0.22,0.0316055625790139,3.5,0.26,0
5371,52.0,New,Clothing,Credit Card,31318.52,13.41,1040,0.8571428571428571,0.04038461538461539,1.7833333333333334,0.35714285714285715,0
5372,46.0,Premium,Sports,Credit Card,28867.84,0.39,1285,0.6521739130434783,0.0357976653696498,0.06918238993710692,0.06521739130434782,0
5373,27.0,Regular,Sports,Upi,28467.52,12.45,536,0.09523809523809523,0.03917910447761194,0.8611111111111112,0.2857142857142857,0
5374,40.0,Premium,Sports,Cash,27398.82,23.02,75,0.4489795918367347,0.6533333333333333,2.591549295774648,0.1836734693877551,0
5375,67.0,Premium,Furniture,Net Banking,5624.74,39.67,369,0.7647058823529411,0.04607046070460705,0.375366568914956,0.11764705882352941,0
5376,52.0,Premium,Electronics,Upi,32701.08,14.51,428,0.17142857142857143,0.08177570093457943,0.7121212121212122,0.14285714285714285,0
5377,42.0,Inactive,Groceries,Debit Card,10990.72,21.57,319,1.0,0.003134796238244514,0.22188449848024316,20.0,1
5378,63.0,Regular,Electronics,Upi,12983.93,42.8,1079,0.3333333333333333,0.008341056533827619,1.1262135922330097,1.8888888888888888,0
5379,65.0,Premium,Groceries,Debit Card,5649.37,17.12,1006,1.0,0.016898608349900597,1.9142857142857144,0.8823529411764706,0
5380,40.0,Regular,Clothing,Debit Card,14510.13,4.51,189,0.26666666666666666,0.15873015873015872,0.3669724770642202,0.2,0
5381,18.0,New,Furniture,Debit Card,33552.56,1.68,391,0.55,0.05115089514066496,0.2344632768361582,0.25,1
5382,55.0,Inactive,Electronics,Upi,15295.86,13.43,273,0.4444444444444444,0.06593406593406594,0.7028985507246377,0.3888888888888889,0
5383,54.0,Regular,Groceries,Debit Card,37797.88,32.6,1041,1.0,0.0009606147934678194,0.3741935483870968,15.0,0
5384,26.0,Premium,Sports,Credit Card,33605.85,1.38,242,0.5238095238095238,0.08677685950413223,0.4954545454545455,0.23809523809523808,0
5385,63.0,Premium,Electronics,Cash,15387.35,32.97,1803,0.5,0.0011092623405435386,0.4956521739130435,1.5,0
5386,36.0,New,Electronics,Credit Card,26140.68,29.22,1092,0.5789473684210527,0.0173992673992674,1.6417910447761195,0.15789473684210525,0
5387,66.0,Premium,Groceries,Credit Card,21536.39,6.68,73,0.6530612244897959,0.6712328767123288,5.333333333333333,0.02040816326530612,0
5388,64.0,Inactive,Furniture,Upi,29901.47,25.72,392,0.0,0.002551020408163265,0.46808510638297873,1.0,0
5389,58.0,Premium,Sports,Cash,40175.91,13.69,560,0.4782608695652174,0.08214285714285714,0.6891891891891891,0.43478260869565216,0
5390,49.0,Premium,Clothing,Credit Card,36622.92,24.49,373,1.0,0.010723860589812333,0.11409395973154363,4.5,1
5391,38.0,Premium,Electronics,Net Banking,45725.86,8.47,1201,0.5227272727272727,0.03663613655287261,0.46905537459283386,0.09090909090909091,0
5392,68.0,New,Furniture,Upi,16981.43,30.62,1647,0.3125,0.009714632665452338,0.19005847953216373,0.375,1
5393,20.0,Premium,Books,Credit Card,15332.64,27.55,55,0.9090909090909091,0.2,0.36036036036036034,1.3636363636363635,0
5394,32.0,New,Electronics,Debit Card,5737.16,17.36,810,0.28125,0.03950617283950617,0.7128205128205128,0.3125,0
5395,18.0,New,Furniture,Credit Card,18774.33,28.8,763,0.5263157894736842,0.04980340760157274,0.03757225433526012,0.4473684210526316,0
5396,23.0,Premium,Sports,Debit Card,21124.04,19.16,1213,0.8787878787878788,0.02720527617477329,0.25,0.5454545454545454,0
5397,35.0,Premium,Books,Net Banking,5944.01,49.62,1505,0.3103448275862069,0.019269102990033222,1.90625,0.41379310344827586,0
5398,49.0,New,Electronics,Credit Card,17523.77,33.66,677,0.13333333333333333,0.06646971935007386,0.5852941176470589,0.0,0
5399,56.0,New,Furniture,Cash,26296.34,10.19,1438,1.0,0.012517385257301807,1.5169491525423728,0.2222222222222222,0
5400,46.0,Inactive,Groceries,Cash,24766.8,16.76,1301,0.5121951219512195,0.03151421983089931,0.142433234421365,0.43902439024390244,0
5401,56.0,New,Electronics,Net Banking,15449.98,33.58,210,0.05263157894736842,0.18095238095238095,0.38095238095238093,0.02631578947368421,0
5402,56.0,Inactive,Sports,Upi,46093.13,11.61,1308,0.2916666666666667,0.03669724770642202,0.5876288659793815,0.25,0
5403,27.0,Inactive,Groceries,Upi,10498.76,0.55,686,0.08333333333333333,0.01749271137026239,1.1091954022988506,1.6666666666666667,0
5404,52.0,Inactive,Groceries,Debit Card,12756.36,46.47,1139,0.7777777777777778,0.02370500438981563,0.4940828402366864,0.2962962962962963,0
5405,47.0,New,Electronics,Cash,25545.48,7.29,1680,0.8,0.002976190476190476,0.48333333333333334,3.2,0
5406,39.0,Inactive,Sports,Credit Card,31386.09,36.26,1004,0.625,0.00796812749003984,0.42424242424242425,2.25,1
5407,31.0,New,Sports,Net Banking,21440.84,27.44,570,0.24,0.043859649122807015,0.40559440559440557,0.08,0
5408,19.0,Premium,Furniture,Net Banking,3375.61,5.85,367,0.42857142857142855,0.09536784741144415,0.03571428571428571,0.37142857142857144,0
5409,29.0,Regular,Clothing,Cash,19529.71,38.65,1082,0.09090909090909091,0.010166358595194085,0.6438356164383562,0.9090909090909091,0
5410,56.0,Premium,Sports,Cash,24612.37,32.7,260,0.7368421052631579,0.14615384615384616,0.49411764705882355,0.05263157894736842,0
5411,40.0,Regular,Groceries,Cash,28123.49,39.52,1491,0.6052631578947368,0.025486250838363516,0.16717325227963525,0.21052631578947367,0
5412,34.0,Inactive,Clothing,Cash,48746.14,14.18,172,0.0,0.011627906976744186,0.09285714285714286,8.0,0
5413,20.0,New,Furniture,Debit Card,20336.02,27.05,205,0.2857142857142857,0.1024390243902439,0.44660194174757284,0.2857142857142857,0
5414,43.0,Inactive,Books,Credit Card,19773.17,19.24,945,1.0,0.01164021164021164,21.77777777777778,0.6363636363636364,0
5415,40.0,Regular,Furniture,Credit Card,28560.67,32.77,153,0.8918918918918919,0.24183006535947713,0.3257918552036199,0.0,0
5416,42.0,Premium,Electronics,Cash,5675.59,31.19,362,0.5405405405405406,0.10220994475138122,0.1368421052631579,0.0,0
5417,19.0,New,Groceries,Net Banking,36354.0,14.47,430,0.7857142857142857,0.03255813953488372,0.65,0.7857142857142857,0
5418,56.0,Premium,Furniture,Cash,43451.78,36.54,533,0.3333333333333333,0.0450281425891182,0.9494949494949495,0.4166666666666667,0
5419,34.0,New,Electronics,Net Banking,38563.61,20.52,1315,0.0,0.0076045627376425855,0.4697508896797153,0.3,0
5420,69.0,New,Sports,Cash,33745.39,8.79,1700,0.04878048780487805,0.02411764705882353,3.6666666666666665,0.34146341463414637,0
5421,31.0,New,Sports,Credit Card,26499.45,23.21,699,0.9,0.0715307582260372,0.15207373271889402,0.14,0
5422,39.0,New,Electronics,Net Banking,32517.76,35.84,978,0.16666666666666666,0.006134969325153374,0.5235109717868338,0.5,0
5423,44.0,Regular,Books,Debit Card,27503.17,22.49,826,0.2857142857142857,0.00847457627118644,0.26744186046511625,1.2857142857142858,1
5424,47.0,Premium,Electronics,Upi,43556.03,47.14,1047,0.7647058823529411,0.01623686723973257,0.8813559322033898,0.8235294117647058,0
5425,23.0,Regular,Clothing,Cash,43788.37,27.25,830,0.1,0.024096385542168676,0.6460176991150443,0.55,0
5426,22.0,Inactive,Books,Cash,1382.97,42.25,73,0.025,0.547945205479452,0.5355029585798816,0.2,0
5427,39.0,Inactive,Clothing,Credit Card,42872.37,21.14,892,0.2,0.02242152466367713,0.5735735735735735,0.55,0
5428,40.0,New,Books,Upi,23109.23,38.8,829,0.725,0.04825090470446321,1.3392857142857142,0.025,0
5429,65.0,New,Groceries,Credit Card,8011.28,12.84,1745,0.3333333333333333,0.025787965616045846,0.30718954248366015,0.0,0
5430,67.0,New,Furniture,Credit Card,24944.62,20.22,598,0.15789473684210525,0.06354515050167224,0.8033707865168539,0.05263157894736842,0
5431,41.0,New,Groceries,Net Banking,12072.32,11.19,129,0.7222222222222222,0.27906976744186046,7.863636363636363,0.5277777777777778,0
5432,24.0,Premium,Electronics,Cash,6428.23,38.82,1353,0.9,0.022172949002217297,0.20657276995305165,0.2,0
5433,32.0,Premium,Groceries,Upi,4700.89,49.87,1064,1.0,0.0009398496240601503,0.1956521739130435,13.0,1
5434,22.0,Premium,Books,Credit Card,5380.12,16.77,198,0.9642857142857143,0.1414141414141414,0.26119402985074625,0.5,0
5435,60.0,Premium,Clothing,Credit Card,32482.53,42.39,694,0.0,0.018731988472622477,0.48787878787878786,0.07692307692307693,0
5436,61.0,Premium,Clothing,Net Banking,20253.3,36.71,1609,0.1276595744680851,0.029210689869484153,22.22222222222222,0.2978723404255319,0
5437,63.0,Regular,Clothing,Upi,38128.63,17.01,1771,0.375,0.004517221908526256,1.1776315789473684,2.0,0
5438,44.0,New,Groceries,Debit Card,10069.67,5.32,805,0.3181818181818182,0.02732919254658385,0.2567049808429119,0.7727272727272727,1
5439,36.0,Premium,Electronics,Net Banking,7930.55,35.18,986,0.4782608695652174,0.02332657200811359,0.3554817275747508,0.34782608695652173,0
5440,66.0,New,Groceries,Credit Card,32648.49,10.46,918,0.15384615384615385,0.014161220043572984,2.16,0.3076923076923077,0
5441,66.0,New,Electronics,Net Banking,654.64,25.59,568,0.3333333333333333,0.0528169014084507,4.186046511627907,0.3333333333333333,0
5442,69.0,Premium,Books,Debit Card,18700.03,8.92,624,0.8979591836734694,0.07852564102564102,0.5017921146953405,0.12244897959183673,0
5443,18.0,New,Furniture,Upi,4083.16,45.08,999,0.8695652173913043,0.04604604604604605,1.3065693430656935,0.21739130434782608,0
5444,45.0,Inactive,Books,Net Banking,19152.48,17.19,281,0.13043478260869565,0.16370106761565836,0.5497630331753555,0.06521739130434782,0
5445,65.0,Premium,Clothing,Cash,48771.08,34.5,940,0.15,0.02127659574468085,0.7235772357723578,0.4,0
5446,39.0,Regular,Books,Debit Card,36195.32,8.64,395,0.275,0.10126582278481013,4.333333333333333,0.1,0
5447,26.0,New,Electronics,Upi,49571.03,15.56,203,0.8846153846153846,0.12807881773399016,1.5178571428571428,0.23076923076923078,0
5448,69.0,Inactive,Sports,Net Banking,45933.15,3.3,1570,0.18181818181818182,0.0070063694267515925,0.2147239263803681,1.7272727272727273,0
5449,18.0,Regular,Sports,Cash,21372.8,23.56,1492,0.0,0.002680965147453083,0.2043343653250774,1.0,1
5450,62.0,Premium,Groceries,Credit Card,41830.03,43.15,1284,0.08163265306122448,0.0381619937694704,0.15873015873015872,0.02040816326530612,0
5451,25.0,Inactive,Books,Debit Card,19921.86,2.4,1228,0.058823529411764705,0.013843648208469055,0.2823529411764706,1.1764705882352942,0
5452,39.0,New,Furniture,Debit Card,35648.29,4.45,997,0.4230769230769231,0.026078234704112337,1.3689320388349515,0.7307692307692307,0
5453,61.0,Premium,Groceries,Credit Card,35448.06,26.46,727,0.0,0.0687757909215956,0.1598639455782313,0.38,0
5454,68.0,Premium,Clothing,Upi,26675.83,27.22,977,0.7222222222222222,0.01842374616171955,10.5,0.7222222222222222,0
5455,48.0,Regular,Clothing,Debit Card,28803.02,48.13,897,0.07142857142857142,0.01560758082497213,1.6705882352941177,1.2857142857142858,0
5456,33.0,Premium,Books,Cash,38674.72,17.12,1470,0.38095238095238093,0.02857142857142857,0.5491803278688525,0.3333333333333333,0
5457,61.0,Premium,Groceries,Credit Card,36489.92,13.27,364,0.3333333333333333,0.008241758241758242,0.5857740585774058,1.0,0
5458,31.0,Inactive,Clothing,Debit Card,28862.43,14.48,1105,0.8292682926829268,0.037104072398190045,0.7339055793991416,0.21951219512195122,0
5459,40.0,Inactive,Books,Credit Card,15864.27,48.53,1318,0.22916666666666666,0.036418816388467376,4.285714285714286,0.16666666666666666,0
5460,41.0,Premium,Furniture,Credit Card,29528.04,12.84,479,0.625,0.10020876826722339,0.9435897435897436,0.020833333333333332,0
5461,30.0,Premium,Clothing,Credit Card,45224.74,6.48,463,0.2,0.032397408207343416,0.3526570048309179,0.8,1
5462,64.0,Regular,Clothing,Credit Card,37119.54,47.56,1742,1.0,0.013777267508610792,1.131578947368421,0.75,0
5463,31.0,Premium,Books,Cash,41292.99,39.7,1415,0.0,0.0007067137809187279,0.7256637168141593,6.0,0
5464,47.0,Premium,Clothing,Credit Card,30787.54,10.69,1493,0.25,0.02679169457468185,0.7024390243902439,0.3,0
5465,48.0,Regular,Furniture,Net Banking,40928.31,4.36,353,0.375,0.0226628895184136,0.48520710059171596,2.25,0
5466,51.0,Premium,Furniture,Cash,10932.98,45.91,1054,0.3191489361702128,0.04459203036053131,0.024242424242424242,0.2978723404255319,0
5467,37.0,Inactive,Groceries,Cash,1039.57,1.84,207,0.13636363636363635,0.10628019323671498,0.11877394636015326,0.5,1
5468,34.0,Premium,Groceries,Net Banking,17016.6,38.48,1476,0.12121212121212122,0.022357723577235773,0.3230769230769231,0.15151515151515152,0
5469,66.0,Premium,Sports,Debit Card,43839.49,8.86,581,1.0,0.05163511187607573,1.1016949152542372,0.1,0
5470,41.0,Regular,Electronics,Cash,42371.04,13.43,101,0.2826086956521739,0.45544554455445546,0.37540453074433655,0.21739130434782608,0
5471,22.0,Regular,Groceries,Credit Card,11015.24,27.2,212,0.4375,0.22641509433962265,0.509090909090909,0.1875,0
5472,26.0,Premium,Electronics,Credit Card,48718.54,39.99,448,0.875,0.08928571428571429,0.3885542168674699,0.225,0
5473,23.0,Premium,Groceries,Cash,12629.78,27.68,1466,0.02564102564102564,0.02660300136425648,0.5955056179775281,0.1794871794871795,0
5474,27.0,Premium,Sports,Upi,8663.58,47.73,1632,0.0,0.015931372549019607,0.11320754716981132,0.5769230769230769,0
5475,55.0,Premium,Books,Credit Card,20490.95,26.52,804,0.7954545454545454,0.05472636815920398,0.3949579831932773,0.11363636363636363,0
5476,63.0,New,Clothing,Debit Card,34342.08,0.92,701,0.75,0.005706134094151213,38.5,3.75,0
5477,62.0,Inactive,Sports,Credit Card,9671.73,33.29,319,0.0,0.08463949843260188,0.2931596091205212,0.6666666666666666,0
5478,23.0,Regular,Groceries,Debit Card,3063.94,8.09,826,0.46153846153846156,0.015738498789346248,0.5701754385964912,0.46153846153846156,0
5479,45.0,Regular,Groceries,Debit Card,21596.43,31.73,1319,0.0,0.003032600454890068,0.3452914798206278,2.25,1
5480,23.0,New,Electronics,Credit Card,6416.3,30.98,1793,0.16666666666666666,0.006692693809258227,0.6343283582089553,1.25,0
5481,40.0,Regular,Clothing,Upi,5490.85,40.52,679,0.45454545454545453,0.016200294550810016,0.6006006006006006,1.5454545454545454,0
5482,18.0,New,Books,Credit Card,14614.5,18.37,977,0.6410256410256411,0.03991811668372569,0.7403314917127072,0.15384615384615385,0
5483,28.0,New,Furniture,Upi,39194.69,28.83,1825,0.8947368421052632,0.010410958904109589,0.13131313131313133,0.8947368421052632,1
5484,42.0,Inactive,Furniture,Debit Card,5348.88,20.0,668,1.0,0.0014970059880239522,0.25287356321839083,5.0,1
5485,64.0,Premium,Groceries,Credit Card,25545.48,37.34,915,1.0,0.013114754098360656,0.12385321100917432,0.6666666666666666,1
5486,68.0,Inactive,Groceries,Credit Card,23294.9,8.09,1821,0.0,0.001098297638660077,1.3507462686567164,2.0,0
5487,60.0,Premium,Electronics,Debit Card,31216.56,40.2,1263,0.9285714285714286,0.0332541567695962,38.0,0.42857142857142855,0
5488,46.0,New,Furniture,Cash,2833.91,13.13,80,0.3333333333333333,0.075,0.7894736842105263,0.5,0
5489,65.0,Regular,Electronics,Credit Card,28028.41,22.36,1602,0.47368421052631576,0.011860174781523096,1.1241379310344828,0.05263157894736842,0
5490,37.0,Premium,Clothing,Credit Card,34154.23,42.98,692,1.0,0.001445086705202312,0.4473684210526316,15.0,0
5491,62.0,Inactive,Furniture,Cash,7123.14,5.73,99,0.9090909090909091,0.1111111111111111,0.15709969788519637,1.2727272727272727,1
5492,58.0,New,Furniture,Debit Card,14456.63,0.69,53,0.4411764705882353,0.6415094339622641,0.3435754189944134,0.35294117647058826,0
5493,67.0,Regular,Groceries,Credit Card,32235.72,5.0,1601,0.72,0.03123048094940662,1.528301886792453,0.4,0
5494,50.0,Premium,Groceries,Debit Card,24771.46,42.09,1624,0.4,0.01539408866995074,0.1888111888111888,0.52,0
5495,46.0,New,Sports,Net Banking,38284.39,22.04,237,0.84,0.10548523206751055,0.6136363636363636,0.24,0
5496,42.0,Regular,Groceries,Cash,32826.34,35.3,1690,0.4,0.0029585798816568047,2.122448979591837,3.2,0
5497,41.0,Regular,Electronics,Upi,25545.48,26.11,863,0.3125,0.03707995365005794,0.8129032258064516,0.53125,0
5498,58.0,Regular,Sports,Credit Card,10598.99,16.23,1377,0.020833333333333332,0.034858387799564274,5.333333333333333,0.041666666666666664,0
5499,69.0,New,Clothing,Credit Card,6302.54,13.4,139,0.37777777777777777,0.3237410071942446,0.5789473684210527,0.044444444444444446,0
5500,23.0,Premium,Electronics,Upi,32523.94,40.61,1436,0.0,0.004178272980501393,0.2791666666666667,2.8333333333333335,1
1922,44.0,Regular,Furniture,Credit Card,3395.14,15.47,1657,0.0,0.02112251056125528,2.872611464968153,0.11428571428571428,0
1778,44.0,Regular,Groceries,Upi,21323.5,3.02,947,0.0,0.010559662090813094,1.0,1.3,0
3008,44.0,Inactive,Groceries,Credit Card,37432.49,10.36,610,0.125,0.05245901639344262,1.2356164383561643,0.59375,0
4303,44.0,Premium,Groceries,Debit Card,31549.73,29.15,411,0.9148936170212766,0.11435523114355231,0.008264462809917356,0.10638297872340426,0
